Timestamp,electricity_demand_kW,heat_demand_kW
2023-01-01 00:00:00,813.504,1464.3072
2023-01-01 01:00:00,871.104,1567.9872
2023-01-01 02:00:00,814.976,1466.9568
2023-01-01 03:00:00,871.104,1567.9872
2023-01-01 04:00:00,813.504,1464.3072
2023-01-01 05:00:00,871.104,1567.9872
2023-01-01 06:00:00,816.512,1469.7216
2023-01-01 07:00:00,874.112,1573.4016
2023-01-01 08:00:00,761.024,1369.8432
2023-01-01 09:00:00,854.08,1537.344
2023-01-01 10:00:00,1038.4,1869.12
2023-01-01 11:00:00,1092.992,1967.3856
2023-01-01 12:00:00,785.984,1414.7712
2023-01-01 13:00:00,842.112,1515.8016
2023-01-01 14:00:00,1029.376,1852.8768
2023-01-01 15:00:00,1086.976,1956.5568
2023-01-01 16:00:00,832.512,1498.5216
2023-01-01 17:00:00,851.584,1532.8512
2023-01-01 18:00:00,793.984,1429.1712
2023-01-01 19:00:00,853.12,1535.616
2023-01-01 20:00:00,795.52,1431.936
2023-01-01 21:00:00,854.592,1538.2656
2023-01-01 22:00:00,798.528,1437.3504
2023-01-01 23:00:00,857.6,1543.68
2023-01-02 00:00:00,800,1440
2023-01-02 01:00:00,859.072,1546.3296
2023-01-02 02:00:00,801.472,1442.6496
2023-01-02 03:00:00,859.072,1546.3296
2023-01-02 04:00:00,801.472,1442.6496
2023-01-02 05:00:00,859.072,1546.3296
2023-01-02 06:00:00,801.472,1442.6496
2023-01-02 07:00:00,857.6,1543.68
2023-01-02 08:00:00,748.992,1348.1856
2023-01-02 09:00:00,840.576,1513.0368
2023-01-02 10:00:00,1026.432,1847.5776
2023-01-02 11:00:00,1082.496,1948.4928
2023-01-02 12:00:00,777.024,1398.6432
2023-01-02 13:00:00,833.6,1500.48
2023-01-02 14:00:00,1023.424,1842.1632
2023-01-02 15:00:00,1082.496,1948.4928
2023-01-02 16:00:00,829.504,1493.1072
2023-01-02 17:00:00,848.576,1527.4368
2023-01-02 18:00:00,792.512,1426.5216
2023-01-02 19:00:00,851.584,1532.8512
2023-01-02 20:00:00,795.52,1431.936
2023-01-02 21:00:00,856.128,1541.0304
2023-01-02 22:00:00,798.528,1437.3504
2023-01-02 23:00:00,860.608,1549.0944
2023-01-03 00:00:00,801.472,1442.6496
2023-01-03 01:00:00,865.088,1557.1584
2023-01-03 02:00:00,801.472,1442.6496
2023-01-03 03:00:00,860.608,1549.0944
2023-01-03 04:00:00,803.008,1445.4144
2023-01-03 05:00:00,863.616,1554.5088
2023-01-03 06:00:00,809.024,1456.2432
2023-01-03 07:00:00,857.6,1543.68
2023-01-03 08:00:00,748.992,1348.1856
2023-01-03 09:00:00,805.12,1449.216
2023-01-03 10:00:00,944.384,1699.8912
2023-01-03 11:00:00,1001.984,1803.5712
2023-01-03 12:00:00,745.984,1342.7712
2023-01-03 13:00:00,803.584,1446.4512
2023-01-03 14:00:00,948.928,1708.0704
2023-01-03 15:00:00,1008,1814.4
2023-01-03 16:00:00,798.528,1437.3504
2023-01-03 17:00:00,851.584,1532.8512
2023-01-03 18:00:00,793.984,1429.1712
2023-01-03 19:00:00,851.584,1532.8512
2023-01-03 20:00:00,792.512,1426.5216
2023-01-03 21:00:00,851.584,1532.8512
2023-01-03 22:00:00,790.976,1423.7568
2023-01-03 23:00:00,848.576,1527.4368
2023-01-04 00:00:00,790.976,1423.7568
2023-01-04 01:00:00,848.576,1527.4368
2023-01-04 02:00:00,904.192,1627.5456
2023-01-04 03:00:00,848.576,1527.4368
2023-01-04 04:00:00,790.976,1423.7568
2023-01-04 05:00:00,963.136,1733.6448
2023-01-04 06:00:00,905.408,1629.7344
2023-01-04 07:00:00,965.888,1738.5984
2023-01-04 08:00:00,862.144,1551.8592
2023-01-04 09:00:00,919.744,1655.5392
2023-01-04 10:00:00,1069.184,1924.5312
2023-01-04 11:00:00,1126.784,2028.2112
2023-01-04 12:00:00,951.04,1711.872
2023-01-04 13:00:00,1012.928,1823.2704
2023-01-04 14:00:00,1153.728,2076.7104
2023-01-04 15:00:00,1219.968,2195.9424
2023-01-04 16:00:00,1011.968,1821.5424
2023-01-04 17:00:00,1069.568,1925.2224
2023-01-04 18:00:00,1011.968,1821.5424
2023-01-04 19:00:00,1065.216,1917.3888
2023-01-04 20:00:00,1011.968,1821.5424
2023-01-04 21:00:00,979.2,1762.56
2023-01-04 22:00:00,918.784,1653.8112
2023-01-04 23:00:00,964.864,1736.7552
2023-01-05 00:00:00,784,1411.2
2023-01-05 01:00:00,841.6,1514.88
2023-01-05 02:00:00,785.024,1413.0432
2023-01-05 03:00:00,844.096,1519.3728
2023-01-05 04:00:00,788.032,1418.4576
2023-01-05 05:00:00,847.104,1524.7872
2023-01-05 06:00:00,790.976,1423.7568
2023-01-05 07:00:00,850.112,1530.2016
2023-01-05 08:00:00,744.512,1340.1216
2023-01-05 09:00:00,842.112,1515.8016
2023-01-05 10:00:00,1032.384,1858.2912
2023-01-05 11:00:00,1088.512,1959.3216
2023-01-05 12:00:00,788.992,1420.1856
2023-01-05 13:00:00,842.112,1515.8016
2023-01-05 14:00:00,1033.92,1861.056
2023-01-05 15:00:00,1096,1972.8
2023-01-05 16:00:00,843.008,1517.4144
2023-01-05 17:00:00,862.08,1551.744
2023-01-05 18:00:00,806.016,1450.8288
2023-01-05 19:00:00,868.096,1562.5728
2023-01-05 20:00:00,812.032,1461.6576
2023-01-05 21:00:00,872.576,1570.6368
2023-01-05 22:00:00,816.512,1469.7216
2023-01-05 23:00:00,877.12,1578.816
2023-01-06 00:00:00,819.52,1475.136
2023-01-06 01:00:00,878.592,1581.4656
2023-01-06 02:00:00,820.992,1477.7856
2023-01-06 03:00:00,878.592,1581.4656
2023-01-06 04:00:00,820.992,1477.7856
2023-01-06 05:00:00,878.592,1581.4656
2023-01-06 06:00:00,820.992,1477.7856
2023-01-06 07:00:00,878.592,1581.4656
2023-01-06 08:00:00,774.528,1394.1504
2023-01-06 09:00:00,872.128,1569.8304
2023-01-06 10:00:00,1060.928,1909.6704
2023-01-06 11:00:00,1116.992,2010.5856
2023-01-06 12:00:00,812.992,1463.3856
2023-01-06 13:00:00,867.584,1561.6512
2023-01-06 14:00:00,1056.384,1901.4912
2023-01-06 15:00:00,1113.984,2005.1712
2023-01-06 16:00:00,859.52,1547.136
2023-01-06 17:00:00,878.592,1581.4656
2023-01-06 18:00:00,820.992,1477.7856
2023-01-06 19:00:00,880.128,1584.2304
2023-01-06 20:00:00,822.528,1480.5504
2023-01-06 21:00:00,880.128,1584.2304
2023-01-06 22:00:00,822.528,1480.5504
2023-01-06 23:00:00,886.08,1594.944
2023-01-07 00:00:00,824,1483.2
2023-01-07 01:00:00,881.6,1586.88
2023-01-07 02:00:00,822.528,1480.5504
2023-01-07 03:00:00,880.128,1584.2304
2023-01-07 04:00:00,820.992,1477.7856
2023-01-07 05:00:00,880.128,1584.2304
2023-01-07 06:00:00,820.992,1477.7856
2023-01-07 07:00:00,877.12,1578.816
2023-01-07 08:00:00,769.984,1385.9712
2023-01-07 09:00:00,866.112,1559.0016
2023-01-07 10:00:00,1051.904,1893.4272
2023-01-07 11:00:00,1110.976,1999.7568
2023-01-07 12:00:00,805.504,1449.9072
2023-01-07 13:00:00,863.104,1553.5872
2023-01-07 14:00:00,1059.392,1906.9056
2023-01-07 15:00:00,1116.992,2010.5856
2023-01-07 16:00:00,862.528,1552.5504
2023-01-07 17:00:00,883.072,1589.5296
2023-01-07 18:00:00,828.48,1491.264
2023-01-07 19:00:00,890.624,1603.1232
2023-01-07 20:00:00,834.496,1502.0928
2023-01-07 21:00:00,893.632,1608.5376
2023-01-07 22:00:00,837.504,1507.5072
2023-01-07 23:00:00,895.104,1611.1872
2023-01-08 00:00:00,838.976,1510.1568
2023-01-08 01:00:00,896.576,1613.8368
2023-01-08 02:00:00,838.976,1510.1568
2023-01-08 03:00:00,898.112,1616.6016
2023-01-08 04:00:00,838.976,1510.1568
2023-01-08 05:00:00,896.576,1613.8368
2023-01-08 06:00:00,838.976,1510.1568
2023-01-08 07:00:00,895.104,1611.1872
2023-01-08 08:00:00,785.024,1413.0432
2023-01-08 09:00:00,878.08,1580.544
2023-01-08 10:00:00,1063.872,1914.9696
2023-01-08 11:00:00,1118.528,2013.3504
2023-01-08 12:00:00,812.992,1463.3856
2023-01-08 13:00:00,869.12,1564.416
2023-01-08 14:00:00,1057.92,1904.256
2023-01-08 15:00:00,1116.992,2010.5856
2023-01-08 16:00:00,862.528,1552.5504
2023-01-08 17:00:00,883.072,1589.5296
2023-01-08 18:00:00,827.008,1488.6144
2023-01-08 19:00:00,884.608,1592.2944
2023-01-08 20:00:00,827.008,1488.6144
2023-01-08 21:00:00,886.08,1594.944
2023-01-08 22:00:00,825.472,1485.8496
2023-01-08 23:00:00,881.6,1586.88
2023-01-09 00:00:00,822.528,1480.5504
2023-01-09 01:00:00,878.592,1581.4656
2023-01-09 02:00:00,819.52,1475.136
2023-01-09 03:00:00,875.584,1576.0512
2023-01-09 04:00:00,814.976,1466.9568
2023-01-09 05:00:00,872.576,1570.6368
2023-01-09 06:00:00,812.032,1461.6576
2023-01-09 07:00:00,875.584,1576.0512
2023-01-09 08:00:00,769.984,1385.9712
2023-01-09 09:00:00,863.104,1553.5872
2023-01-09 10:00:00,1048.896,1888.0128
2023-01-09 11:00:00,1099.008,1978.2144
2023-01-09 12:00:00,795.008,1431.0144
2023-01-09 13:00:00,851.072,1531.9296
2023-01-09 14:00:00,1041.408,1874.5344
2023-01-09 15:00:00,1100.48,1980.864
2023-01-09 16:00:00,846.016,1522.8288
2023-01-09 17:00:00,863.616,1554.5088
2023-01-09 18:00:00,807.488,1453.4784
2023-01-09 19:00:00,866.624,1559.9232
2023-01-09 20:00:00,812.032,1461.6576
2023-01-09 21:00:00,871.104,1567.9872
2023-01-09 22:00:00,814.976,1466.9568
2023-01-09 23:00:00,875.584,1576.0512
2023-01-10 00:00:00,819.52,1475.136
2023-01-10 01:00:00,877.12,1578.816
2023-01-10 02:00:00,822.528,1480.5504
2023-01-10 03:00:00,881.6,1586.88
2023-01-10 04:00:00,825.472,1485.8496
2023-01-10 05:00:00,883.072,1589.5296
2023-01-10 06:00:00,827.008,1488.6144
2023-01-10 07:00:00,884.608,1592.2944
2023-01-10 08:00:00,777.472,1399.4496
2023-01-10 09:00:00,832.128,1497.8304
2023-01-10 10:00:00,971.392,1748.5056
2023-01-10 11:00:00,1027.52,1849.536
2023-01-10 12:00:00,769.984,1385.9712
2023-01-10 13:00:00,826.112,1487.0016
2023-01-10 14:00:00,965.376,1737.6768
2023-01-10 15:00:00,1024.512,1844.1216
2023-01-10 16:00:00,819.52,1475.136
2023-01-10 17:00:00,878.592,1581.4656
2023-01-10 18:00:00,822.528,1480.5504
2023-01-10 19:00:00,881.6,1586.88
2023-01-10 20:00:00,824,1483.2
2023-01-10 21:00:00,883.072,1589.5296
2023-01-10 22:00:00,827.008,1488.6144
2023-01-10 23:00:00,884.608,1592.2944
2023-01-11 00:00:00,825.472,1485.8496
2023-01-11 01:00:00,883.072,1589.5296
2023-01-11 02:00:00,824,1483.2
2023-01-11 03:00:00,881.6,1586.88
2023-01-11 04:00:00,824,1483.2
2023-01-11 05:00:00,880.128,1584.2304
2023-01-11 06:00:00,824,1483.2
2023-01-11 07:00:00,881.6,1586.88
2023-01-11 08:00:00,768.512,1383.3216
2023-01-11 09:00:00,823.104,1481.5872
2023-01-11 10:00:00,960.896,1729.6128
2023-01-11 11:00:00,1012.48,1822.464
2023-01-11 12:00:00,753.472,1356.2496
2023-01-11 13:00:00,803.584,1446.4512
2023-01-11 14:00:00,944.384,1699.8912
2023-01-11 15:00:00,1003.52,1806.336
2023-01-11 16:00:00,796.992,1434.5856
2023-01-11 17:00:00,854.592,1538.2656
2023-01-11 18:00:00,796.992,1434.5856
2023-01-11 19:00:00,854.592,1538.2656
2023-01-11 20:00:00,798.528,1437.3504
2023-01-11 21:00:00,857.6,1543.68
2023-01-11 22:00:00,798.528,1437.3504
2023-01-11 23:00:00,854.592,1538.2656
2023-01-12 00:00:00,798.528,1437.3504
2023-01-12 01:00:00,854.592,1538.2656
2023-01-12 02:00:00,795.52,1431.936
2023-01-12 03:00:00,856.128,1541.0304
2023-01-12 04:00:00,798.528,1437.3504
2023-01-12 05:00:00,854.592,1538.2656
2023-01-12 06:00:00,798.528,1437.3504
2023-01-12 07:00:00,856.128,1541.0304
2023-01-12 08:00:00,752,1353.6
2023-01-12 09:00:00,848.128,1526.6304
2023-01-12 10:00:00,1036.928,1866.4704
2023-01-12 11:00:00,1094.528,1970.1504
2023-01-12 12:00:00,788.992,1420.1856
2023-01-12 13:00:00,845.12,1521.216
2023-01-12 14:00:00,1033.92,1861.056
2023-01-12 15:00:00,1091.52,1964.736
2023-01-12 16:00:00,835.52,1503.936
2023-01-12 17:00:00,851.584,1532.8512
2023-01-12 18:00:00,793.984,1429.1712
2023-01-12 19:00:00,847.104,1524.7872
2023-01-12 20:00:00,792.512,1426.5216
2023-01-12 21:00:00,850.112,1530.2016
2023-01-12 22:00:00,793.984,1429.1712
2023-01-12 23:00:00,851.584,1532.8512
2023-01-13 00:00:00,793.984,1429.1712
2023-01-13 01:00:00,853.12,1535.616
2023-01-13 02:00:00,796.992,1434.5856
2023-01-13 03:00:00,854.592,1538.2656
2023-01-13 04:00:00,798.528,1437.3504
2023-01-13 05:00:00,860.608,1549.0944
2023-01-13 06:00:00,807.488,1453.4784
2023-01-13 07:00:00,866.624,1559.9232
2023-01-13 08:00:00,759.488,1367.0784
2023-01-13 09:00:00,858.624,1545.5232
2023-01-13 10:00:00,1047.424,1885.3632
2023-01-13 11:00:00,1105.024,1989.0432
2023-01-13 12:00:00,801.024,1441.8432
2023-01-13 13:00:00,858.624,1545.5232
2023-01-13 14:00:00,1050.432,1890.7776
2023-01-13 15:00:00,1110.976,1999.7568
2023-01-13 16:00:00,857.984,1544.3712
2023-01-13 17:00:00,877.12,1578.816
2023-01-13 18:00:00,820.992,1477.7856
2023-01-13 19:00:00,880.128,1584.2304
2023-01-13 20:00:00,825.472,1485.8496
2023-01-13 21:00:00,883.072,1589.5296
2023-01-13 22:00:00,827.008,1488.6144
2023-01-13 23:00:00,886.08,1594.944
2023-01-14 00:00:00,828.48,1491.264
2023-01-14 01:00:00,886.08,1594.944
2023-01-14 02:00:00,828.48,1491.264
2023-01-14 03:00:00,886.08,1594.944
2023-01-14 04:00:00,828.48,1491.264
2023-01-14 05:00:00,886.08,1594.944
2023-01-14 06:00:00,828.48,1491.264
2023-01-14 07:00:00,883.072,1589.5296
2023-01-14 08:00:00,777.472,1399.4496
2023-01-14 09:00:00,867.584,1561.6512
2023-01-14 10:00:00,1050.432,1890.7776
2023-01-14 11:00:00,1108.032,1994.4576
2023-01-14 12:00:00,796.48,1433.664
2023-01-14 13:00:00,854.08,1537.344
2023-01-14 14:00:00,1041.408,1874.5344
2023-01-14 15:00:00,1100.48,1980.864
2023-01-14 16:00:00,844.48,1520.064
2023-01-14 17:00:00,862.08,1551.744
2023-01-14 18:00:00,806.016,1450.8288
2023-01-14 19:00:00,863.616,1554.5088
2023-01-14 20:00:00,804.48,1448.064
2023-01-14 21:00:00,862.08,1551.744
2023-01-14 22:00:00,804.48,1448.064
2023-01-14 23:00:00,863.616,1554.5088
2023-01-15 00:00:00,807.488,1453.4784
2023-01-15 01:00:00,865.088,1557.1584
2023-01-15 02:00:00,810.496,1458.8928
2023-01-15 03:00:00,866.624,1559.9232
2023-01-15 04:00:00,807.488,1453.4784
2023-01-15 05:00:00,866.624,1559.9232
2023-01-15 06:00:00,809.024,1456.2432
2023-01-15 07:00:00,866.624,1559.9232
2023-01-15 08:00:00,761.024,1369.8432
2023-01-15 09:00:00,858.624,1545.5232
2023-01-15 10:00:00,1044.416,1879.9488
2023-01-15 11:00:00,1097.472,1975.4496
2023-01-15 12:00:00,790.528,1422.9504
2023-01-15 13:00:00,846.592,1523.8656
2023-01-15 14:00:00,1035.392,1863.7056
2023-01-15 15:00:00,1094.528,1970.1504
2023-01-15 16:00:00,841.472,1514.6496
2023-01-15 17:00:00,859.072,1546.3296
2023-01-15 18:00:00,804.48,1448.064
2023-01-15 19:00:00,863.616,1554.5088
2023-01-15 20:00:00,806.016,1450.8288
2023-01-15 21:00:00,863.616,1554.5088
2023-01-15 22:00:00,809.024,1456.2432
2023-01-15 23:00:00,866.624,1559.9232
2023-01-16 00:00:00,809.024,1456.2432
2023-01-16 01:00:00,866.624,1559.9232
2023-01-16 02:00:00,809.024,1456.2432
2023-01-16 03:00:00,865.088,1557.1584
2023-01-16 04:00:00,809.024,1456.2432
2023-01-16 05:00:00,866.624,1559.9232
2023-01-16 06:00:00,809.024,1456.2432
2023-01-16 07:00:00,863.616,1554.5088
2023-01-16 08:00:00,756.48,1361.664
2023-01-16 09:00:00,846.592,1523.8656
2023-01-16 10:00:00,1030.912,1855.6416
2023-01-16 11:00:00,1084.032,1951.2576
2023-01-16 12:00:00,780.032,1404.0576
2023-01-16 13:00:00,836.096,1504.9728
2023-01-16 14:00:00,1030.912,1855.6416
2023-01-16 15:00:00,1088.512,1959.3216
2023-01-16 16:00:00,840,1512
2023-01-16 17:00:00,862.08,1551.744
2023-01-16 18:00:00,807.488,1453.4784
2023-01-16 19:00:00,868.096,1562.5728
2023-01-16 20:00:00,813.504,1464.3072
2023-01-16 21:00:00,874.112,1573.4016
2023-01-16 22:00:00,819.52,1475.136
2023-01-16 23:00:00,878.592,1581.4656
2023-01-17 00:00:00,822.528,1480.5504
2023-01-17 01:00:00,880.128,1584.2304
2023-01-17 02:00:00,824,1483.2
2023-01-17 03:00:00,881.6,1586.88
2023-01-17 04:00:00,825.472,1485.8496
2023-01-17 05:00:00,883.072,1589.5296
2023-01-17 06:00:00,825.472,1485.8496
2023-01-17 07:00:00,881.6,1586.88
2023-01-17 08:00:00,774.528,1394.1504
2023-01-17 09:00:00,827.584,1489.6512
2023-01-17 10:00:00,965.376,1737.6768
2023-01-17 11:00:00,1021.504,1838.7072
2023-01-17 12:00:00,762.496,1372.4928
2023-01-17 13:00:00,818.624,1473.5232
2023-01-17 14:00:00,956.416,1721.5488
2023-01-17 15:00:00,1014.016,1825.2288
2023-01-17 16:00:00,809.024,1456.2432
2023-01-17 17:00:00,865.088,1557.1584
2023-01-17 18:00:00,809.024,1456.2432
2023-01-17 19:00:00,866.624,1559.9232
2023-01-17 20:00:00,810.496,1458.8928
2023-01-17 21:00:00,866.624,1559.9232
2023-01-17 22:00:00,809.024,1456.2432
2023-01-17 23:00:00,866.624,1559.9232
2023-01-18 00:00:00,809.024,1456.2432
2023-01-18 01:00:00,869.632,1565.3376
2023-01-18 02:00:00,813.504,1464.3072
2023-01-18 03:00:00,871.104,1567.9872
2023-01-18 04:00:00,807.488,1453.4784
2023-01-18 05:00:00,863.616,1554.5088
2023-01-18 06:00:00,807.488,1453.4784
2023-01-18 07:00:00,865.088,1557.1584
2023-01-18 08:00:00,756.48,1361.664
2023-01-18 09:00:00,814.08,1465.344
2023-01-18 10:00:00,951.872,1713.3696
2023-01-18 11:00:00,1006.528,1811.7504
2023-01-18 12:00:00,750.528,1350.9504
2023-01-18 13:00:00,805.12,1449.216
2023-01-18 14:00:00,945.92,1702.656
2023-01-18 15:00:00,1001.984,1803.5712
2023-01-18 16:00:00,793.984,1429.1712
2023-01-18 17:00:00,848.576,1527.4368
2023-01-18 18:00:00,792.512,1426.5216
2023-01-18 19:00:00,848.576,1527.4368
2023-01-18 20:00:00,793.984,1429.1712
2023-01-18 21:00:00,848.576,1527.4368
2023-01-18 22:00:00,792.512,1426.5216
2023-01-18 23:00:00,851.584,1532.8512
2023-01-19 00:00:00,795.52,1431.936
2023-01-19 01:00:00,853.12,1535.616
2023-01-19 02:00:00,795.52,1431.936
2023-01-19 03:00:00,853.12,1535.616
2023-01-19 04:00:00,795.52,1431.936
2023-01-19 05:00:00,854.592,1538.2656
2023-01-19 06:00:00,796.992,1434.5856
2023-01-19 07:00:00,853.12,1535.616
2023-01-19 08:00:00,745.984,1342.7712
2023-01-19 09:00:00,840.576,1513.0368
2023-01-19 10:00:00,1027.904,1850.2272
2023-01-19 11:00:00,1082.496,1948.4928
2023-01-19 12:00:00,781.504,1406.7072
2023-01-19 13:00:00,836.096,1504.9728
2023-01-19 14:00:00,1026.432,1847.5776
2023-01-19 15:00:00,1085.504,1953.9072
2023-01-19 16:00:00,829.504,1493.1072
2023-01-19 17:00:00,848.576,1527.4368
2023-01-19 18:00:00,790.976,1423.7568
2023-01-19 19:00:00,848.576,1527.4368
2023-01-19 20:00:00,792.512,1426.5216
2023-01-19 21:00:00,848.576,1527.4368
2023-01-19 22:00:00,792.512,1426.5216
2023-01-19 23:00:00,850.112,1530.2016
2023-01-20 00:00:00,792.512,1426.5216
2023-01-20 01:00:00,850.112,1530.2016
2023-01-20 02:00:00,793.984,1429.1712
2023-01-20 03:00:00,854.592,1538.2656
2023-01-20 04:00:00,798.528,1437.3504
2023-01-20 05:00:00,857.6,1543.68
2023-01-20 06:00:00,800,1440
2023-01-20 07:00:00,857.6,1543.68
2023-01-20 08:00:00,748.992,1348.1856
2023-01-20 09:00:00,843.584,1518.4512
2023-01-20 10:00:00,1029.376,1852.8768
2023-01-20 11:00:00,1084.032,1951.2576
2023-01-20 12:00:00,781.504,1406.7072
2023-01-20 13:00:00,839.104,1510.3872
2023-01-20 14:00:00,1026.432,1847.5776
2023-01-20 15:00:00,1085.504,1953.9072
2023-01-20 16:00:00,830.976,1495.7568
2023-01-20 17:00:00,850.112,1530.2016
2023-01-20 18:00:00,792.512,1426.5216
2023-01-20 19:00:00,851.584,1532.8512
2023-01-20 20:00:00,796.992,1434.5856
2023-01-20 21:00:00,857.6,1543.68
2023-01-20 22:00:00,800,1440
2023-01-20 23:00:00,859.072,1546.3296
2023-01-21 00:00:00,806.016,1450.8288
2023-01-21 01:00:00,865.088,1557.1584
2023-01-21 02:00:00,807.488,1453.4784
2023-01-21 03:00:00,866.624,1559.9232
2023-01-21 04:00:00,813.504,1464.3072
2023-01-21 05:00:00,872.576,1570.6368
2023-01-21 06:00:00,814.976,1466.9568
2023-01-21 07:00:00,871.104,1567.9872
2023-01-21 08:00:00,764.032,1375.2576
2023-01-21 09:00:00,858.624,1545.5232
2023-01-21 10:00:00,1045.888,1882.5984
2023-01-21 11:00:00,1100.48,1980.864
2023-01-21 12:00:00,792,1425.6
2023-01-21 13:00:00,849.6,1529.28
2023-01-21 14:00:00,1036.928,1866.4704
2023-01-21 15:00:00,1094.528,1970.1504
2023-01-21 16:00:00,840,1512
2023-01-21 17:00:00,856.128,1541.0304
2023-01-21 18:00:00,801.472,1442.6496
2023-01-21 19:00:00,857.6,1543.68
2023-01-21 20:00:00,800,1440
2023-01-21 21:00:00,860.608,1549.0944
2023-01-21 22:00:00,803.008,1445.4144
2023-01-21 23:00:00,859.072,1546.3296
2023-01-22 00:00:00,803.008,1445.4144
2023-01-22 01:00:00,859.072,1546.3296
2023-01-22 02:00:00,801.472,1442.6496
2023-01-22 03:00:00,859.072,1546.3296
2023-01-22 04:00:00,801.472,1442.6496
2023-01-22 05:00:00,860.608,1549.0944
2023-01-22 06:00:00,804.48,1448.064
2023-01-22 07:00:00,859.072,1546.3296
2023-01-22 08:00:00,752,1353.6
2023-01-22 09:00:00,851.072,1531.9296
2023-01-22 10:00:00,1036.928,1866.4704
2023-01-22 11:00:00,1092.992,1967.3856
2023-01-22 12:00:00,784.512,1412.1216
2023-01-22 13:00:00,842.112,1515.8016
2023-01-22 14:00:00,1029.376,1852.8768
2023-01-22 15:00:00,1086.976,1956.5568
2023-01-22 16:00:00,832.512,1498.5216
2023-01-22 17:00:00,851.584,1532.8512
2023-01-22 18:00:00,795.52,1431.936
2023-01-22 19:00:00,854.592,1538.2656
2023-01-22 20:00:00,800,1440
2023-01-22 21:00:00,859.072,1546.3296
2023-01-22 22:00:00,803.008,1445.4144
2023-01-22 23:00:00,862.08,1551.744
2023-01-23 00:00:00,806.016,1450.8288
2023-01-23 01:00:00,865.088,1557.1584
2023-01-23 02:00:00,806.016,1450.8288
2023-01-23 03:00:00,866.624,1559.9232
2023-01-23 04:00:00,810.496,1458.8928
2023-01-23 05:00:00,869.632,1565.3376
2023-01-23 06:00:00,809.024,1456.2432
2023-01-23 07:00:00,866.624,1559.9232
2023-01-23 08:00:00,756.48,1361.664
2023-01-23 09:00:00,851.072,1531.9296
2023-01-23 10:00:00,1036.928,1866.4704
2023-01-23 11:00:00,1091.52,1964.736
2023-01-23 12:00:00,784.512,1412.1216
2023-01-23 13:00:00,840.576,1513.0368
2023-01-23 14:00:00,1029.376,1852.8768
2023-01-23 15:00:00,1088.512,1959.3216
2023-01-23 16:00:00,833.984,1501.1712
2023-01-23 17:00:00,853.12,1535.616
2023-01-23 18:00:00,793.984,1429.1712
2023-01-23 19:00:00,853.12,1535.616
2023-01-23 20:00:00,795.52,1431.936
2023-01-23 21:00:00,853.12,1535.616
2023-01-23 22:00:00,796.992,1434.5856
2023-01-23 23:00:00,854.592,1538.2656
2023-01-24 00:00:00,798.528,1437.3504
2023-01-24 01:00:00,856.128,1541.0304
2023-01-24 02:00:00,801.472,1442.6496
2023-01-24 03:00:00,859.072,1546.3296
2023-01-24 04:00:00,801.472,1442.6496
2023-01-24 05:00:00,859.072,1546.3296
2023-01-24 06:00:00,801.472,1442.6496
2023-01-24 07:00:00,856.128,1541.0304
2023-01-24 08:00:00,752,1353.6
2023-01-24 09:00:00,808.128,1454.6304
2023-01-24 10:00:00,948.928,1708.0704
2023-01-24 11:00:00,1004.992,1808.9856
2023-01-24 12:00:00,747.52,1345.536
2023-01-24 13:00:00,803.584,1446.4512
2023-01-24 14:00:00,944.384,1699.8912
2023-01-24 15:00:00,1001.984,1803.5712
2023-01-24 16:00:00,793.984,1429.1712
2023-01-24 17:00:00,850.112,1530.2016
2023-01-24 18:00:00,793.984,1429.1712
2023-01-24 19:00:00,851.584,1532.8512
2023-01-24 20:00:00,795.52,1431.936
2023-01-24 21:00:00,854.592,1538.2656
2023-01-24 22:00:00,796.992,1434.5856
2023-01-24 23:00:00,854.592,1538.2656
2023-01-25 00:00:00,796.992,1434.5856
2023-01-25 01:00:00,854.592,1538.2656
2023-01-25 02:00:00,798.528,1437.3504
2023-01-25 03:00:00,857.6,1543.68
2023-01-25 04:00:00,800,1440
2023-01-25 05:00:00,859.072,1546.3296
2023-01-25 06:00:00,800,1440
2023-01-25 07:00:00,856.128,1541.0304
2023-01-25 08:00:00,747.52,1345.536
2023-01-25 09:00:00,802.112,1443.8016
2023-01-25 10:00:00,939.904,1691.8272
2023-01-25 11:00:00,996.032,1792.8576
2023-01-25 12:00:00,738.496,1329.2928
2023-01-25 13:00:00,796.096,1432.9728
2023-01-25 14:00:00,936.896,1686.4128
2023-01-25 15:00:00,996.032,1792.8576
2023-01-25 16:00:00,793.984,1429.1712
2023-01-25 17:00:00,853.12,1535.616
2023-01-25 18:00:00,796.992,1434.5856
2023-01-25 19:00:00,856.128,1541.0304
2023-01-25 20:00:00,801.472,1442.6496
2023-01-25 21:00:00,859.072,1546.3296
2023-01-25 22:00:00,804.48,1448.064
2023-01-25 23:00:00,863.616,1554.5088
2023-01-26 00:00:00,807.488,1453.4784
2023-01-26 01:00:00,866.624,1559.9232
2023-01-26 02:00:00,812.032,1461.6576
2023-01-26 03:00:00,871.104,1567.9872
2023-01-26 04:00:00,812.032,1461.6576
2023-01-26 05:00:00,874.112,1573.4016
2023-01-26 06:00:00,813.504,1464.3072
2023-01-26 07:00:00,871.104,1567.9872
2023-01-26 08:00:00,764.032,1375.2576
2023-01-26 09:00:00,861.632,1550.9376
2023-01-26 10:00:00,1050.432,1890.7776
2023-01-26 11:00:00,1108.032,1994.4576
2023-01-26 12:00:00,806.976,1452.5568
2023-01-26 13:00:00,864.576,1556.2368
2023-01-26 14:00:00,1056.384,1901.4912
2023-01-26 15:00:00,1112.512,2002.5216
2023-01-26 16:00:00,857.984,1544.3712
2023-01-26 17:00:00,869.632,1565.3376
2023-01-26 18:00:00,812.032,1461.6576
2023-01-26 19:00:00,869.632,1565.3376
2023-01-26 20:00:00,810.496,1458.8928
2023-01-26 21:00:00,869.632,1565.3376
2023-01-26 22:00:00,812.032,1461.6576
2023-01-26 23:00:00,872.576,1570.6368
2023-01-27 00:00:00,814.976,1466.9568
2023-01-27 01:00:00,872.576,1570.6368
2023-01-27 02:00:00,816.512,1469.7216
2023-01-27 03:00:00,875.584,1576.0512
2023-01-27 04:00:00,819.52,1475.136
2023-01-27 05:00:00,878.592,1581.4656
2023-01-27 06:00:00,817.984,1472.3712
2023-01-27 07:00:00,874.112,1573.4016
2023-01-27 08:00:00,769.984,1385.9712
2023-01-27 09:00:00,863.104,1553.5872
2023-01-27 10:00:00,1050.432,1890.7776
2023-01-27 11:00:00,1105.024,1989.0432
2023-01-27 12:00:00,801.024,1441.8432
2023-01-27 13:00:00,855.616,1540.1088
2023-01-27 14:00:00,1044.416,1879.9488
2023-01-27 15:00:00,1103.488,1986.2784
2023-01-27 16:00:00,847.488,1525.4784
2023-01-27 17:00:00,866.624,1559.9232
2023-01-27 18:00:00,810.496,1458.8928
2023-01-27 19:00:00,869.632,1565.3376
2023-01-27 20:00:00,814.976,1466.9568
2023-01-27 21:00:00,875.584,1576.0512
2023-01-27 22:00:00,819.52,1475.136
2023-01-27 23:00:00,878.592,1581.4656
2023-01-28 00:00:00,822.528,1480.5504
2023-01-28 01:00:00,883.072,1589.5296
2023-01-28 02:00:00,825.472,1485.8496
2023-01-28 03:00:00,884.608,1592.2944
2023-01-28 04:00:00,825.472,1485.8496
2023-01-28 05:00:00,883.072,1589.5296
2023-01-28 06:00:00,824,1483.2
2023-01-28 07:00:00,878.592,1581.4656
2023-01-28 08:00:00,771.52,1388.736
2023-01-28 09:00:00,864.576,1556.2368
2023-01-28 10:00:00,1050.432,1890.7776
2023-01-28 11:00:00,1103.488,1986.2784
2023-01-28 12:00:00,798.016,1436.4288
2023-01-28 13:00:00,852.608,1534.6944
2023-01-28 14:00:00,1038.4,1869.12
2023-01-28 15:00:00,1097.472,1975.4496
2023-01-28 16:00:00,841.472,1514.6496
2023-01-28 17:00:00,862.08,1551.744
2023-01-28 18:00:00,806.016,1450.8288
2023-01-28 19:00:00,865.088,1557.1584
2023-01-28 20:00:00,807.488,1453.4784
2023-01-28 21:00:00,869.632,1565.3376
2023-01-28 22:00:00,812.032,1461.6576
2023-01-28 23:00:00,872.576,1570.6368
2023-01-29 00:00:00,817.984,1472.3712
2023-01-29 01:00:00,881.6,1586.88
2023-01-29 02:00:00,822.528,1480.5504
2023-01-29 03:00:00,883.072,1589.5296
2023-01-29 04:00:00,824,1483.2
2023-01-29 05:00:00,880.128,1584.2304
2023-01-29 06:00:00,824,1483.2
2023-01-29 07:00:00,877.12,1578.816
2023-01-29 08:00:00,774.528,1394.1504
2023-01-29 09:00:00,864.576,1556.2368
2023-01-29 10:00:00,1047.424,1885.3632
2023-01-29 11:00:00,1102.016,1983.6288
2023-01-29 12:00:00,798.016,1436.4288
2023-01-29 13:00:00,854.08,1537.344
2023-01-29 14:00:00,1042.88,1877.184
2023-01-29 15:00:00,1100.48,1980.864
2023-01-29 16:00:00,843.008,1517.4144
2023-01-29 17:00:00,859.072,1546.3296
2023-01-29 18:00:00,801.472,1442.6496
2023-01-29 19:00:00,859.072,1546.3296
2023-01-29 20:00:00,801.472,1442.6496
2023-01-29 21:00:00,859.072,1546.3296
2023-01-29 22:00:00,801.472,1442.6496
2023-01-29 23:00:00,859.072,1546.3296
2023-01-30 00:00:00,804.48,1448.064
2023-01-30 01:00:00,862.08,1551.744
2023-01-30 02:00:00,801.472,1442.6496
2023-01-30 03:00:00,859.072,1546.3296
2023-01-30 04:00:00,800,1440
2023-01-30 05:00:00,859.072,1546.3296
2023-01-30 06:00:00,801.472,1442.6496
2023-01-30 07:00:00,860.608,1549.0944
2023-01-30 08:00:00,756.48,1361.664
2023-01-30 09:00:00,851.072,1531.9296
2023-01-30 10:00:00,1035.392,1863.7056
2023-01-30 11:00:00,1092.992,1967.3856
2023-01-30 12:00:00,787.52,1417.536
2023-01-30 13:00:00,843.584,1518.4512
2023-01-30 14:00:00,1030.912,1855.6416
2023-01-30 15:00:00,1091.52,1964.736
2023-01-30 16:00:00,840,1512
2023-01-30 17:00:00,862.08,1551.744
2023-01-30 18:00:00,809.024,1456.2432
2023-01-30 19:00:00,872.576,1570.6368
2023-01-30 20:00:00,819.52,1475.136
2023-01-30 21:00:00,878.592,1581.4656
2023-01-30 22:00:00,822.528,1480.5504
2023-01-30 23:00:00,880.128,1584.2304
2023-01-31 00:00:00,824,1483.2
2023-01-31 01:00:00,883.072,1589.5296
2023-01-31 02:00:00,827.008,1488.6144
2023-01-31 03:00:00,884.608,1592.2944
2023-01-31 04:00:00,828.48,1491.264
2023-01-31 05:00:00,886.08,1594.944
2023-01-31 06:00:00,830.016,1494.0288
2023-01-31 07:00:00,887.616,1597.7088
2023-01-31 08:00:00,779.008,1402.2144
2023-01-31 09:00:00,835.072,1503.1296
2023-01-31 10:00:00,971.392,1748.5056
2023-01-31 11:00:00,1024.512,1844.1216
2023-01-31 12:00:00,766.976,1380.5568
2023-01-31 13:00:00,821.632,1478.9376
2023-01-31 14:00:00,962.432,1732.3776
2023-01-31 15:00:00,1018.496,1833.2928
2023-01-31 16:00:00,812.032,1461.6576
2023-01-31 17:00:00,872.576,1570.6368
2023-01-31 18:00:00,814.976,1466.9568
2023-01-31 19:00:00,874.112,1573.4016
2023-01-31 20:00:00,817.984,1472.3712
2023-01-31 21:00:00,877.12,1578.816
2023-01-31 22:00:00,820.992,1477.7856
2023-01-31 23:00:00,878.592,1581.4656
2023-02-01 00:00:00,822.528,1480.5504
2023-02-01 01:00:00,878.592,1581.4656
2023-02-01 02:00:00,822.528,1480.5504
2023-02-01 03:00:00,878.592,1581.4656
2023-02-01 04:00:00,824,1483.2
2023-02-01 05:00:00,878.592,1581.4656
2023-02-01 06:00:00,820.992,1477.7856
2023-02-01 07:00:00,824.576,1484.2368
2023-02-01 08:00:00,762.496,1372.4928
2023-02-01 09:00:00,814.08,1465.344
2023-02-01 10:00:00,953.408,1716.1344
2023-02-01 11:00:00,1008,1814.4
2023-02-01 12:00:00,750.528,1350.9504
2023-02-01 13:00:00,806.592,1451.8656
2023-02-01 14:00:00,947.392,1705.3056
2023-02-01 15:00:00,1004.992,1808.9856
2023-02-01 16:00:00,748.992,1348.1856
2023-02-01 17:00:00,854.592,1538.2656
2023-02-01 18:00:00,796.992,1434.5856
2023-02-01 19:00:00,854.592,1538.2656
2023-02-01 20:00:00,798.528,1437.3504
2023-02-01 21:00:00,856.128,1541.0304
2023-02-01 22:00:00,804.48,1448.064
2023-02-01 23:00:00,859.072,1546.3296
2023-02-02 00:00:00,798.528,1437.3504
2023-02-02 01:00:00,859.072,1546.3296
2023-02-02 02:00:00,801.472,1442.6496
2023-02-02 03:00:00,857.6,1543.68
2023-02-02 04:00:00,798.528,1437.3504
2023-02-02 05:00:00,856.128,1541.0304
2023-02-02 06:00:00,801.472,1442.6496
2023-02-02 07:00:00,814.08,1465.344
2023-02-02 08:00:00,756.48,1361.664
2023-02-02 09:00:00,854.08,1537.344
2023-02-02 10:00:00,1042.88,1877.184
2023-02-02 11:00:00,1103.488,1986.2784
2023-02-02 12:00:00,801.024,1441.8432
2023-02-02 13:00:00,858.624,1545.5232
2023-02-02 14:00:00,1050.432,1890.7776
2023-02-02 15:00:00,1108.032,1994.4576
2023-02-02 16:00:00,804.032,1447.2576
2023-02-02 17:00:00,869.632,1565.3376
2023-02-02 18:00:00,816.512,1469.7216
2023-02-02 19:00:00,877.12,1578.816
2023-02-02 20:00:00,824,1483.2
2023-02-02 21:00:00,884.608,1592.2944
2023-02-02 22:00:00,828.48,1491.264
2023-02-02 23:00:00,886.08,1594.944
2023-02-03 00:00:00,828.48,1491.264
2023-02-03 01:00:00,886.08,1594.944
2023-02-03 02:00:00,828.48,1491.264
2023-02-03 03:00:00,886.08,1594.944
2023-02-03 04:00:00,828.48,1491.264
2023-02-03 05:00:00,886.08,1594.944
2023-02-03 06:00:00,828.48,1491.264
2023-02-03 07:00:00,835.072,1503.1296
2023-02-03 08:00:00,776,1396.8
2023-02-03 09:00:00,872.128,1569.8304
2023-02-03 10:00:00,1059.392,1906.9056
2023-02-03 11:00:00,1113.984,2005.1712
2023-02-03 12:00:00,806.976,1452.5568
2023-02-03 13:00:00,863.104,1553.5872
2023-02-03 14:00:00,1051.904,1893.4272
2023-02-03 15:00:00,1109.504,1997.1072
2023-02-03 16:00:00,805.504,1449.9072
2023-02-03 17:00:00,872.576,1570.6368
2023-02-03 18:00:00,816.512,1469.7216
2023-02-03 19:00:00,877.12,1578.816
2023-02-03 20:00:00,820.992,1477.7856
2023-02-03 21:00:00,878.592,1581.4656
2023-02-03 22:00:00,819.52,1475.136
2023-02-03 23:00:00,875.584,1576.0512
2023-02-04 00:00:00,820.992,1477.7856
2023-02-04 01:00:00,877.12,1578.816
2023-02-04 02:00:00,819.52,1475.136
2023-02-04 03:00:00,875.584,1576.0512
2023-02-04 04:00:00,816.512,1469.7216
2023-02-04 05:00:00,874.112,1573.4016
2023-02-04 06:00:00,814.976,1466.9568
2023-02-04 07:00:00,821.632,1478.9376
2023-02-04 08:00:00,761.024,1369.8432
2023-02-04 09:00:00,854.08,1537.344
2023-02-04 10:00:00,1039.872,1871.7696
2023-02-04 11:00:00,1096,1972.8
2023-02-04 12:00:00,790.528,1422.9504
2023-02-04 13:00:00,845.12,1521.216
2023-02-04 14:00:00,1032.384,1858.2912
2023-02-04 15:00:00,1086.976,1956.5568
2023-02-04 16:00:00,784.512,1412.1216
2023-02-04 17:00:00,851.584,1532.8512
2023-02-04 18:00:00,793.984,1429.1712
2023-02-04 19:00:00,850.112,1530.2016
2023-02-04 20:00:00,793.984,1429.1712
2023-02-04 21:00:00,848.576,1527.4368
2023-02-04 22:00:00,792.512,1426.5216
2023-02-04 23:00:00,851.584,1532.8512
2023-02-05 00:00:00,793.984,1429.1712
2023-02-05 01:00:00,853.12,1535.616
2023-02-05 02:00:00,795.52,1431.936
2023-02-05 03:00:00,853.12,1535.616
2023-02-05 04:00:00,795.52,1431.936
2023-02-05 05:00:00,853.12,1535.616
2023-02-05 06:00:00,800,1440
2023-02-05 07:00:00,812.608,1462.6944
2023-02-05 08:00:00,758.016,1364.4288
2023-02-05 09:00:00,857.088,1542.7584
2023-02-05 10:00:00,1045.888,1882.5984
2023-02-05 11:00:00,1103.488,1986.2784
2023-02-05 12:00:00,799.488,1439.0784
2023-02-05 13:00:00,851.072,1531.9296
2023-02-05 14:00:00,1039.872,1871.7696
2023-02-05 15:00:00,1102.016,1983.6288
2023-02-05 16:00:00,802.496,1444.4928
2023-02-05 17:00:00,874.112,1573.4016
2023-02-05 18:00:00,820.992,1477.7856
2023-02-05 19:00:00,880.128,1584.2304
2023-02-05 20:00:00,825.472,1485.8496
2023-02-05 21:00:00,884.608,1592.2944
2023-02-05 22:00:00,828.48,1491.264
2023-02-05 23:00:00,887.616,1597.7088
2023-02-06 00:00:00,831.488,1496.6784
2023-02-06 01:00:00,890.624,1603.1232
2023-02-06 02:00:00,833.024,1499.4432
2023-02-06 03:00:00,892.096,1605.7728
2023-02-06 04:00:00,834.496,1502.0928
2023-02-06 05:00:00,892.096,1605.7728
2023-02-06 06:00:00,836.032,1504.8576
2023-02-06 07:00:00,842.624,1516.7232
2023-02-06 08:00:00,780.48,1404.864
2023-02-06 09:00:00,875.072,1575.1296
2023-02-06 10:00:00,1060.928,1909.6704
2023-02-06 11:00:00,1116.992,2010.5856
2023-02-06 12:00:00,809.984,1457.9712
2023-02-06 13:00:00,864.576,1556.2368
2023-02-06 14:00:00,1048.896,1888.0128
2023-02-06 15:00:00,1105.024,1989.0432
2023-02-06 16:00:00,802.496,1444.4928
2023-02-06 17:00:00,868.096,1562.5728
2023-02-06 18:00:00,810.496,1458.8928
2023-02-06 19:00:00,869.632,1565.3376
2023-02-06 20:00:00,812.032,1461.6576
2023-02-06 21:00:00,872.576,1570.6368
2023-02-06 22:00:00,820.992,1477.7856
2023-02-06 23:00:00,877.12,1578.816
2023-02-07 00:00:00,820.992,1477.7856
2023-02-07 01:00:00,877.12,1578.816
2023-02-07 02:00:00,817.984,1472.3712
2023-02-07 03:00:00,871.104,1567.9872
2023-02-07 04:00:00,813.504,1464.3072
2023-02-07 05:00:00,869.632,1565.3376
2023-02-07 06:00:00,813.504,1464.3072
2023-02-07 07:00:00,818.624,1473.5232
2023-02-07 08:00:00,759.488,1367.0784
2023-02-07 09:00:00,815.616,1468.1088
2023-02-07 10:00:00,954.88,1718.784
2023-02-07 11:00:00,1012.48,1822.464
2023-02-07 12:00:00,752,1353.6
2023-02-07 13:00:00,806.592,1451.8656
2023-02-07 14:00:00,945.92,1702.656
2023-02-07 15:00:00,1003.52,1806.336
2023-02-07 16:00:00,747.52,1345.536
2023-02-07 17:00:00,853.12,1535.616
2023-02-07 18:00:00,795.52,1431.936
2023-02-07 19:00:00,856.128,1541.0304
2023-02-07 20:00:00,798.528,1437.3504
2023-02-07 21:00:00,854.592,1538.2656
2023-02-07 22:00:00,796.992,1434.5856
2023-02-07 23:00:00,854.592,1538.2656
2023-02-08 00:00:00,798.528,1437.3504
2023-02-08 01:00:00,857.6,1543.68
2023-02-08 02:00:00,800,1440
2023-02-08 03:00:00,857.6,1543.68
2023-02-08 04:00:00,801.472,1442.6496
2023-02-08 05:00:00,857.6,1543.68
2023-02-08 06:00:00,800,1440
2023-02-08 07:00:00,811.072,1459.9296
2023-02-08 08:00:00,750.528,1350.9504
2023-02-08 09:00:00,806.592,1451.8656
2023-02-08 10:00:00,945.92,1702.656
2023-02-08 11:00:00,1003.52,1806.336
2023-02-08 12:00:00,748.992,1348.1856
2023-02-08 13:00:00,806.592,1451.8656
2023-02-08 14:00:00,947.392,1705.3056
2023-02-08 15:00:00,1003.52,1806.336
2023-02-08 16:00:00,750.528,1350.9504
2023-02-08 17:00:00,854.592,1538.2656
2023-02-08 18:00:00,796.992,1434.5856
2023-02-08 19:00:00,853.12,1535.616
2023-02-08 20:00:00,796.992,1434.5856
2023-02-08 21:00:00,856.128,1541.0304
2023-02-08 22:00:00,801.472,1442.6496
2023-02-08 23:00:00,860.608,1549.0944
2023-02-09 00:00:00,804.48,1448.064
2023-02-09 01:00:00,863.616,1554.5088
2023-02-09 02:00:00,807.488,1453.4784
2023-02-09 03:00:00,865.088,1557.1584
2023-02-09 04:00:00,809.024,1456.2432
2023-02-09 05:00:00,866.624,1559.9232
2023-02-09 06:00:00,809.024,1456.2432
2023-02-09 07:00:00,818.624,1473.5232
2023-02-09 08:00:00,761.024,1369.8432
2023-02-09 09:00:00,858.624,1545.5232
2023-02-09 10:00:00,1047.424,1885.3632
2023-02-09 11:00:00,1105.024,1989.0432
2023-02-09 12:00:00,802.496,1444.4928
2023-02-09 13:00:00,860.096,1548.1728
2023-02-09 14:00:00,1048.896,1888.0128
2023-02-09 15:00:00,1106.496,1991.6928
2023-02-09 16:00:00,801.024,1441.8432
2023-02-09 17:00:00,866.624,1559.9232
2023-02-09 18:00:00,810.496,1458.8928
2023-02-09 19:00:00,866.624,1559.9232
2023-02-09 20:00:00,809.024,1456.2432
2023-02-09 21:00:00,866.624,1559.9232
2023-02-09 22:00:00,809.024,1456.2432
2023-02-09 23:00:00,868.096,1562.5728
2023-02-10 00:00:00,810.496,1458.8928
2023-02-10 01:00:00,868.096,1562.5728
2023-02-10 02:00:00,812.032,1461.6576
2023-02-10 03:00:00,869.632,1565.3376
2023-02-10 04:00:00,812.032,1461.6576
2023-02-10 05:00:00,868.096,1562.5728
2023-02-10 06:00:00,810.496,1458.8928
2023-02-10 07:00:00,818.624,1473.5232
2023-02-10 08:00:00,761.024,1369.8432
2023-02-10 09:00:00,855.616,1540.1088
2023-02-10 10:00:00,1042.88,1877.184
2023-02-10 11:00:00,1099.008,1978.2144
2023-02-10 12:00:00,792,1425.6
2023-02-10 13:00:00,845.12,1521.216
2023-02-10 14:00:00,1032.384,1858.2912
2023-02-10 15:00:00,1089.984,1961.9712
2023-02-10 16:00:00,785.984,1414.7712
2023-02-10 17:00:00,853.12,1535.616
2023-02-10 18:00:00,798.528,1437.3504
2023-02-10 19:00:00,857.6,1543.68
2023-02-10 20:00:00,803.008,1445.4144
2023-02-10 21:00:00,862.08,1551.744
2023-02-10 22:00:00,809.024,1456.2432
2023-02-10 23:00:00,865.088,1557.1584
2023-02-11 00:00:00,809.024,1456.2432
2023-02-11 01:00:00,869.632,1565.3376
2023-02-11 02:00:00,812.032,1461.6576
2023-02-11 03:00:00,872.576,1570.6368
2023-02-11 04:00:00,814.976,1466.9568
2023-02-11 05:00:00,874.112,1573.4016
2023-02-11 06:00:00,816.512,1469.7216
2023-02-11 07:00:00,826.112,1487.0016
2023-02-11 08:00:00,766.976,1380.5568
2023-02-11 09:00:00,861.632,1550.9376
2023-02-11 10:00:00,1048.896,1888.0128
2023-02-11 11:00:00,1105.024,1989.0432
2023-02-11 12:00:00,798.016,1436.4288
2023-02-11 13:00:00,852.608,1534.6944
2023-02-11 14:00:00,1039.872,1871.7696
2023-02-11 15:00:00,1096,1972.8
2023-02-11 16:00:00,793.472,1428.2496
2023-02-11 17:00:00,860.608,1549.0944
2023-02-11 18:00:00,804.48,1448.064
2023-02-11 19:00:00,863.616,1554.5088
2023-02-11 20:00:00,807.488,1453.4784
2023-02-11 21:00:00,866.624,1559.9232
2023-02-11 22:00:00,809.024,1456.2432
2023-02-11 23:00:00,866.624,1559.9232
2023-02-12 00:00:00,809.024,1456.2432
2023-02-12 01:00:00,865.088,1557.1584
2023-02-12 02:00:00,809.024,1456.2432
2023-02-12 03:00:00,865.088,1557.1584
2023-02-12 04:00:00,807.488,1453.4784
2023-02-12 05:00:00,863.616,1554.5088
2023-02-12 06:00:00,806.016,1450.8288
2023-02-12 07:00:00,815.616,1468.1088
2023-02-12 08:00:00,756.48,1361.664
2023-02-12 09:00:00,851.072,1531.9296
2023-02-12 10:00:00,1036.928,1866.4704
2023-02-12 11:00:00,1091.52,1964.736
2023-02-12 12:00:00,787.52,1417.536
2023-02-12 13:00:00,840.576,1513.0368
2023-02-12 14:00:00,1030.912,1855.6416
2023-02-12 15:00:00,1089.984,1961.9712
2023-02-12 16:00:00,788.992,1420.1856
2023-02-12 17:00:00,856.128,1541.0304
2023-02-12 18:00:00,800,1440
2023-02-12 19:00:00,863.616,1554.5088
2023-02-12 20:00:00,810.496,1458.8928
2023-02-12 21:00:00,871.104,1567.9872
2023-02-12 22:00:00,819.52,1475.136
2023-02-12 23:00:00,884.608,1592.2944
2023-02-13 00:00:00,830.016,1494.0288
2023-02-13 01:00:00,890.624,1603.1232
2023-02-13 02:00:00,834.496,1502.0928
2023-02-13 03:00:00,893.632,1608.5376
2023-02-13 04:00:00,837.504,1507.5072
2023-02-13 05:00:00,896.576,1613.8368
2023-02-13 06:00:00,838.976,1510.1568
2023-02-13 07:00:00,847.104,1524.7872
2023-02-13 08:00:00,786.496,1415.6928
2023-02-13 09:00:00,881.088,1585.9584
2023-02-13 10:00:00,1066.88,1920.384
2023-02-13 11:00:00,1120,2016
2023-02-13 12:00:00,812.992,1463.3856
2023-02-13 13:00:00,870.592,1567.0656
2023-02-13 14:00:00,1057.92,1904.256
2023-02-13 15:00:00,1113.984,2005.1712
2023-02-13 16:00:00,811.52,1460.736
2023-02-13 17:00:00,878.592,1581.4656
2023-02-13 18:00:00,820.992,1477.7856
2023-02-13 19:00:00,881.6,1586.88
2023-02-13 20:00:00,824,1483.2
2023-02-13 21:00:00,881.6,1586.88
2023-02-13 22:00:00,825.472,1485.8496
2023-02-13 23:00:00,883.072,1589.5296
2023-02-14 00:00:00,827.008,1488.6144
2023-02-14 01:00:00,884.608,1592.2944
2023-02-14 02:00:00,827.008,1488.6144
2023-02-14 03:00:00,884.608,1592.2944
2023-02-14 04:00:00,825.472,1485.8496
2023-02-14 05:00:00,880.128,1584.2304
2023-02-14 06:00:00,820.992,1477.7856
2023-02-14 07:00:00,827.584,1489.6512
2023-02-14 08:00:00,766.976,1380.5568
2023-02-14 09:00:00,821.632,1478.9376
2023-02-14 10:00:00,959.424,1726.9632
2023-02-14 11:00:00,1015.488,1827.8784
2023-02-14 12:00:00,758.016,1364.4288
2023-02-14 13:00:00,814.08,1465.344
2023-02-14 14:00:00,957.888,1724.1984
2023-02-14 15:00:00,1015.488,1827.8784
2023-02-14 16:00:00,759.488,1367.0784
2023-02-14 17:00:00,865.088,1557.1584
2023-02-14 18:00:00,807.488,1453.4784
2023-02-14 19:00:00,863.616,1554.5088
2023-02-14 20:00:00,807.488,1453.4784
2023-02-14 21:00:00,865.088,1557.1584
2023-02-14 22:00:00,807.488,1453.4784
2023-02-14 23:00:00,869.632,1565.3376
2023-02-15 00:00:00,812.032,1461.6576
2023-02-15 01:00:00,878.592,1581.4656
2023-02-15 02:00:00,824,1483.2
2023-02-15 03:00:00,883.072,1589.5296
2023-02-15 04:00:00,828.48,1491.264
2023-02-15 05:00:00,887.616,1597.7088
2023-02-15 06:00:00,830.016,1494.0288
2023-02-15 07:00:00,839.616,1511.3088
2023-02-15 08:00:00,779.008,1402.2144
2023-02-15 09:00:00,833.6,1500.48
2023-02-15 10:00:00,972.928,1751.2704
2023-02-15 11:00:00,1030.528,1854.9504
2023-02-15 12:00:00,772.992,1391.3856
2023-02-15 13:00:00,832.128,1497.8304
2023-02-15 14:00:00,972.928,1751.2704
2023-02-15 15:00:00,1032,1857.6
2023-02-15 16:00:00,780.48,1404.864
2023-02-15 17:00:00,889.088,1600.3584
2023-02-15 18:00:00,836.032,1504.8576
2023-02-15 19:00:00,896.576,1613.8368
2023-02-15 20:00:00,841.984,1515.5712
2023-02-15 21:00:00,901.12,1622.016
2023-02-15 22:00:00,843.52,1518.336
2023-02-15 23:00:00,902.592,1624.6656
2023-02-16 00:00:00,844.992,1520.9856
2023-02-16 01:00:00,902.592,1624.6656
2023-02-16 02:00:00,844.992,1520.9856
2023-02-16 03:00:00,904.128,1627.4304
2023-02-16 04:00:00,846.528,1523.7504
2023-02-16 05:00:00,904.128,1627.4304
2023-02-16 06:00:00,846.528,1523.7504
2023-02-16 07:00:00,853.12,1535.616
2023-02-16 08:00:00,792.512,1426.5216
2023-02-16 09:00:00,884.096,1591.3728
2023-02-16 10:00:00,1068.416,1923.1488
2023-02-16 11:00:00,1121.472,2018.6496
2023-02-16 12:00:00,812.992,1463.3856
2023-02-16 13:00:00,869.12,1564.416
2023-02-16 14:00:00,1057.92,1904.256
2023-02-16 15:00:00,1115.52,2007.936
2023-02-16 16:00:00,811.52,1460.736
2023-02-16 17:00:00,878.592,1581.4656
2023-02-16 18:00:00,819.52,1475.136
2023-02-16 19:00:00,878.592,1581.4656
2023-02-16 20:00:00,820.992,1477.7856
2023-02-16 21:00:00,878.592,1581.4656
2023-02-16 22:00:00,820.992,1477.7856
2023-02-16 23:00:00,878.592,1581.4656
2023-02-17 00:00:00,820.992,1477.7856
2023-02-17 01:00:00,881.6,1586.88
2023-02-17 02:00:00,822.528,1480.5504
2023-02-17 03:00:00,886.08,1594.944
2023-02-17 04:00:00,828.48,1491.264
2023-02-17 05:00:00,886.08,1594.944
2023-02-17 06:00:00,828.48,1491.264
2023-02-17 07:00:00,839.616,1511.3088
2023-02-17 08:00:00,780.48,1404.864
2023-02-17 09:00:00,875.072,1575.1296
2023-02-17 10:00:00,1062.4,1912.32
2023-02-17 11:00:00,1116.992,2010.5856
2023-02-17 12:00:00,808.512,1455.3216
2023-02-17 13:00:00,861.632,1550.9376
2023-02-17 14:00:00,1048.896,1888.0128
2023-02-17 15:00:00,1105.024,1989.0432
2023-02-17 16:00:00,802.496,1444.4928
2023-02-17 17:00:00,869.632,1565.3376
2023-02-17 18:00:00,813.504,1464.3072
2023-02-17 19:00:00,871.104,1567.9872
2023-02-17 20:00:00,814.976,1466.9568
2023-02-17 21:00:00,874.112,1573.4016
2023-02-17 22:00:00,817.984,1472.3712
2023-02-17 23:00:00,875.584,1576.0512
2023-02-18 00:00:00,822.528,1480.5504
2023-02-18 01:00:00,880.128,1584.2304
2023-02-18 02:00:00,822.528,1480.5504
2023-02-18 03:00:00,886.08,1594.944
2023-02-18 04:00:00,822.528,1480.5504
2023-02-18 05:00:00,884.608,1592.2944
2023-02-18 06:00:00,833.024,1499.4432
2023-02-18 07:00:00,832.128,1497.8304
2023-02-18 08:00:00,772.992,1391.3856
2023-02-18 09:00:00,867.584,1561.6512
2023-02-18 10:00:00,1050.432,1890.7776
2023-02-18 11:00:00,1105.024,1989.0432
2023-02-18 12:00:00,798.016,1436.4288
2023-02-18 13:00:00,854.08,1537.344
2023-02-18 14:00:00,1042.88,1877.184
2023-02-18 15:00:00,1102.016,1983.6288
2023-02-18 16:00:00,798.016,1436.4288
2023-02-18 17:00:00,863.616,1554.5088
2023-02-18 18:00:00,806.016,1450.8288
2023-02-18 19:00:00,865.088,1557.1584
2023-02-18 20:00:00,810.496,1458.8928
2023-02-18 21:00:00,868.096,1562.5728
2023-02-18 22:00:00,810.496,1458.8928
2023-02-18 23:00:00,869.632,1565.3376
2023-02-19 00:00:00,814.976,1466.9568
2023-02-19 01:00:00,875.584,1576.0512
2023-02-19 02:00:00,820.992,1477.7856
2023-02-19 03:00:00,880.128,1584.2304
2023-02-19 04:00:00,825.472,1485.8496
2023-02-19 05:00:00,884.608,1592.2944
2023-02-19 06:00:00,828.48,1491.264
2023-02-19 07:00:00,838.08,1508.544
2023-02-19 08:00:00,779.008,1402.2144
2023-02-19 09:00:00,873.6,1572.48
2023-02-19 10:00:00,1057.92,1904.256
2023-02-19 11:00:00,1113.984,2005.1712
2023-02-19 12:00:00,808.512,1455.3216
2023-02-19 13:00:00,867.584,1561.6512
2023-02-19 14:00:00,1056.384,1901.4912
2023-02-19 15:00:00,1115.52,2007.936
2023-02-19 16:00:00,816,1468.8
2023-02-19 17:00:00,884.608,1592.2944
2023-02-19 18:00:00,828.48,1491.264
2023-02-19 19:00:00,887.616,1597.7088
2023-02-19 20:00:00,831.488,1496.6784
2023-02-19 21:00:00,892.096,1605.7728
2023-02-19 22:00:00,836.032,1504.8576
2023-02-19 23:00:00,896.576,1613.8368
2023-02-20 00:00:00,841.984,1515.5712
2023-02-20 01:00:00,901.12,1622.016
2023-02-20 02:00:00,844.992,1520.9856
2023-02-20 03:00:00,904.128,1627.4304
2023-02-20 04:00:00,846.528,1523.7504
2023-02-20 05:00:00,905.6,1630.08
2023-02-20 06:00:00,848,1526.4
2023-02-20 07:00:00,856.128,1541.0304
2023-02-20 08:00:00,795.52,1431.936
2023-02-20 09:00:00,890.112,1602.2016
2023-02-20 10:00:00,1074.432,1933.9776
2023-02-20 11:00:00,1126.016,2026.8288
2023-02-20 12:00:00,817.472,1471.4496
2023-02-20 13:00:00,872.128,1569.8304
2023-02-20 14:00:00,1057.92,1904.256
2023-02-20 15:00:00,1116.992,2010.5856
2023-02-20 16:00:00,812.992,1463.3856
2023-02-20 17:00:00,881.6,1586.88
2023-02-20 18:00:00,825.472,1485.8496
2023-02-20 19:00:00,884.608,1592.2944
2023-02-20 20:00:00,828.48,1491.264
2023-02-20 21:00:00,887.616,1597.7088
2023-02-20 22:00:00,831.488,1496.6784
2023-02-20 23:00:00,892.096,1605.7728
2023-02-21 00:00:00,836.032,1504.8576
2023-02-21 01:00:00,892.096,1605.7728
2023-02-21 02:00:00,834.496,1502.0928
2023-02-21 03:00:00,892.096,1605.7728
2023-02-21 04:00:00,833.024,1499.4432
2023-02-21 05:00:00,890.624,1603.1232
2023-02-21 06:00:00,836.032,1504.8576
2023-02-21 07:00:00,839.616,1511.3088
2023-02-21 08:00:00,771.52,1388.736
2023-02-21 09:00:00,827.584,1489.6512
2023-02-21 10:00:00,965.376,1737.6768
2023-02-21 11:00:00,1021.504,1838.7072
2023-02-21 12:00:00,762.496,1372.4928
2023-02-21 13:00:00,818.624,1473.5232
2023-02-21 14:00:00,962.432,1732.3776
2023-02-21 15:00:00,1017.024,1830.6432
2023-02-21 16:00:00,762.496,1372.4928
2023-02-21 17:00:00,866.624,1559.9232
2023-02-21 18:00:00,809.024,1456.2432
2023-02-21 19:00:00,866.624,1559.9232
2023-02-21 20:00:00,807.488,1453.4784
2023-02-21 21:00:00,865.088,1557.1584
2023-02-21 22:00:00,804.48,1448.064
2023-02-21 23:00:00,859.072,1546.3296
2023-02-22 00:00:00,801.472,1442.6496
2023-02-22 01:00:00,859.072,1546.3296
2023-02-22 02:00:00,801.472,1442.6496
2023-02-22 03:00:00,859.072,1546.3296
2023-02-22 04:00:00,801.472,1442.6496
2023-02-22 05:00:00,859.072,1546.3296
2023-02-22 06:00:00,804.48,1448.064
2023-02-22 07:00:00,811.072,1459.9296
2023-02-22 08:00:00,753.472,1356.2496
2023-02-22 09:00:00,809.6,1457.28
2023-02-22 10:00:00,945.92,1702.656
2023-02-22 11:00:00,1001.984,1803.5712
2023-02-22 12:00:00,741.504,1334.7072
2023-02-22 13:00:00,800.576,1441.0368
2023-02-22 14:00:00,938.432,1689.1776
2023-02-22 15:00:00,994.496,1790.0928
2023-02-22 16:00:00,740.032,1332.0576
2023-02-22 17:00:00,847.104,1524.7872
2023-02-22 18:00:00,790.976,1423.7568
2023-02-22 19:00:00,851.584,1532.8512
2023-02-22 20:00:00,792.512,1426.5216
2023-02-22 21:00:00,851.584,1532.8512
2023-02-22 22:00:00,793.984,1429.1712
2023-02-22 23:00:00,853.12,1535.616
2023-02-23 00:00:00,795.52,1431.936
2023-02-23 01:00:00,854.592,1538.2656
2023-02-23 02:00:00,798.528,1437.3504
2023-02-23 03:00:00,857.6,1543.68
2023-02-23 04:00:00,800,1440
2023-02-23 05:00:00,859.072,1546.3296
2023-02-23 06:00:00,809.024,1456.2432
2023-02-23 07:00:00,824.576,1484.2368
2023-02-23 08:00:00,768.512,1383.3216
2023-02-23 09:00:00,867.584,1561.6512
2023-02-23 10:00:00,1056.384,1901.4912
2023-02-23 11:00:00,1110.976,1999.7568
2023-02-23 12:00:00,806.976,1452.5568
2023-02-23 13:00:00,863.104,1553.5872
2023-02-23 14:00:00,1051.904,1893.4272
2023-02-23 15:00:00,1112.512,2002.5216
2023-02-23 16:00:00,812.992,1463.3856
2023-02-23 17:00:00,881.6,1586.88
2023-02-23 18:00:00,827.008,1488.6144
2023-02-23 19:00:00,887.616,1597.7088
2023-02-23 20:00:00,833.024,1499.4432
2023-02-23 21:00:00,892.096,1605.7728
2023-02-23 22:00:00,837.504,1507.5072
2023-02-23 23:00:00,896.576,1613.8368
2023-02-24 00:00:00,838.976,1510.1568
2023-02-24 01:00:00,898.112,1616.6016
2023-02-24 02:00:00,840.512,1512.9216
2023-02-24 03:00:00,899.584,1619.2512
2023-02-24 04:00:00,841.984,1515.5712
2023-02-24 05:00:00,899.584,1619.2512
2023-02-24 06:00:00,841.984,1515.5712
2023-02-24 07:00:00,847.104,1524.7872
2023-02-24 08:00:00,786.496,1415.6928
2023-02-24 09:00:00,881.088,1585.9584
2023-02-24 10:00:00,1068.416,1923.1488
2023-02-24 11:00:00,1121.472,2018.6496
2023-02-24 12:00:00,814.528,1466.1504
2023-02-24 13:00:00,870.592,1567.0656
2023-02-24 14:00:00,1057.92,1904.256
2023-02-24 15:00:00,1113.984,2005.1712
2023-02-24 16:00:00,808.512,1455.3216
2023-02-24 17:00:00,874.112,1573.4016
2023-02-24 18:00:00,817.984,1472.3712
2023-02-24 19:00:00,875.584,1576.0512
2023-02-24 20:00:00,817.984,1472.3712
2023-02-24 21:00:00,875.584,1576.0512
2023-02-24 22:00:00,820.992,1477.7856
2023-02-24 23:00:00,877.12,1578.816
2023-02-25 00:00:00,819.52,1475.136
2023-02-25 01:00:00,877.12,1578.816
2023-02-25 02:00:00,820.992,1477.7856
2023-02-25 03:00:00,880.128,1584.2304
2023-02-25 04:00:00,824,1483.2
2023-02-25 05:00:00,886.08,1594.944
2023-02-25 06:00:00,828.48,1491.264
2023-02-25 07:00:00,829.12,1492.416
2023-02-25 08:00:00,762.496,1372.4928
2023-02-25 09:00:00,852.608,1534.6944
2023-02-25 10:00:00,1038.4,1869.12
2023-02-25 11:00:00,1094.528,1970.1504
2023-02-25 12:00:00,788.992,1420.1856
2023-02-25 13:00:00,845.12,1521.216
2023-02-25 14:00:00,1033.92,1861.056
2023-02-25 15:00:00,1091.52,1964.736
2023-02-25 16:00:00,787.52,1417.536
2023-02-25 17:00:00,854.592,1538.2656
2023-02-25 18:00:00,798.528,1437.3504
2023-02-25 19:00:00,859.072,1546.3296
2023-02-25 20:00:00,801.472,1442.6496
2023-02-25 21:00:00,859.072,1546.3296
2023-02-25 22:00:00,806.016,1450.8288
2023-02-25 23:00:00,863.616,1554.5088
2023-02-26 00:00:00,807.488,1453.4784
2023-02-26 01:00:00,866.624,1559.9232
2023-02-26 02:00:00,810.496,1458.8928
2023-02-26 03:00:00,871.104,1567.9872
2023-02-26 04:00:00,816.512,1469.7216
2023-02-26 05:00:00,874.112,1573.4016
2023-02-26 06:00:00,817.984,1472.3712
2023-02-26 07:00:00,827.584,1489.6512
2023-02-26 08:00:00,771.52,1388.736
2023-02-26 09:00:00,867.584,1561.6512
2023-02-26 10:00:00,1054.912,1898.8416
2023-02-26 11:00:00,1110.976,1999.7568
2023-02-26 12:00:00,805.504,1449.9072
2023-02-26 13:00:00,863.104,1553.5872
2023-02-26 14:00:00,1050.432,1890.7776
2023-02-26 15:00:00,1106.496,1991.6928
2023-02-26 16:00:00,801.024,1441.8432
2023-02-26 17:00:00,866.624,1559.9232
2023-02-26 18:00:00,810.496,1458.8928
2023-02-26 19:00:00,869.632,1565.3376
2023-02-26 20:00:00,812.032,1461.6576
2023-02-26 21:00:00,871.104,1567.9872
2023-02-26 22:00:00,814.976,1466.9568
2023-02-26 23:00:00,874.112,1573.4016
2023-02-27 00:00:00,819.52,1475.136
2023-02-27 01:00:00,878.592,1581.4656
2023-02-27 02:00:00,819.52,1475.136
2023-02-27 03:00:00,877.12,1578.816
2023-02-27 04:00:00,820.992,1477.7856
2023-02-27 05:00:00,878.592,1581.4656
2023-02-27 06:00:00,822.528,1480.5504
2023-02-27 07:00:00,830.592,1495.0656
2023-02-27 08:00:00,771.52,1388.736
2023-02-27 09:00:00,866.112,1559.0016
2023-02-27 10:00:00,1053.376,1896.0768
2023-02-27 11:00:00,1106.496,1991.6928
2023-02-27 12:00:00,801.024,1441.8432
2023-02-27 13:00:00,855.616,1540.1088
2023-02-27 14:00:00,1042.88,1877.184
2023-02-27 15:00:00,1102.016,1983.6288
2023-02-27 16:00:00,798.016,1436.4288
2023-02-27 17:00:00,865.088,1557.1584
2023-02-27 18:00:00,809.024,1456.2432
2023-02-27 19:00:00,869.632,1565.3376
2023-02-27 20:00:00,813.504,1464.3072
2023-02-27 21:00:00,872.576,1570.6368
2023-02-27 22:00:00,816.512,1469.7216
2023-02-27 23:00:00,877.12,1578.816
2023-02-28 00:00:00,820.992,1477.7856
2023-02-28 01:00:00,880.128,1584.2304
2023-02-28 02:00:00,824,1483.2
2023-02-28 03:00:00,884.608,1592.2944
2023-02-28 04:00:00,827.008,1488.6144
2023-02-28 05:00:00,886.08,1594.944
2023-02-28 06:00:00,830.016,1494.0288
2023-02-28 07:00:00,836.608,1505.8944
2023-02-28 08:00:00,774.528,1394.1504
2023-02-28 09:00:00,829.12,1492.416
2023-02-28 10:00:00,966.912,1740.4416
2023-02-28 11:00:00,1021.504,1838.7072
2023-02-28 12:00:00,762.496,1372.4928
2023-02-28 13:00:00,817.088,1470.7584
2023-02-28 14:00:00,954.88,1718.784
2023-02-28 15:00:00,1012.48,1822.464
2023-02-28 16:00:00,756.48,1361.664
2023-02-28 17:00:00,863.616,1554.5088
2023-02-28 18:00:00,812.032,1461.6576
2023-02-28 19:00:00,871.104,1567.9872
2023-02-28 20:00:00,812.032,1461.6576
2023-02-28 21:00:00,871.104,1567.9872
2023-02-28 22:00:00,814.976,1466.9568
2023-02-28 23:00:00,874.112,1573.4016
2023-03-01 00:00:00,816.512,1469.7216
2023-03-01 01:00:00,877.12,1578.816
2023-03-01 02:00:00,819.52,1475.136
2023-03-01 03:00:00,878.592,1581.4656
2023-03-01 04:00:00,819.52,1475.136
2023-03-01 05:00:00,875.584,1576.0512
2023-03-01 06:00:00,766.976,1380.5568
2023-03-01 07:00:00,823.104,1481.5872
2023-03-01 08:00:00,761.024,1369.8432
2023-03-01 09:00:00,817.088,1470.7584
2023-03-01 10:00:00,956.416,1721.5488
2023-03-01 11:00:00,1014.016,1825.2288
2023-03-01 12:00:00,761.024,1369.8432
2023-03-01 13:00:00,821.632,1478.9376
2023-03-01 14:00:00,963.904,1735.0272
2023-03-01 15:00:00,1020.032,1836.0576
2023-03-01 16:00:00,764.032,1375.2576
2023-03-01 17:00:00,868.096,1562.5728
2023-03-01 18:00:00,812.032,1461.6576
2023-03-01 19:00:00,868.096,1562.5728
2023-03-01 20:00:00,809.024,1456.2432
2023-03-01 21:00:00,866.624,1559.9232
2023-03-01 22:00:00,809.024,1456.2432
2023-03-01 23:00:00,866.624,1559.9232
2023-03-02 00:00:00,809.024,1456.2432
2023-03-02 01:00:00,866.624,1559.9232
2023-03-02 02:00:00,807.488,1453.4784
2023-03-02 03:00:00,865.088,1557.1584
2023-03-02 04:00:00,806.016,1450.8288
2023-03-02 05:00:00,862.08,1551.744
2023-03-02 06:00:00,755.008,1359.0144
2023-03-02 07:00:00,808.128,1454.6304
2023-03-02 08:00:00,750.528,1350.9504
2023-03-02 09:00:00,848.128,1526.6304
2023-03-02 10:00:00,1035.392,1863.7056
2023-03-02 11:00:00,1091.52,1964.736
2023-03-02 12:00:00,785.984,1414.7712
2023-03-02 13:00:00,842.112,1515.8016
2023-03-02 14:00:00,1030.912,1855.6416
2023-03-02 15:00:00,1088.512,1959.3216
2023-03-02 16:00:00,785.984,1414.7712
2023-03-02 17:00:00,854.592,1538.2656
2023-03-02 18:00:00,798.528,1437.3504
2023-03-02 19:00:00,859.072,1546.3296
2023-03-02 20:00:00,803.008,1445.4144
2023-03-02 21:00:00,862.08,1551.744
2023-03-02 22:00:00,807.488,1453.4784
2023-03-02 23:00:00,866.624,1559.9232
2023-03-03 00:00:00,812.032,1461.6576
2023-03-03 01:00:00,869.632,1565.3376
2023-03-03 02:00:00,814.976,1466.9568
2023-03-03 03:00:00,874.112,1573.4016
2023-03-03 04:00:00,816.512,1469.7216
2023-03-03 05:00:00,874.112,1573.4016
2023-03-03 06:00:00,766.976,1380.5568
2023-03-03 07:00:00,823.104,1481.5872
2023-03-03 08:00:00,764.032,1375.2576
2023-03-03 09:00:00,858.624,1545.5232
2023-03-03 10:00:00,1044.416,1879.9488
2023-03-03 11:00:00,1100.48,1980.864
2023-03-03 12:00:00,795.008,1431.0144
2023-03-03 13:00:00,852.608,1534.6944
2023-03-03 14:00:00,1039.872,1871.7696
2023-03-03 15:00:00,1100.48,1980.864
2023-03-03 16:00:00,799.488,1439.0784
2023-03-03 17:00:00,865.088,1557.1584
2023-03-03 18:00:00,807.488,1453.4784
2023-03-03 19:00:00,862.08,1551.744
2023-03-03 20:00:00,804.48,1448.064
2023-03-03 21:00:00,856.128,1541.0304
2023-03-03 22:00:00,798.528,1437.3504
2023-03-03 23:00:00,856.128,1541.0304
2023-03-04 00:00:00,796.992,1434.5856
2023-03-04 01:00:00,854.592,1538.2656
2023-03-04 02:00:00,796.992,1434.5856
2023-03-04 03:00:00,853.12,1535.616
2023-03-04 04:00:00,795.52,1431.936
2023-03-04 05:00:00,853.12,1535.616
2023-03-04 06:00:00,747.52,1345.536
2023-03-04 07:00:00,805.12,1449.216
2023-03-04 08:00:00,747.52,1345.536
2023-03-04 09:00:00,843.584,1518.4512
2023-03-04 10:00:00,1030.912,1855.6416
2023-03-04 11:00:00,1086.976,1956.5568
2023-03-04 12:00:00,780.032,1404.0576
2023-03-04 13:00:00,950.784,1711.4112
2023-03-04 14:00:00,1139.584,2051.2512
2023-03-04 15:00:00,1197.184,2154.9312
2023-03-04 16:00:00,894.72,1610.496
2023-03-04 17:00:00,960.128,1728.2304
2023-03-04 18:00:00,902.72,1624.896
2023-03-04 19:00:00,848.576,1527.4368
2023-03-04 20:00:00,790.976,1423.7568
2023-03-04 21:00:00,848.576,1527.4368
2023-03-04 22:00:00,902.72,1624.896
2023-03-04 23:00:00,960.32,1728.576
2023-03-05 00:00:00,789.504,1421.1072
2023-03-05 01:00:00,848.576,1527.4368
2023-03-05 02:00:00,793.984,1429.1712
2023-03-05 03:00:00,853.12,1535.616
2023-03-05 04:00:00,798.528,1437.3504
2023-03-05 05:00:00,856.128,1541.0304
2023-03-05 06:00:00,752,1353.6
2023-03-05 07:00:00,808.128,1454.6304
2023-03-05 08:00:00,756.48,1361.664
2023-03-05 09:00:00,857.088,1542.7584
2023-03-05 10:00:00,1047.424,1885.3632
2023-03-05 11:00:00,1108.032,1994.4576
2023-03-05 12:00:00,804.032,1447.2576
2023-03-05 13:00:00,867.584,1561.6512
2023-03-05 14:00:00,1053.376,1896.0768
2023-03-05 15:00:00,1110.976,1999.7568
2023-03-05 16:00:00,809.984,1457.9712
2023-03-05 17:00:00,875.584,1576.0512
2023-03-05 18:00:00,817.984,1472.3712
2023-03-05 19:00:00,874.112,1573.4016
2023-03-05 20:00:00,814.976,1466.9568
2023-03-05 21:00:00,874.112,1573.4016
2023-03-05 22:00:00,817.984,1472.3712
2023-03-05 23:00:00,877.12,1578.816
2023-03-06 00:00:00,822.528,1480.5504
2023-03-06 01:00:00,883.072,1589.5296
2023-03-06 02:00:00,828.48,1491.264
2023-03-06 03:00:00,887.616,1597.7088
2023-03-06 04:00:00,830.016,1494.0288
2023-03-06 05:00:00,887.616,1597.7088
2023-03-06 06:00:00,782.016,1407.6288
2023-03-06 07:00:00,838.08,1508.544
2023-03-06 08:00:00,777.472,1399.4496
2023-03-06 09:00:00,869.12,1564.416
2023-03-06 10:00:00,1057.92,1904.256
2023-03-06 11:00:00,1109.504,1997.1072
2023-03-06 12:00:00,804.032,1447.2576
2023-03-06 13:00:00,863.104,1553.5872
2023-03-06 14:00:00,1048.896,1888.0128
2023-03-06 15:00:00,1105.024,1989.0432
2023-03-06 16:00:00,804.032,1447.2576
2023-03-06 17:00:00,872.576,1570.6368
2023-03-06 18:00:00,814.976,1466.9568
2023-03-06 19:00:00,874.112,1573.4016
2023-03-06 20:00:00,819.52,1475.136
2023-03-06 21:00:00,880.128,1584.2304
2023-03-06 22:00:00,820.992,1477.7856
2023-03-06 23:00:00,880.128,1584.2304
2023-03-07 00:00:00,828.48,1491.264
2023-03-07 01:00:00,883.072,1589.5296
2023-03-07 02:00:00,828.48,1491.264
2023-03-07 03:00:00,886.08,1594.944
2023-03-07 04:00:00,830.016,1494.0288
2023-03-07 05:00:00,890.624,1603.1232
2023-03-07 06:00:00,780.48,1404.864
2023-03-07 07:00:00,835.072,1503.1296
2023-03-07 08:00:00,769.984,1385.9712
2023-03-07 09:00:00,821.632,1478.9376
2023-03-07 10:00:00,956.416,1721.5488
2023-03-07 11:00:00,1011.008,1819.8144
2023-03-07 12:00:00,750.528,1350.9504
2023-03-07 13:00:00,806.592,1451.8656
2023-03-07 14:00:00,945.92,1702.656
2023-03-07 15:00:00,1000.512,1800.9216
2023-03-07 16:00:00,745.984,1342.7712
2023-03-07 17:00:00,851.584,1532.8512
2023-03-07 18:00:00,796.992,1434.5856
2023-03-07 19:00:00,854.592,1538.2656
2023-03-07 20:00:00,796.992,1434.5856
2023-03-07 21:00:00,854.592,1538.2656
2023-03-07 22:00:00,795.52,1431.936
2023-03-07 23:00:00,853.12,1535.616
2023-03-08 00:00:00,796.992,1434.5856
2023-03-08 01:00:00,857.6,1543.68
2023-03-08 02:00:00,800,1440
2023-03-08 03:00:00,856.128,1541.0304
2023-03-08 04:00:00,800,1440
2023-03-08 05:00:00,862.08,1551.744
2023-03-08 06:00:00,752,1353.6
2023-03-08 07:00:00,808.128,1454.6304
2023-03-08 08:00:00,744.512,1340.1216
2023-03-08 09:00:00,793.6,1428.48
2023-03-08 10:00:00,934.4,1681.92
2023-03-08 11:00:00,992,1785.6
2023-03-08 12:00:00,736,1324.8
2023-03-08 13:00:00,794.624,1430.3232
2023-03-08 14:00:00,934.4,1681.92
2023-03-08 15:00:00,992,1785.6
2023-03-08 16:00:00,736,1324.8
2023-03-08 17:00:00,841.6,1514.88
2023-03-08 18:00:00,784,1411.2
2023-03-08 19:00:00,848.576,1527.4368
2023-03-08 20:00:00,788.032,1418.4576
2023-03-08 21:00:00,850.112,1530.2016
2023-03-08 22:00:00,793.984,1429.1712
2023-03-08 23:00:00,851.584,1532.8512
2023-03-09 00:00:00,796.992,1434.5856
2023-03-09 01:00:00,854.592,1538.2656
2023-03-09 02:00:00,801.472,1442.6496
2023-03-09 03:00:00,854.592,1538.2656
2023-03-09 04:00:00,792.512,1426.5216
2023-03-09 05:00:00,850.112,1530.2016
2023-03-09 06:00:00,742.976,1337.3568
2023-03-09 07:00:00,797.632,1435.7376
2023-03-09 08:00:00,736,1324.8
2023-03-09 09:00:00,833.6,1500.48
2023-03-09 10:00:00,1139.968,2051.9424
2023-03-09 11:00:00,1197.568,2155.6224
2023-03-09 12:00:00,896.448,1613.6064
2023-03-09 13:00:00,954.048,1717.2864
2023-03-09 14:00:00,1142.848,2057.1264
2023-03-09 15:00:00,1203.264,2165.8752
2023-03-09 16:00:00,899.264,1618.6752
2023-03-09 17:00:00,956.288,1721.3184
2023-03-09 18:00:00,784,1411.2
2023-03-09 19:00:00,842.624,1516.7232
2023-03-09 20:00:00,784,1411.2
2023-03-09 21:00:00,842.624,1516.7232
2023-03-09 22:00:00,788.032,1418.4576
2023-03-09 23:00:00,845.632,1522.1376
2023-03-10 00:00:00,790.976,1423.7568
2023-03-10 01:00:00,848.576,1527.4368
2023-03-10 02:00:00,792.512,1426.5216
2023-03-10 03:00:00,854.592,1538.2656
2023-03-10 04:00:00,793.984,1429.1712
2023-03-10 05:00:00,856.128,1541.0304
2023-03-10 06:00:00,748.992,1348.1856
2023-03-10 07:00:00,797.632,1435.7376
2023-03-10 08:00:00,736,1324.8
2023-03-10 09:00:00,948.288,1706.9184
2023-03-10 10:00:00,1142.848,2057.1264
2023-03-10 11:00:00,1203.264,2165.8752
2023-03-10 12:00:00,905.024,1629.0432
2023-03-10 13:00:00,962.624,1732.7232
2023-03-10 14:00:00,1154.304,2077.7472
2023-03-10 15:00:00,1206.144,2171.0592
2023-03-10 16:00:00,907.904,1634.2272
2023-03-10 17:00:00,970.624,1747.1232
2023-03-10 18:00:00,915.904,1648.6272
2023-03-10 19:00:00,967.744,1741.9392
2023-03-10 20:00:00,910.144,1638.2592
2023-03-10 21:00:00,970.624,1747.1232
2023-03-10 22:00:00,910.144,1638.2592
2023-03-10 23:00:00,970.624,1747.1232
2023-03-11 00:00:00,910.144,1638.2592
2023-03-11 01:00:00,970.624,1747.1232
2023-03-11 02:00:00,913.024,1643.4432
2023-03-11 03:00:00,970.624,1747.1232
2023-03-11 04:00:00,910.144,1638.2592
2023-03-11 05:00:00,967.744,1741.9392
2023-03-11 06:00:00,858.944,1546.0992
2023-03-11 07:00:00,925.504,1665.9072
2023-03-11 08:00:00,870.784,1567.4112
2023-03-11 09:00:00,974.08,1753.344
2023-03-11 10:00:00,1160,2088
2023-03-11 11:00:00,1220.48,2196.864
2023-03-11 12:00:00,991.04,1783.872
2023-03-11 13:00:00,1052.928,1895.2704
2023-03-11 14:00:00,1241.728,2235.1104
2023-03-11 15:00:00,1217.6,2191.68
2023-03-11 16:00:00,910.784,1639.4112
2023-03-11 17:00:00,970.624,1747.1232
2023-03-11 18:00:00,918.784,1653.8112
2023-03-11 19:00:00,967.744,1741.9392
2023-03-11 20:00:00,910.144,1638.2592
2023-03-11 21:00:00,962.048,1731.6864
2023-03-11 22:00:00,784,1411.2
2023-03-11 23:00:00,841.6,1514.88
2023-03-12 00:00:00,784,1411.2
2023-03-12 01:00:00,841.6,1514.88
2023-03-12 02:00:00,785.024,1413.0432
2023-03-12 03:00:00,842.624,1516.7232
2023-03-12 04:00:00,786.496,1415.6928
2023-03-12 05:00:00,845.632,1522.1376
2023-03-12 06:00:00,740.032,1332.0576
2023-03-12 07:00:00,796.096,1432.9728
2023-03-12 08:00:00,737.024,1326.6432
2023-03-12 09:00:00,833.6,1500.48
2023-03-12 10:00:00,1022.4,1840.32
2023-03-12 11:00:00,1080,1944
2023-03-12 12:00:00,776,1396.8
2023-03-12 13:00:00,833.6,1500.48
2023-03-12 14:00:00,1022.4,1840.32
2023-03-12 15:00:00,1080,1944
2023-03-12 16:00:00,776,1396.8
2023-03-12 17:00:00,841.6,1514.88
2023-03-12 18:00:00,785.024,1413.0432
2023-03-12 19:00:00,845.632,1522.1376
2023-03-12 20:00:00,789.504,1421.1072
2023-03-12 21:00:00,848.576,1527.4368
2023-03-12 22:00:00,793.984,1429.1712
2023-03-12 23:00:00,853.12,1535.616
2023-03-13 00:00:00,796.992,1434.5856
2023-03-13 01:00:00,856.128,1541.0304
2023-03-13 02:00:00,803.008,1445.4144
2023-03-13 03:00:00,860.608,1549.0944
2023-03-13 04:00:00,804.48,1448.064
2023-03-13 05:00:00,863.616,1554.5088
2023-03-13 06:00:00,755.008,1359.0144
2023-03-13 07:00:00,806.592,1451.8656
2023-03-13 08:00:00,745.984,1342.7712
2023-03-13 09:00:00,840.576,1513.0368
2023-03-13 10:00:00,1027.904,1850.2272
2023-03-13 11:00:00,1085.504,1953.9072
2023-03-13 12:00:00,781.504,1406.7072
2023-03-13 13:00:00,837.632,1507.7376
2023-03-13 14:00:00,1026.432,1847.5776
2023-03-13 15:00:00,1084.032,1951.2576
2023-03-13 16:00:00,781.504,1406.7072
2023-03-13 17:00:00,847.104,1524.7872
2023-03-13 18:00:00,789.504,1421.1072
2023-03-13 19:00:00,848.576,1527.4368
2023-03-13 20:00:00,789.504,1421.1072
2023-03-13 21:00:00,848.576,1527.4368
2023-03-13 22:00:00,790.976,1423.7568
2023-03-13 23:00:00,847.104,1524.7872
2023-03-14 00:00:00,789.504,1421.1072
2023-03-14 01:00:00,845.632,1522.1376
2023-03-14 02:00:00,790.976,1423.7568
2023-03-14 03:00:00,848.576,1527.4368
2023-03-14 04:00:00,790.976,1423.7568
2023-03-14 05:00:00,848.576,1527.4368
2023-03-14 06:00:00,742.976,1337.3568
2023-03-14 07:00:00,917.888,1652.1984
2023-03-14 08:00:00,862.144,1551.8592
2023-03-14 09:00:00,922.624,1660.7232
2023-03-14 10:00:00,1063.424,1914.1632
2023-03-14 11:00:00,1123.904,2023.0272
2023-03-14 12:00:00,873.6,1572.48
2023-03-14 13:00:00,934.08,1681.344
2023-03-14 14:00:00,1074.88,1934.784
2023-03-14 15:00:00,1132.48,2038.464
2023-03-14 16:00:00,873.6,1572.48
2023-03-14 17:00:00,976.384,1757.4912
2023-03-14 18:00:00,918.784,1653.8112
2023-03-14 19:00:00,973.504,1752.3072
2023-03-14 20:00:00,913.024,1643.4432
2023-03-14 21:00:00,973.504,1752.3072
2023-03-14 22:00:00,910.144,1638.2592
2023-03-14 23:00:00,967.744,1741.9392
2023-03-15 00:00:00,907.264,1633.0752
2023-03-15 01:00:00,964.864,1736.7552
2023-03-15 02:00:00,904.448,1628.0064
2023-03-15 03:00:00,956.288,1721.3184
2023-03-15 04:00:00,788.032,1418.4576
2023-03-15 05:00:00,844.096,1519.3728
2023-03-15 06:00:00,738.496,1329.2928
2023-03-15 07:00:00,794.624,1430.3232
2023-03-15 08:00:00,737.024,1326.6432
2023-03-15 09:00:00,793.6,1428.48
2023-03-15 10:00:00,935.424,1683.7632
2023-03-15 11:00:00,993.024,1787.4432
2023-03-15 12:00:00,737.024,1326.6432
2023-03-15 13:00:00,793.6,1428.48
2023-03-15 14:00:00,935.424,1683.7632
2023-03-15 15:00:00,994.496,1790.0928
2023-03-15 16:00:00,740.032,1332.0576
2023-03-15 17:00:00,845.632,1522.1376
2023-03-15 18:00:00,789.504,1421.1072
2023-03-15 19:00:00,848.576,1527.4368
2023-03-15 20:00:00,790.976,1423.7568
2023-03-15 21:00:00,850.112,1530.2016
2023-03-15 22:00:00,792.512,1426.5216
2023-03-15 23:00:00,851.584,1532.8512
2023-03-16 00:00:00,793.984,1429.1712
2023-03-16 01:00:00,851.584,1532.8512
2023-03-16 02:00:00,796.992,1434.5856
2023-03-16 03:00:00,856.128,1541.0304
2023-03-16 04:00:00,798.528,1437.3504
2023-03-16 05:00:00,856.128,1541.0304
2023-03-16 06:00:00,747.52,1345.536
2023-03-16 07:00:00,800.576,1441.0368
2023-03-16 08:00:00,742.976,1337.3568
2023-03-16 09:00:00,839.104,1510.3872
2023-03-16 10:00:00,1022.4,1840.32
2023-03-16 11:00:00,1080,1944
2023-03-16 12:00:00,890.688,1603.2384
2023-03-16 13:00:00,948.288,1706.9184
2023-03-16 14:00:00,1142.848,2057.1264
2023-03-16 15:00:00,1203.264,2165.8752
2023-03-16 16:00:00,899.264,1618.6752
2023-03-16 17:00:00,962.048,1731.6864
2023-03-16 18:00:00,904.448,1628.0064
2023-03-16 19:00:00,959.168,1726.5024
2023-03-16 20:00:00,904.448,1628.0064
2023-03-16 21:00:00,962.048,1731.6864
2023-03-16 22:00:00,904.448,1628.0064
2023-03-16 23:00:00,959.168,1726.5024
2023-03-17 00:00:00,904.448,1628.0064
2023-03-17 01:00:00,964.864,1736.7552
2023-03-17 02:00:00,907.264,1633.0752
2023-03-17 03:00:00,962.048,1731.6864
2023-03-17 04:00:00,904.448,1628.0064
2023-03-17 05:00:00,964.864,1736.7552
2023-03-17 06:00:00,859.264,1546.6752
2023-03-17 07:00:00,916.864,1650.3552
2023-03-17 08:00:00,862.144,1551.8592
2023-03-17 09:00:00,974.08,1753.344
2023-03-17 10:00:00,1241.728,2235.1104
2023-03-17 11:00:00,1220.48,2196.864
2023-03-17 12:00:00,913.6,1644.48
2023-03-17 13:00:00,965.504,1737.9072
2023-03-17 14:00:00,1151.424,2072.5632
2023-03-17 15:00:00,1194.688,2150.4384
2023-03-17 16:00:00,776,1396.8
2023-03-17 17:00:00,845.632,1522.1376
2023-03-17 18:00:00,792.512,1426.5216
2023-03-17 19:00:00,853.12,1535.616
2023-03-17 20:00:00,796.992,1434.5856
2023-03-17 21:00:00,856.128,1541.0304
2023-03-17 22:00:00,798.528,1437.3504
2023-03-17 23:00:00,856.128,1541.0304
2023-03-18 00:00:00,800,1440
2023-03-18 01:00:00,857.6,1543.68
2023-03-18 02:00:00,803.008,1445.4144
2023-03-18 03:00:00,860.608,1549.0944
2023-03-18 04:00:00,804.48,1448.064
2023-03-18 05:00:00,862.08,1551.744
2023-03-18 06:00:00,756.48,1361.664
2023-03-18 07:00:00,811.072,1459.9296
2023-03-18 08:00:00,755.008,1359.0144
2023-03-18 09:00:00,849.6,1529.28
2023-03-18 10:00:00,1035.392,1863.7056
2023-03-18 11:00:00,1091.52,1964.736
2023-03-18 12:00:00,785.984,1414.7712
2023-03-18 13:00:00,836.096,1504.9728
2023-03-18 14:00:00,1027.904,1850.2272
2023-03-18 15:00:00,1085.504,1953.9072
2023-03-18 16:00:00,782.976,1409.3568
2023-03-18 17:00:00,851.584,1532.8512
2023-03-18 18:00:00,796.992,1434.5856
2023-03-18 19:00:00,856.128,1541.0304
2023-03-18 20:00:00,800,1440
2023-03-18 21:00:00,859.072,1546.3296
2023-03-18 22:00:00,807.488,1453.4784
2023-03-18 23:00:00,860.608,1549.0944
2023-03-19 00:00:00,803.008,1445.4144
2023-03-19 01:00:00,862.08,1551.744
2023-03-19 02:00:00,806.016,1450.8288
2023-03-19 03:00:00,865.088,1557.1584
2023-03-19 04:00:00,806.016,1450.8288
2023-03-19 05:00:00,865.088,1557.1584
2023-03-19 06:00:00,758.016,1364.4288
2023-03-19 07:00:00,814.08,1465.344
2023-03-19 08:00:00,753.472,1356.2496
2023-03-19 09:00:00,848.128,1526.6304
2023-03-19 10:00:00,1033.92,1861.056
2023-03-19 11:00:00,1086.976,1956.5568
2023-03-19 12:00:00,781.504,1406.7072
2023-03-19 13:00:00,837.632,1507.7376
2023-03-19 14:00:00,1023.424,1842.1632
2023-03-19 15:00:00,1080,1944
2023-03-19 16:00:00,777.024,1398.6432
2023-03-19 17:00:00,845.632,1522.1376
2023-03-19 18:00:00,789.504,1421.1072
2023-03-19 19:00:00,848.576,1527.4368
2023-03-19 20:00:00,792.512,1426.5216
2023-03-19 21:00:00,851.584,1532.8512
2023-03-19 22:00:00,796.992,1434.5856
2023-03-19 23:00:00,859.072,1546.3296
2023-03-20 00:00:00,798.528,1437.3504
2023-03-20 01:00:00,853.12,1535.616
2023-03-20 02:00:00,796.992,1434.5856
2023-03-20 03:00:00,854.592,1538.2656
2023-03-20 04:00:00,796.992,1434.5856
2023-03-20 05:00:00,854.592,1538.2656
2023-03-20 06:00:00,748.992,1348.1856
2023-03-20 07:00:00,805.12,1449.216
2023-03-20 08:00:00,747.52,1345.536
2023-03-20 09:00:00,845.12,1521.216
2023-03-20 10:00:00,1032.384,1858.2912
2023-03-20 11:00:00,1091.52,1964.736
2023-03-20 12:00:00,790.528,1422.9504
2023-03-20 13:00:00,849.6,1529.28
2023-03-20 14:00:00,1036.928,1866.4704
2023-03-20 15:00:00,1097.472,1975.4496
2023-03-20 16:00:00,793.472,1428.2496
2023-03-20 17:00:00,860.608,1549.0944
2023-03-20 18:00:00,804.48,1448.064
2023-03-20 19:00:00,862.08,1551.744
2023-03-20 20:00:00,804.48,1448.064
2023-03-20 21:00:00,862.08,1551.744
2023-03-20 22:00:00,807.488,1453.4784
2023-03-20 23:00:00,865.088,1557.1584
2023-03-21 00:00:00,804.48,1448.064
2023-03-21 01:00:00,862.08,1551.744
2023-03-21 02:00:00,806.016,1450.8288
2023-03-21 03:00:00,863.616,1554.5088
2023-03-21 04:00:00,807.488,1453.4784
2023-03-21 05:00:00,862.08,1551.744
2023-03-21 06:00:00,756.48,1361.664
2023-03-21 07:00:00,811.072,1459.9296
2023-03-21 08:00:00,747.52,1345.536
2023-03-21 09:00:00,802.112,1443.8016
2023-03-21 10:00:00,942.912,1697.2416
2023-03-21 11:00:00,998.976,1798.1568
2023-03-21 12:00:00,741.504,1334.7072
2023-03-21 13:00:00,796.096,1432.9728
2023-03-21 14:00:00,1049.088,1888.3584
2023-03-21 15:00:00,1109.568,1997.2224
2023-03-21 16:00:00,856.448,1541.6064
2023-03-21 17:00:00,959.168,1726.5024
2023-03-21 18:00:00,901.568,1622.8224
2023-03-21 19:00:00,962.048,1731.6864
2023-03-21 20:00:00,907.264,1633.0752
2023-03-21 21:00:00,964.864,1736.7552
2023-03-21 22:00:00,898.688,1617.6384
2023-03-21 23:00:00,842.624,1516.7232
2023-03-22 00:00:00,786.496,1415.6928
2023-03-22 01:00:00,845.632,1522.1376
2023-03-22 02:00:00,790.976,1423.7568
2023-03-22 03:00:00,851.584,1532.8512
2023-03-22 04:00:00,795.52,1431.936
2023-03-22 05:00:00,856.128,1541.0304
2023-03-22 06:00:00,750.528,1350.9504
2023-03-22 07:00:00,805.12,1449.216
2023-03-22 08:00:00,745.984,1342.7712
2023-03-22 09:00:00,800.576,1441.0368
2023-03-22 10:00:00,939.904,1691.8272
2023-03-22 11:00:00,996.032,1792.8576
2023-03-22 12:00:00,737.024,1326.6432
2023-03-22 13:00:00,796.096,1432.9728
2023-03-22 14:00:00,934.4,1681.92
2023-03-22 15:00:00,994.496,1790.0928
2023-03-22 16:00:00,740.032,1332.0576
2023-03-22 17:00:00,850.112,1530.2016
2023-03-22 18:00:00,793.984,1429.1712
2023-03-22 19:00:00,854.592,1538.2656
2023-03-22 20:00:00,798.528,1437.3504
2023-03-22 21:00:00,860.608,1549.0944
2023-03-22 22:00:00,806.016,1450.8288
2023-03-22 23:00:00,865.088,1557.1584
2023-03-23 00:00:00,809.024,1456.2432
2023-03-23 01:00:00,866.624,1559.9232
2023-03-23 02:00:00,812.032,1461.6576
2023-03-23 03:00:00,869.632,1565.3376
2023-03-23 04:00:00,813.504,1464.3072
2023-03-23 05:00:00,872.576,1570.6368
2023-03-23 06:00:00,765.504,1377.9072
2023-03-23 07:00:00,818.624,1473.5232
2023-03-23 08:00:00,758.016,1364.4288
2023-03-23 09:00:00,849.6,1529.28
2023-03-23 10:00:00,1036.928,1866.4704
2023-03-23 11:00:00,1089.984,1961.9712
2023-03-23 12:00:00,782.976,1409.3568
2023-03-23 13:00:00,839.104,1510.3872
2023-03-23 14:00:00,1029.376,1852.8768
2023-03-23 15:00:00,1088.512,1959.3216
2023-03-23 16:00:00,784.512,1412.1216
2023-03-23 17:00:00,853.12,1535.616
2023-03-23 18:00:00,796.992,1434.5856
2023-03-23 19:00:00,856.128,1541.0304
2023-03-23 20:00:00,801.472,1442.6496
2023-03-23 21:00:00,860.608,1549.0944
2023-03-23 22:00:00,803.008,1445.4144
2023-03-23 23:00:00,860.608,1549.0944
2023-03-24 00:00:00,804.48,1448.064
2023-03-24 01:00:00,862.08,1551.744
2023-03-24 02:00:00,806.016,1450.8288
2023-03-24 03:00:00,863.616,1554.5088
2023-03-24 04:00:00,807.488,1453.4784
2023-03-24 05:00:00,869.632,1565.3376
2023-03-24 06:00:00,762.496,1372.4928
2023-03-24 07:00:00,817.088,1470.7584
2023-03-24 08:00:00,755.008,1359.0144
2023-03-24 09:00:00,848.128,1526.6304
2023-03-24 10:00:00,1032.384,1858.2912
2023-03-24 11:00:00,1086.976,1956.5568
2023-03-24 12:00:00,780.032,1404.0576
2023-03-24 13:00:00,834.624,1502.3232
2023-03-24 14:00:00,1022.4,1840.32
2023-03-24 15:00:00,1080,1944
2023-03-24 16:00:00,776,1396.8
2023-03-24 17:00:00,842.624,1516.7232
2023-03-24 18:00:00,788.032,1418.4576
2023-03-24 19:00:00,848.576,1527.4368
2023-03-24 20:00:00,795.52,1431.936
2023-03-24 21:00:00,854.592,1538.2656
2023-03-24 22:00:00,795.52,1431.936
2023-03-24 23:00:00,856.128,1541.0304
2023-03-25 00:00:00,798.528,1437.3504
2023-03-25 01:00:00,857.6,1543.68
2023-03-25 02:00:00,803.008,1445.4144
2023-03-25 03:00:00,862.08,1551.744
2023-03-25 04:00:00,803.008,1445.4144
2023-03-25 05:00:00,859.072,1546.3296
2023-03-25 06:00:00,750.528,1350.9504
2023-03-25 07:00:00,803.584,1446.4512
2023-03-25 08:00:00,740.032,1332.0576
2023-03-25 09:00:00,834.624,1502.3232
2023-03-25 10:00:00,1022.4,1840.32
2023-03-25 11:00:00,1080,1944
2023-03-25 12:00:00,776,1396.8
2023-03-25 13:00:00,836.096,1504.9728
2023-03-25 14:00:00,1027.904,1850.2272
2023-03-25 15:00:00,1085.504,1953.9072
2023-03-25 16:00:00,781.504,1406.7072
2023-03-25 17:00:00,847.104,1524.7872
2023-03-25 18:00:00,790.976,1423.7568
2023-03-25 19:00:00,848.576,1527.4368
2023-03-25 20:00:00,790.976,1423.7568
2023-03-25 21:00:00,847.104,1524.7872
2023-03-25 22:00:00,902.72,1624.896
2023-03-25 23:00:00,960.32,1728.576
2023-03-26 00:00:00,904.064,1627.3152
2023-03-26 01:00:00,960.128,1728.2304
2023-03-26 02:00:00,904.064,1627.3152
2023-03-26 03:00:00,960.128,1728.2304
2023-03-26 04:00:00,902.72,1624.896
2023-03-26 05:00:00,963.008,1733.4144
2023-03-26 06:00:00,858.944,1546.0992
2023-03-26 07:00:00,915.008,1647.0144
2023-03-26 08:00:00,862.144,1551.8592
2023-03-26 09:00:00,959.744,1727.5392
2023-03-26 10:00:00,1154.304,2077.7472
2023-03-26 11:00:00,1211.904,2181.4272
2023-03-26 12:00:00,913.6,1644.48
2023-03-26 13:00:00,1048.64,1887.552
2023-03-26 14:00:00,1237.44,2227.392
2023-03-26 15:00:00,1307.968,2354.3424
2023-03-26 16:00:00,1003.968,1807.1424
2023-03-26 17:00:00,1069.568,1925.2224
2023-03-26 18:00:00,1042.048,1875.6864
2023-03-26 19:00:00,1099.648,1979.3664
2023-03-26 20:00:00,1011.968,1821.5424
2023-03-26 21:00:00,1056.64,1901.952
2023-03-26 22:00:00,918.784,1653.8112
2023-03-26 23:00:00,970.624,1747.1232
2023-03-27 00:00:00,913.024,1643.4432
2023-03-27 01:00:00,964.864,1736.7552
2023-03-27 02:00:00,907.264,1633.0752
2023-03-27 03:00:00,962.048,1731.6864
2023-03-27 04:00:00,899.712,1619.4816
2023-03-27 05:00:00,848.576,1527.4368
2023-03-27 06:00:00,741.504,1334.7072
2023-03-27 07:00:00,799.104,1438.3872
2023-03-27 08:00:00,740.032,1332.0576
2023-03-27 09:00:00,949.312,1708.7616
2023-03-27 10:00:00,1138.112,2048.6016
2023-03-27 11:00:00,1200.448,2160.8064
2023-03-27 12:00:00,890.688,1603.2384
2023-03-27 13:00:00,948.288,1706.9184
2023-03-27 14:00:00,1137.088,2046.7584
2023-03-27 15:00:00,1194.688,2150.4384
2023-03-27 16:00:00,776,1396.8
2023-03-27 17:00:00,841.6,1514.88
2023-03-27 18:00:00,784,1411.2
2023-03-27 19:00:00,841.6,1514.88
2023-03-27 20:00:00,785.024,1413.0432
2023-03-27 21:00:00,842.624,1516.7232
2023-03-27 22:00:00,786.496,1415.6928
2023-03-27 23:00:00,847.104,1524.7872
2023-03-28 00:00:00,790.976,1423.7568
2023-03-28 01:00:00,850.112,1530.2016
2023-03-28 02:00:00,793.984,1429.1712
2023-03-28 03:00:00,853.12,1535.616
2023-03-28 04:00:00,796.992,1434.5856
2023-03-28 05:00:00,854.592,1538.2656
2023-03-28 06:00:00,750.528,1350.9504
2023-03-28 07:00:00,809.6,1457.28
2023-03-28 08:00:00,747.52,1345.536
2023-03-28 09:00:00,803.584,1446.4512
2023-03-28 10:00:00,939.904,1691.8272
2023-03-28 11:00:00,994.496,1790.0928
2023-03-28 12:00:00,737.024,1326.6432
2023-03-28 13:00:00,796.096,1432.9728
2023-03-28 14:00:00,935.424,1683.7632
2023-03-28 15:00:00,993.024,1787.4432
2023-03-28 16:00:00,742.976,1337.3568
2023-03-28 17:00:00,851.584,1532.8512
2023-03-28 18:00:00,798.528,1437.3504
2023-03-28 19:00:00,859.072,1546.3296
2023-03-28 20:00:00,803.008,1445.4144
2023-03-28 21:00:00,862.08,1551.744
2023-03-28 22:00:00,807.488,1453.4784
2023-03-28 23:00:00,866.624,1559.9232
2023-03-29 00:00:00,809.024,1456.2432
2023-03-29 01:00:00,866.624,1559.9232
2023-03-29 02:00:00,809.024,1456.2432
2023-03-29 03:00:00,868.096,1562.5728
2023-03-29 04:00:00,810.496,1458.8928
2023-03-29 05:00:00,869.632,1565.3376
2023-03-29 06:00:00,762.496,1372.4928
2023-03-29 07:00:00,814.08,1465.344
2023-03-29 08:00:00,752,1353.6
2023-03-29 09:00:00,805.12,1449.216
2023-03-29 10:00:00,941.376,1694.4768
2023-03-29 11:00:00,996.032,1792.8576
2023-03-29 12:00:00,736,1324.8
2023-03-29 13:00:00,793.6,1428.48
2023-03-29 14:00:00,934.4,1681.92
2023-03-29 15:00:00,992,1785.6
2023-03-29 16:00:00,736,1324.8
2023-03-29 17:00:00,841.6,1514.88
2023-03-29 18:00:00,785.024,1413.0432
2023-03-29 19:00:00,844.096,1519.3728
2023-03-29 20:00:00,789.504,1421.1072
2023-03-29 21:00:00,848.576,1527.4368
2023-03-29 22:00:00,795.52,1431.936
2023-03-29 23:00:00,850.112,1530.2016
2023-03-30 00:00:00,795.52,1431.936
2023-03-30 01:00:00,851.584,1532.8512
2023-03-30 02:00:00,793.984,1429.1712
2023-03-30 03:00:00,851.584,1532.8512
2023-03-30 04:00:00,792.512,1426.5216
2023-03-30 05:00:00,853.12,1535.616
2023-03-30 06:00:00,747.52,1345.536
2023-03-30 07:00:00,802.112,1443.8016
2023-03-30 08:00:00,744.512,1340.1216
2023-03-30 09:00:00,839.104,1510.3872
2023-03-30 10:00:00,1022.4,1840.32
2023-03-30 11:00:00,1197.568,2155.6224
2023-03-30 12:00:00,902.144,1623.8592
2023-03-30 13:00:00,956.864,1722.3552
2023-03-30 14:00:00,1142.848,2057.1264
2023-03-30 15:00:00,1197.568,2155.6224
2023-03-30 16:00:00,893.568,1608.4224
2023-03-30 17:00:00,956.288,1721.3184
2023-03-30 18:00:00,898.688,1617.6384
2023-03-30 19:00:00,841.6,1514.88
2023-03-30 20:00:00,898.688,1617.6384
2023-03-30 21:00:00,841.6,1514.88
2023-03-30 22:00:00,784,1411.2
2023-03-30 23:00:00,957.312,1723.1616
2023-03-31 00:00:00,786.496,1415.6928
2023-03-31 01:00:00,844.096,1519.3728
2023-03-31 02:00:00,788.032,1418.4576
2023-03-31 03:00:00,845.632,1522.1376
2023-03-31 04:00:00,789.504,1421.1072
2023-03-31 05:00:00,850.112,1530.2016
2023-03-31 06:00:00,740.032,1332.0576
2023-03-31 07:00:00,793.6,1428.48
2023-03-31 08:00:00,736,1324.8
2023-03-31 09:00:00,833.6,1500.48
2023-03-31 10:00:00,1022.4,1840.32
2023-03-31 11:00:00,1080,1944
2023-03-31 12:00:00,776,1396.8
2023-03-31 13:00:00,837.632,1507.7376
2023-03-31 14:00:00,1029.376,1852.8768
2023-03-31 15:00:00,1086.976,1956.5568
2023-03-31 16:00:00,782.976,1409.3568
2023-03-31 17:00:00,851.584,1532.8512
2023-03-31 18:00:00,795.52,1431.936
2023-03-31 19:00:00,854.592,1538.2656
2023-03-31 20:00:00,795.52,1431.936
2023-03-31 21:00:00,851.584,1532.8512
2023-03-31 22:00:00,793.984,1429.1712
2023-03-31 23:00:00,851.584,1532.8512
2023-04-01 00:00:00,795.52,1431.936
2023-04-01 01:00:00,854.592,1538.2656
2023-04-01 02:00:00,798.528,1437.3504
2023-04-01 03:00:00,856.128,1541.0304
2023-04-01 04:00:00,800,1440
2023-04-01 05:00:00,857.6,1543.68
2023-04-01 06:00:00,747.52,1345.536
2023-04-01 07:00:00,805.12,1449.216
2023-04-01 08:00:00,742.976,1337.3568
2023-04-01 09:00:00,836.096,1504.9728
2023-04-01 10:00:00,1022.4,1840.32
2023-04-01 11:00:00,1080,1944
2023-04-01 12:00:00,776,1396.8
2023-04-01 13:00:00,833.6,1500.48
2023-04-01 14:00:00,1022.4,1840.32
2023-04-01 15:00:00,1194.688,2150.4384
2023-04-01 16:00:00,890.688,1603.2384
2023-04-01 17:00:00,793.6,1428.48
2023-04-01 18:00:00,784,1411.2
2023-04-01 19:00:00,841.6,1514.88
2023-04-01 20:00:00,784,1411.2
2023-04-01 21:00:00,841.6,1514.88
2023-04-01 22:00:00,784,1411.2
2023-04-01 23:00:00,845.632,1522.1376
2023-04-02 00:00:00,789.504,1421.1072
2023-04-02 01:00:00,850.112,1530.2016
2023-04-02 02:00:00,792.512,1426.5216
2023-04-02 03:00:00,851.584,1532.8512
2023-04-02 04:00:00,793.984,1429.1712
2023-04-02 05:00:00,851.584,1532.8512
2023-04-02 06:00:00,741.504,1334.7072
2023-04-02 07:00:00,793.6,1428.48
2023-04-02 08:00:00,856.448,1541.6064
2023-04-02 09:00:00,962.624,1732.7232
2023-04-02 10:00:00,1154.304,2077.7472
2023-04-02 11:00:00,1217.6,2191.68
2023-04-02 12:00:00,916.48,1649.664
2023-04-02 13:00:00,1050.368,1890.6624
2023-04-02 14:00:00,1244.928,2240.8704
2023-04-02 15:00:00,1295.04,2331.072
2023-04-02 16:00:00,991.04,1783.872
2023-04-02 17:00:00,934.08,1681.344
2023-04-02 18:00:00,921.6,1658.88
2023-04-02 19:00:00,976.384,1757.4912
2023-04-02 20:00:00,915.904,1648.6272
2023-04-02 21:00:00,973.504,1752.3072
2023-04-02 22:00:00,921.6,1658.88
2023-04-02 23:00:00,979.2,1762.56
2023-04-03 00:00:00,924.48,1664.064
2023-04-03 01:00:00,982.08,1767.744
2023-04-03 02:00:00,924.48,1664.064
2023-04-03 03:00:00,982.08,1767.744
2023-04-03 04:00:00,1003.328,1805.9904
2023-04-03 05:00:00,1060.928,1909.6704
2023-04-03 06:00:00,959.616,1727.3088
2023-04-03 07:00:00,1025.856,1846.5408
2023-04-03 08:00:00,972.544,1750.5792
2023-04-03 09:00:00,1078.72,1941.696
2023-04-03 10:00:00,1271.872,2289.3696
2023-04-03 11:00:00,1329.472,2393.0496
2023-04-03 12:00:00,1029.76,1853.568
2023-04-03 13:00:00,1091.648,1964.9664
2023-04-03 14:00:00,1284.736,2312.5248
2023-04-03 15:00:00,1338.048,2408.4864
2023-04-03 16:00:00,1034.048,1861.2864
2023-04-03 17:00:00,1051.648,1892.9664
2023-04-03 18:00:00,1037.76,1867.968
2023-04-03 19:00:00,1095.36,1971.648
2023-04-03 20:00:00,1037.76,1867.968
2023-04-03 21:00:00,1095.36,1971.648
2023-04-03 22:00:00,1042.048,1875.6864
2023-04-03 23:00:00,1095.36,1971.648
2023-04-04 00:00:00,1042.048,1875.6864
2023-04-04 01:00:00,1091.072,1963.9296
2023-04-04 02:00:00,1029.12,1852.416
2023-04-04 03:00:00,1095.36,1971.648
2023-04-04 04:00:00,1007.616,1813.7088
2023-04-04 05:00:00,976.384,1757.4912
2023-04-04 06:00:00,859.264,1546.6752
2023-04-04 07:00:00,916.864,1650.3552
2023-04-04 08:00:00,856.448,1541.6064
2023-04-04 09:00:00,914.048,1645.2864
2023-04-04 10:00:00,1054.848,1898.7264
2023-04-04 11:00:00,1109.568,1997.2224
2023-04-04 12:00:00,850.688,1531.2384
2023-04-04 13:00:00,911.168,1640.1024
2023-04-04 14:00:00,1049.088,1888.3584
2023-04-04 15:00:00,1106.688,1992.0384
2023-04-04 16:00:00,736,1324.8
2023-04-04 17:00:00,793.6,1428.48
2023-04-04 18:00:00,784,1411.2
2023-04-04 19:00:00,841.6,1514.88
2023-04-04 20:00:00,784,1411.2
2023-04-04 21:00:00,841.6,1514.88
2023-04-04 22:00:00,784,1411.2
2023-04-04 23:00:00,842.624,1516.7232
2023-04-05 00:00:00,789.504,1421.1072
2023-04-05 01:00:00,845.632,1522.1376
2023-04-05 02:00:00,793.984,1429.1712
2023-04-05 03:00:00,850.112,1530.2016
2023-04-05 04:00:00,792.512,1426.5216
2023-04-05 05:00:00,848.576,1527.4368
2023-04-05 06:00:00,738.496,1329.2928
2023-04-05 07:00:00,793.6,1428.48
2023-04-05 08:00:00,736,1324.8
2023-04-05 09:00:00,914.048,1645.2864
2023-04-05 10:00:00,1060.544,1908.9792
2023-04-05 11:00:00,1126.784,2028.2112
2023-04-05 12:00:00,867.904,1562.2272
2023-04-05 13:00:00,925.504,1665.9072
2023-04-05 14:00:00,1066.304,1919.3472
2023-04-05 15:00:00,1123.904,2023.0272
2023-04-05 16:00:00,867.904,1562.2272
2023-04-05 17:00:00,925.504,1665.9072
2023-04-05 18:00:00,910.144,1638.2592
2023-04-05 19:00:00,967.744,1741.9392
2023-04-05 20:00:00,913.024,1643.4432
2023-04-05 21:00:00,967.744,1741.9392
2023-04-05 22:00:00,907.264,1633.0752
2023-04-05 23:00:00,962.048,1731.6864
2023-04-06 00:00:00,901.568,1622.8224
2023-04-06 01:00:00,959.168,1726.5024
2023-04-06 02:00:00,898.688,1617.6384
2023-04-06 03:00:00,957.312,1723.1616
2023-04-06 04:00:00,899.712,1619.4816
2023-04-06 05:00:00,957.312,1723.1616
2023-04-06 06:00:00,740.032,1332.0576
2023-04-06 07:00:00,916.864,1650.3552
2023-04-06 08:00:00,862.144,1551.8592
2023-04-06 09:00:00,965.504,1737.9072
2023-04-06 10:00:00,1151.424,2072.5632
2023-04-06 11:00:00,1211.904,2181.4272
2023-04-06 12:00:00,910.784,1639.4112
2023-04-06 13:00:00,1048.64,1887.552
2023-04-06 14:00:00,1237.44,2227.392
2023-04-06 15:00:00,1295.04,2331.072
2023-04-06 16:00:00,995.328,1791.5904
2023-04-06 17:00:00,1012.928,1823.2704
2023-04-06 18:00:00,999.04,1798.272
2023-04-06 19:00:00,1060.928,1909.6704
2023-04-06 20:00:00,1007.616,1813.7088
2023-04-06 21:00:00,1065.216,1917.3888
2023-04-06 22:00:00,1003.328,1805.9904
2023-04-06 23:00:00,1060.928,1909.6704
2023-04-07 00:00:00,999.04,1798.272
2023-04-07 01:00:00,982.08,1767.744
2023-04-07 02:00:00,999.04,1798.272
2023-04-07 03:00:00,1056.64,1901.952
2023-04-07 04:00:00,999.04,1798.272
2023-04-07 05:00:00,1060.928,1909.6704
2023-04-07 06:00:00,959.616,1727.3088
2023-04-07 07:00:00,1021.568,1838.8224
2023-04-07 08:00:00,963.968,1735.1424
2023-04-07 09:00:00,1057.216,1902.9888
2023-04-07 10:00:00,1241.728,2235.1104
2023-04-07 11:00:00,1217.6,2191.68
2023-04-07 12:00:00,916.48,1649.664
2023-04-07 13:00:00,971.2,1748.16
2023-04-07 14:00:00,1157.184,2082.9312
2023-04-07 15:00:00,1217.6,2191.68
2023-04-07 16:00:00,907.904,1634.2272
2023-04-07 17:00:00,928.384,1671.0912
2023-04-07 18:00:00,915.904,1648.6272
2023-04-07 19:00:00,970.624,1747.1232
2023-04-07 20:00:00,910.144,1638.2592
2023-04-07 21:00:00,967.744,1741.9392
2023-04-07 22:00:00,907.264,1633.0752
2023-04-07 23:00:00,964.864,1736.7552
2023-04-08 00:00:00,904.448,1628.0064
2023-04-08 01:00:00,962.048,1731.6864
2023-04-08 02:00:00,902.528,1624.5504
2023-04-08 03:00:00,960.128,1728.2304
2023-04-08 04:00:00,899.712,1619.4816
2023-04-08 05:00:00,957.312,1723.1616
2023-04-08 06:00:00,850.688,1531.2384
2023-04-08 07:00:00,793.6,1428.48
2023-04-08 08:00:00,736,1324.8
2023-04-08 09:00:00,948.288,1706.9184
2023-04-08 10:00:00,1137.088,2046.7584
2023-04-08 11:00:00,1194.688,2150.4384
2023-04-08 12:00:00,890.688,1603.2384
2023-04-08 13:00:00,948.288,1706.9184
2023-04-08 14:00:00,1137.088,2046.7584
2023-04-08 15:00:00,1080,1944
2023-04-08 16:00:00,776,1396.8
2023-04-08 17:00:00,793.6,1428.48
2023-04-08 18:00:00,785.024,1413.0432
2023-04-08 19:00:00,842.624,1516.7232
2023-04-08 20:00:00,788.032,1418.4576
2023-04-08 21:00:00,847.104,1524.7872
2023-04-08 22:00:00,790.976,1423.7568
2023-04-08 23:00:00,848.576,1527.4368
2023-04-09 00:00:00,790.976,1423.7568
2023-04-09 01:00:00,848.576,1527.4368
2023-04-09 02:00:00,790.976,1423.7568
2023-04-09 03:00:00,848.576,1527.4368
2023-04-09 04:00:00,793.984,1429.1712
2023-04-09 05:00:00,848.576,1527.4368
2023-04-09 06:00:00,742.976,1337.3568
2023-04-09 07:00:00,800.576,1441.0368
2023-04-09 08:00:00,742.976,1337.3568
2023-04-09 09:00:00,840.576,1513.0368
2023-04-09 10:00:00,1026.432,1847.5776
2023-04-09 11:00:00,1082.496,1948.4928
2023-04-09 12:00:00,780.032,1404.0576
2023-04-09 13:00:00,836.096,1504.9728
2023-04-09 14:00:00,1138.112,2048.6016
2023-04-09 15:00:00,1195.712,2152.2816
2023-04-09 16:00:00,891.712,1605.0816
2023-04-09 17:00:00,909.312,1636.7616
2023-04-09 18:00:00,899.712,1619.4816
2023-04-09 19:00:00,957.312,1723.1616
2023-04-09 20:00:00,904.064,1627.3152
2023-04-09 21:00:00,961.664,1730.9952
2023-04-09 22:00:00,904.064,1627.3152
2023-04-09 23:00:00,960.32,1728.576
2023-04-10 00:00:00,902.72,1624.896
2023-04-10 01:00:00,960.32,1728.576
2023-04-10 02:00:00,790.976,1423.7568
2023-04-10 03:00:00,848.576,1527.4368
2023-04-10 04:00:00,902.72,1624.896
2023-04-10 05:00:00,963.136,1733.6448
2023-04-10 06:00:00,858.944,1546.0992
2023-04-10 07:00:00,915.008,1647.0144
2023-04-10 08:00:00,860.288,1548.5184
2023-04-10 09:00:00,959.744,1727.5392
2023-04-10 10:00:00,1154.304,2077.7472
2023-04-10 11:00:00,1214.784,2186.6112
2023-04-10 12:00:00,910.784,1639.4112
2023-04-10 13:00:00,1052.928,1895.2704
2023-04-10 14:00:00,1246.016,2242.8288
2023-04-10 15:00:00,1303.616,2346.5088
2023-04-10 16:00:00,1008.256,1814.8608
2023-04-10 17:00:00,1025.856,1846.5408
2023-04-10 18:00:00,1016.256,1829.2608
2023-04-10 19:00:00,1073.856,1932.9408
2023-04-10 20:00:00,1016.256,1829.2608
2023-04-10 21:00:00,1069.568,1925.2224
2023-04-10 22:00:00,1007.616,1813.7088
2023-04-10 23:00:00,1060.928,1909.6704
2023-04-11 00:00:00,924.48,1664.064
2023-04-11 01:00:00,979.2,1762.56
2023-04-11 02:00:00,918.784,1653.8112
2023-04-11 03:00:00,970.624,1747.1232
2023-04-11 04:00:00,910.144,1638.2592
2023-04-11 05:00:00,964.864,1736.7552
2023-04-11 06:00:00,870.784,1567.4112
2023-04-11 07:00:00,928.384,1671.0912
2023-04-11 08:00:00,870.784,1567.4112
2023-04-11 09:00:00,925.504,1665.9072
2023-04-11 10:00:00,1066.304,1919.3472
2023-04-11 11:00:00,1121.024,2017.8432
2023-04-11 12:00:00,865.024,1557.0432
2023-04-11 13:00:00,925.504,1665.9072
2023-04-11 14:00:00,1060.544,1908.9792
2023-04-11 15:00:00,1118.144,2012.6592
2023-04-11 16:00:00,862.144,1551.8592
2023-04-11 17:00:00,916.864,1650.3552
2023-04-11 18:00:00,901.568,1622.8224
2023-04-11 19:00:00,956.288,1721.3184
2023-04-11 20:00:00,898.688,1617.6384
2023-04-11 21:00:00,841.6,1514.88
2023-04-11 22:00:00,784,1411.2
2023-04-11 23:00:00,841.6,1514.88
2023-04-12 00:00:00,784,1411.2
2023-04-12 01:00:00,841.6,1514.88
2023-04-12 02:00:00,785.024,1413.0432
2023-04-12 03:00:00,844.096,1519.3728
2023-04-12 04:00:00,785.024,1413.0432
2023-04-12 05:00:00,842.624,1516.7232
2023-04-12 06:00:00,736,1324.8
2023-04-12 07:00:00,911.168,1640.1024
2023-04-12 08:00:00,859.264,1546.6752
2023-04-12 09:00:00,919.744,1655.5392
2023-04-12 10:00:00,1063.424,1914.1632
2023-04-12 11:00:00,1121.024,2017.8432
2023-04-12 12:00:00,870.784,1567.4112
2023-04-12 13:00:00,936.704,1686.0672
2023-04-12 14:00:00,1072,1929.6
2023-04-12 15:00:00,1132.48,2038.464
2023-04-12 16:00:00,876.48,1577.664
2023-04-12 17:00:00,931.2,1676.16
2023-04-12 18:00:00,915.904,1648.6272
2023-04-12 19:00:00,973.504,1752.3072
2023-04-12 20:00:00,918.784,1653.8112
2023-04-12 21:00:00,973.504,1752.3072
2023-04-12 22:00:00,910.144,1638.2592
2023-04-12 23:00:00,967.744,1741.9392
2023-04-13 00:00:00,907.264,1633.0752
2023-04-13 01:00:00,962.048,1731.6864
2023-04-13 02:00:00,904.448,1628.0064
2023-04-13 03:00:00,962.048,1731.6864
2023-04-13 04:00:00,904.448,1628.0064
2023-04-13 05:00:00,962.048,1731.6864
2023-04-13 06:00:00,862.144,1551.8592
2023-04-13 07:00:00,925.504,1665.9072
2023-04-13 08:00:00,870.784,1567.4112
2023-04-13 09:00:00,974.08,1753.344
2023-04-13 10:00:00,1238.528,2229.3504
2023-04-13 11:00:00,1303.616,2346.5088
2023-04-13 12:00:00,1009.088,1816.3584
2023-04-13 13:00:00,1073.664,1932.5952
2023-04-13 14:00:00,1268.608,2283.4944
2023-04-13 15:00:00,1326.208,2387.1744
2023-04-13 16:00:00,1021.184,1838.1312
2023-04-13 17:00:00,1032.768,1858.9824
2023-04-13 18:00:00,1022.272,1840.0896
2023-04-13 19:00:00,1078.144,1940.6592
2023-04-13 20:00:00,1016.256,1829.2608
2023-04-13 21:00:00,1069.568,1925.2224
2023-04-13 22:00:00,1020.544,1836.9792
2023-04-13 23:00:00,1078.144,1940.6592
2023-04-14 00:00:00,1024.832,1844.6976
2023-04-14 01:00:00,1082.432,1948.3776
2023-04-14 02:00:00,1020.544,1836.9792
2023-04-14 03:00:00,1086.72,1956.096
2023-04-14 04:00:00,1033.472,1860.2496
2023-04-14 05:00:00,1086.72,1956.096
2023-04-14 06:00:00,985.472,1773.8496
2023-04-14 07:00:00,1017.216,1830.9888
2023-04-14 08:00:00,955.328,1719.5904
2023-04-14 09:00:00,1048.64,1887.552
2023-04-14 10:00:00,1237.44,2227.392
2023-04-14 11:00:00,1295.04,2331.072
2023-04-14 12:00:00,916.48,1649.664
2023-04-14 13:00:00,1048.64,1887.552
2023-04-14 14:00:00,1237.44,2227.392
2023-04-14 15:00:00,1220.48,2196.864
2023-04-14 16:00:00,916.48,1649.664
2023-04-14 17:00:00,934.08,1681.344
2023-04-14 18:00:00,921.6,1658.88
2023-04-14 19:00:00,979.2,1762.56
2023-04-14 20:00:00,921.6,1658.88
2023-04-14 21:00:00,982.08,1767.744
2023-04-14 22:00:00,921.6,1658.88
2023-04-14 23:00:00,979.2,1762.56
2023-04-15 00:00:00,915.904,1648.6272
2023-04-15 01:00:00,967.744,1741.9392
2023-04-15 02:00:00,904.448,1628.0064
2023-04-15 03:00:00,959.168,1726.5024
2023-04-15 04:00:00,898.688,1617.6384
2023-04-15 05:00:00,956.288,1721.3184
2023-04-15 06:00:00,853.568,1536.4224
2023-04-15 07:00:00,914.048,1645.2864
2023-04-15 08:00:00,862.144,1551.8592
2023-04-15 09:00:00,962.624,1732.7232
2023-04-15 10:00:00,1156.416,2081.5488
2023-04-15 11:00:00,1215.104,2187.1872
2023-04-15 12:00:00,914.24,1645.632
2023-04-15 13:00:00,975.616,1756.1088
2023-04-15 14:00:00,1165.376,2097.6768
2023-04-15 15:00:00,1225.088,2205.1584
2023-04-15 16:00:00,919.744,1655.5392
2023-04-15 17:00:00,931.84,1677.312
2023-04-15 18:00:00,917.632,1651.7376
2023-04-15 19:00:00,970.624,1747.1232
2023-04-15 20:00:00,913.024,1643.4432
2023-04-15 21:00:00,967.744,1741.9392
2023-04-15 22:00:00,907.264,1633.0752
2023-04-15 23:00:00,964.864,1736.7552
2023-04-16 00:00:00,904.448,1628.0064
2023-04-16 01:00:00,962.048,1731.6864
2023-04-16 02:00:00,898.688,1617.6384
2023-04-16 03:00:00,841.6,1514.88
2023-04-16 04:00:00,784,1411.2
2023-04-16 05:00:00,959.168,1726.5024
2023-04-16 06:00:00,853.568,1536.4224
2023-04-16 07:00:00,914.048,1645.2864
2023-04-16 08:00:00,856.448,1541.6064
2023-04-16 09:00:00,959.744,1727.5392
2023-04-16 10:00:00,1142.848,2057.1264
2023-04-16 11:00:00,1200.448,2160.8064
2023-04-16 12:00:00,896.448,1613.6064
2023-04-16 13:00:00,954.048,1717.2864
2023-04-16 14:00:00,1142.848,2057.1264
2023-04-16 15:00:00,1200.448,2160.8064
2023-04-16 16:00:00,899.264,1618.6752
2023-04-16 17:00:00,922.624,1660.7232
2023-04-16 18:00:00,913.024,1643.4432
2023-04-16 19:00:00,973.504,1752.3072
2023-04-16 20:00:00,918.784,1653.8112
2023-04-16 21:00:00,1056.64,1901.952
2023-04-16 22:00:00,999.04,1798.272
2023-04-16 23:00:00,1060.928,1909.6704
2023-04-17 00:00:00,1003.328,1805.9904
2023-04-17 01:00:00,1060.928,1909.6704
2023-04-17 02:00:00,1007.616,1813.7088
2023-04-17 03:00:00,1065.216,1917.3888
2023-04-17 04:00:00,1007.616,1813.7088
2023-04-17 05:00:00,1069.568,1925.2224
2023-04-17 06:00:00,963.968,1735.1424
2023-04-17 07:00:00,1025.856,1846.5408
2023-04-17 08:00:00,972.544,1750.5792
2023-04-17 09:00:00,1083.072,1949.5296
2023-04-17 10:00:00,1271.872,2289.3696
2023-04-17 11:00:00,1333.76,2400.768
2023-04-17 12:00:00,1034.944,1862.8992
2023-04-17 13:00:00,1100.288,1980.5184
2023-04-17 14:00:00,1290.112,2322.2016
2023-04-17 15:00:00,1354.112,2437.4016
2023-04-17 16:00:00,1044.48,1880.064
2023-04-17 17:00:00,1061.184,1910.1312
2023-04-17 18:00:00,1050.688,1891.2384
2023-04-17 19:00:00,1102.272,1984.0896
2023-04-17 20:00:00,1038.592,1869.4656
2023-04-17 21:00:00,1091.072,1963.9296
2023-04-17 22:00:00,1029.12,1852.416
2023-04-17 23:00:00,1073.856,1932.9408
2023-04-18 00:00:00,1016.256,1829.2608
2023-04-18 01:00:00,1065.216,1917.3888
2023-04-18 02:00:00,1007.616,1813.7088
2023-04-18 03:00:00,1065.216,1917.3888
2023-04-18 04:00:00,999.04,1798.272
2023-04-18 05:00:00,1060.928,1909.6704
2023-04-18 06:00:00,972.544,1750.5792
2023-04-18 07:00:00,1035.328,1863.5904
2023-04-18 08:00:00,985.536,1773.9648
2023-04-18 09:00:00,1045.696,1882.2528
2023-04-18 10:00:00,1191.296,2144.3328
2023-04-18 11:00:00,1245.632,2242.1376
2023-04-18 12:00:00,992.512,1786.5216
2023-04-18 13:00:00,1060.416,1908.7488
2023-04-18 14:00:00,1204.16,2167.488
2023-04-18 15:00:00,1260.672,2269.2096
2023-04-18 16:00:00,999.424,1798.9632
2023-04-18 17:00:00,1056.128,1901.0304
2023-04-18 18:00:00,1040.512,1872.9216
2023-04-18 19:00:00,1086.848,1956.3264
2023-04-18 20:00:00,1008.576,1815.4368
2023-04-18 21:00:00,980.992,1765.7856
2023-04-18 22:00:00,918.784,1653.8112
2023-04-18 23:00:00,970.624,1747.1232
2023-04-19 00:00:00,910.144,1638.2592
2023-04-19 01:00:00,967.744,1741.9392
2023-04-19 02:00:00,904.448,1628.0064
2023-04-19 03:00:00,956.288,1721.3184
2023-04-19 04:00:00,901.568,1622.8224
2023-04-19 05:00:00,962.048,1731.6864
2023-04-19 06:00:00,862.144,1551.8592
2023-04-19 07:00:00,919.744,1655.5392
2023-04-19 08:00:00,865.024,1557.0432
2023-04-19 09:00:00,925.504,1665.9072
2023-04-19 10:00:00,1074.88,1934.784
2023-04-19 11:00:00,1132.48,2038.464
2023-04-19 12:00:00,865.024,1557.0432
2023-04-19 13:00:00,922.624,1660.7232
2023-04-19 14:00:00,1060.544,1908.9792
2023-04-19 15:00:00,1118.144,2012.6592
2023-04-19 16:00:00,862.144,1551.8592
2023-04-19 17:00:00,916.864,1650.3552
2023-04-19 18:00:00,904.448,1628.0064
2023-04-19 19:00:00,962.048,1731.6864
2023-04-19 20:00:00,907.264,1633.0752
2023-04-19 21:00:00,964.864,1736.7552
2023-04-19 22:00:00,910.144,1638.2592
2023-04-19 23:00:00,967.744,1741.9392
2023-04-20 00:00:00,913.024,1643.4432
2023-04-20 01:00:00,973.504,1752.3072
2023-04-20 02:00:00,918.784,1653.8112
2023-04-20 03:00:00,979.2,1762.56
2023-04-20 04:00:00,924.48,1664.064
2023-04-20 05:00:00,982.08,1767.744
2023-04-20 06:00:00,876.48,1577.664
2023-04-20 07:00:00,1008.64,1815.552
2023-04-20 08:00:00,959.616,1727.3088
2023-04-20 09:00:00,1070.144,1926.2592
2023-04-20 10:00:00,1263.232,2273.8176
2023-04-20 11:00:00,1312.256,2362.0608
2023-04-20 12:00:00,1021.12,1838.016
2023-04-20 13:00:00,1078.72,1941.696
2023-04-20 14:00:00,1263.232,2273.8176
2023-04-20 15:00:00,1325.12,2385.216
2023-04-20 16:00:00,1025.472,1845.8496
2023-04-20 17:00:00,1038.72,1869.696
2023-04-20 18:00:00,1024.832,1844.6976
2023-04-20 19:00:00,1073.856,1932.9408
2023-04-20 20:00:00,1007.616,1813.7088
2023-04-20 21:00:00,1069.568,1925.2224
2023-04-20 22:00:00,1016.256,1829.2608
2023-04-20 23:00:00,1065.216,1917.3888
2023-04-21 00:00:00,1016.256,1829.2608
2023-04-21 01:00:00,1073.856,1932.9408
2023-04-21 02:00:00,1020.544,1836.9792
2023-04-21 03:00:00,1078.144,1940.6592
2023-04-21 04:00:00,1020.544,1836.9792
2023-04-21 05:00:00,1078.144,1940.6592
2023-04-21 06:00:00,976.832,1758.2976
2023-04-21 07:00:00,1034.432,1861.9776
2023-04-21 08:00:00,963.968,1735.1424
2023-04-21 09:00:00,1057.216,1902.9888
2023-04-21 10:00:00,1246.016,2242.8288
2023-04-21 11:00:00,1299.328,2338.7904
2023-04-21 12:00:00,991.936,1785.4848
2023-04-21 13:00:00,974.976,1754.9568
2023-04-21 14:00:00,1165.056,2097.1008
2023-04-21 15:00:00,1222.656,2200.7808
2023-04-21 16:00:00,913.6,1644.48
2023-04-21 17:00:00,925.504,1665.9072
2023-04-21 18:00:00,915.904,1648.6272
2023-04-21 19:00:00,970.624,1747.1232
2023-04-21 20:00:00,913.024,1643.4432
2023-04-21 21:00:00,973.504,1752.3072
2023-04-21 22:00:00,913.024,1643.4432
2023-04-21 23:00:00,967.744,1741.9392
2023-04-22 00:00:00,907.264,1633.0752
2023-04-22 01:00:00,967.744,1741.9392
2023-04-22 02:00:00,907.264,1633.0752
2023-04-22 03:00:00,964.864,1736.7552
2023-04-22 04:00:00,904.448,1628.0064
2023-04-22 05:00:00,964.864,1736.7552
2023-04-22 06:00:00,865.024,1557.0432
2023-04-22 07:00:00,931.2,1676.16
2023-04-22 08:00:00,951.04,1711.872
2023-04-22 09:00:00,1054.656,1898.3808
2023-04-22 10:00:00,1250.304,2250.5472
2023-04-22 11:00:00,1308.992,2356.1856
2023-04-22 12:00:00,1004.864,1808.7552
2023-04-22 13:00:00,1065.92,1918.656
2023-04-22 14:00:00,1249.216,2248.5888
2023-04-22 15:00:00,1303.616,2346.5088
2023-04-22 16:00:00,995.328,1791.5904
2023-04-22 17:00:00,1008.64,1815.552
2023-04-22 18:00:00,924.48,1664.064
2023-04-22 19:00:00,979.2,1762.56
2023-04-22 20:00:00,913.024,1643.4432
2023-04-22 21:00:00,964.864,1736.7552
2023-04-22 22:00:00,904.448,1628.0064
2023-04-22 23:00:00,959.168,1726.5024
2023-04-23 00:00:00,786.496,1415.6928
2023-04-23 01:00:00,844.096,1519.3728
2023-04-23 02:00:00,788.032,1418.4576
2023-04-23 03:00:00,845.632,1522.1376
2023-04-23 04:00:00,788.032,1418.4576
2023-04-23 05:00:00,845.632,1522.1376
2023-04-23 06:00:00,736,1324.8
2023-04-23 07:00:00,793.6,1428.48
2023-04-23 08:00:00,736,1324.8
2023-04-23 09:00:00,833.6,1500.48
2023-04-23 10:00:00,1022.4,1840.32
2023-04-23 11:00:00,1194.688,2150.4384
2023-04-23 12:00:00,890.688,1603.2384
2023-04-23 13:00:00,948.288,1706.9184
2023-04-23 14:00:00,1137.088,2046.7584
2023-04-23 15:00:00,1080,1944
2023-04-23 16:00:00,890.688,1603.2384
2023-04-23 17:00:00,793.6,1428.48
2023-04-23 18:00:00,784,1411.2
2023-04-23 19:00:00,842.624,1516.7232
2023-04-23 20:00:00,786.496,1415.6928
2023-04-23 21:00:00,844.096,1519.3728
2023-04-23 22:00:00,788.032,1418.4576
2023-04-23 23:00:00,847.104,1524.7872
2023-04-24 00:00:00,788.032,1418.4576
2023-04-24 01:00:00,847.104,1524.7872
2023-04-24 02:00:00,790.976,1423.7568
2023-04-24 03:00:00,848.576,1527.4368
2023-04-24 04:00:00,790.976,1423.7568
2023-04-24 05:00:00,848.576,1527.4368
2023-04-24 06:00:00,742.976,1337.3568
2023-04-24 07:00:00,796.096,1432.9728
2023-04-24 08:00:00,736,1324.8
2023-04-24 09:00:00,833.6,1500.48
2023-04-24 10:00:00,1022.4,1840.32
2023-04-24 11:00:00,1080,1944
2023-04-24 12:00:00,776,1396.8
2023-04-24 13:00:00,948.288,1706.9184
2023-04-24 14:00:00,1137.088,2046.7584
2023-04-24 15:00:00,1080,1944
2023-04-24 16:00:00,776,1396.8
2023-04-24 17:00:00,793.6,1428.48
2023-04-24 18:00:00,784,1411.2
2023-04-24 19:00:00,841.6,1514.88
2023-04-24 20:00:00,786.496,1415.6928
2023-04-24 21:00:00,845.632,1522.1376
2023-04-24 22:00:00,789.504,1421.1072
2023-04-24 23:00:00,847.104,1524.7872
2023-04-25 00:00:00,790.976,1423.7568
2023-04-25 01:00:00,850.112,1530.2016
2023-04-25 02:00:00,793.984,1429.1712
2023-04-25 03:00:00,851.584,1532.8512
2023-04-25 04:00:00,793.984,1429.1712
2023-04-25 05:00:00,848.576,1527.4368
2023-04-25 06:00:00,738.496,1329.2928
2023-04-25 07:00:00,793.6,1428.48
2023-04-25 08:00:00,736,1324.8
2023-04-25 09:00:00,793.6,1428.48
2023-04-25 10:00:00,1051.968,1893.5424
2023-04-25 11:00:00,1112.448,2002.4064
2023-04-25 12:00:00,859.264,1546.6752
2023-04-25 13:00:00,919.744,1655.5392
2023-04-25 14:00:00,1060.544,1908.9792
2023-04-25 15:00:00,1121.024,2017.8432
2023-04-25 16:00:00,865.024,1557.0432
2023-04-25 17:00:00,919.744,1655.5392
2023-04-25 18:00:00,907.264,1633.0752
2023-04-25 19:00:00,962.048,1731.6864
2023-04-25 20:00:00,913.024,1643.4432
2023-04-25 21:00:00,959.168,1726.5024
2023-04-25 22:00:00,901.568,1622.8224
2023-04-25 23:00:00,959.168,1726.5024
2023-04-26 00:00:00,901.568,1622.8224
2023-04-26 01:00:00,841.6,1514.88
2023-04-26 02:00:00,784,1411.2
2023-04-26 03:00:00,841.6,1514.88
2023-04-26 04:00:00,784,1411.2
2023-04-26 05:00:00,956.288,1721.3184
2023-04-26 06:00:00,856.448,1541.6064
2023-04-26 07:00:00,914.048,1645.2864
2023-04-26 08:00:00,859.264,1546.6752
2023-04-26 09:00:00,919.744,1655.5392
2023-04-26 10:00:00,1060.544,1908.9792
2023-04-26 11:00:00,1126.784,2028.2112
2023-04-26 12:00:00,865.024,1557.0432
2023-04-26 13:00:00,925.504,1665.9072
2023-04-26 14:00:00,1066.304,1919.3472
2023-04-26 15:00:00,1123.904,2023.0272
2023-04-26 16:00:00,867.904,1562.2272
2023-04-26 17:00:00,922.624,1660.7232
2023-04-26 18:00:00,910.144,1638.2592
2023-04-26 19:00:00,964.864,1736.7552
2023-04-26 20:00:00,907.264,1633.0752
2023-04-26 21:00:00,962.048,1731.6864
2023-04-26 22:00:00,904.448,1628.0064
2023-04-26 23:00:00,959.168,1726.5024
2023-04-27 00:00:00,901.568,1622.8224
2023-04-27 01:00:00,956.288,1721.3184
2023-04-27 02:00:00,898.688,1617.6384
2023-04-27 03:00:00,959.168,1726.5024
2023-04-27 04:00:00,901.568,1622.8224
2023-04-27 05:00:00,962.048,1731.6864
2023-04-27 06:00:00,856.448,1541.6064
2023-04-27 07:00:00,916.864,1650.3552
2023-04-27 08:00:00,865.024,1557.0432
2023-04-27 09:00:00,968.384,1743.0912
2023-04-27 10:00:00,1151.424,2072.5632
2023-04-27 11:00:00,1214.784,2186.6112
2023-04-27 12:00:00,910.784,1639.4112
2023-04-27 13:00:00,974.08,1753.344
2023-04-27 14:00:00,1160,2088
2023-04-27 15:00:00,1214.784,2186.6112
2023-04-27 16:00:00,913.6,1644.48
2023-04-27 17:00:00,928.384,1671.0912
2023-04-27 18:00:00,915.904,1648.6272
2023-04-27 19:00:00,970.624,1747.1232
2023-04-27 20:00:00,913.024,1643.4432
2023-04-27 21:00:00,970.624,1747.1232
2023-04-27 22:00:00,913.024,1643.4432
2023-04-27 23:00:00,970.624,1747.1232
2023-04-28 00:00:00,913.024,1643.4432
2023-04-28 01:00:00,970.624,1747.1232
2023-04-28 02:00:00,913.024,1643.4432
2023-04-28 03:00:00,967.744,1741.9392
2023-04-28 04:00:00,910.144,1638.2592
2023-04-28 05:00:00,970.624,1747.1232
2023-04-28 06:00:00,870.784,1567.4112
2023-04-28 07:00:00,928.384,1671.0912
2023-04-28 08:00:00,870.784,1567.4112
2023-04-28 09:00:00,971.2,1748.16
2023-04-28 10:00:00,1162.88,2093.184
2023-04-28 11:00:00,1297.152,2334.8736
2023-04-28 12:00:00,997.952,1796.3136
2023-04-28 13:00:00,1056.448,1901.6064
2023-04-28 14:00:00,1253.504,2256.3072
2023-04-28 15:00:00,1310.016,2358.0288
2023-04-28 16:00:00,1004.032,1807.2576
2023-04-28 17:00:00,1021.632,1838.9376
2023-04-28 18:00:00,1005.056,1809.1008
2023-04-28 19:00:00,1061.824,1911.2832
2023-04-28 20:00:00,1003.328,1805.9904
2023-04-28 21:00:00,1056.64,1901.952
2023-04-28 22:00:00,999.04,1798.272
2023-04-28 23:00:00,982.08,1767.744
2023-04-29 00:00:00,921.6,1658.88
2023-04-29 01:00:00,979.2,1762.56
2023-04-29 02:00:00,921.6,1658.88
2023-04-29 03:00:00,979.2,1762.56
2023-04-29 04:00:00,921.6,1658.88
2023-04-29 05:00:00,982.08,1767.744
2023-04-29 06:00:00,955.328,1719.5904
2023-04-29 07:00:00,1017.216,1830.9888
2023-04-29 08:00:00,970.88,1747.584
2023-04-29 09:00:00,1075.392,1935.7056
2023-04-29 10:00:00,1262.08,2271.744
2023-04-29 11:00:00,1326.144,2387.0592
2023-04-29 12:00:00,1021.248,1838.2464
2023-04-29 13:00:00,1079.744,1943.5392
2023-04-29 14:00:00,1277.12,2298.816
2023-04-29 15:00:00,1330.432,2394.7776
2023-04-29 16:00:00,1023.04,1841.472
2023-04-29 17:00:00,1037.12,1866.816
2023-04-29 18:00:00,1019.712,1835.4816
2023-04-29 19:00:00,1060.928,1909.6704
2023-04-29 20:00:00,924.48,1664.064
2023-04-29 21:00:00,982.08,1767.744
2023-04-29 22:00:00,921.6,1658.88
2023-04-29 23:00:00,976.384,1757.4912
2023-04-30 00:00:00,913.024,1643.4432
2023-04-30 01:00:00,967.744,1741.9392
2023-04-30 02:00:00,913.024,1643.4432
2023-04-30 03:00:00,967.744,1741.9392
2023-04-30 04:00:00,910.144,1638.2592
2023-04-30 05:00:00,967.744,1741.9392
2023-04-30 06:00:00,870.784,1567.4112
2023-04-30 07:00:00,934.08,1681.344
2023-04-30 08:00:00,951.04,1711.872
2023-04-30 09:00:00,1061.568,1910.8224
2023-04-30 10:00:00,1241.728,2235.1104
2023-04-30 11:00:00,1299.328,2338.7904
2023-04-30 12:00:00,991.04,1783.872
2023-04-30 13:00:00,974.08,1753.344
2023-04-30 14:00:00,1237.44,2227.392
2023-04-30 15:00:00,1217.6,2191.68
2023-04-30 16:00:00,916.48,1649.664
2023-04-30 17:00:00,931.2,1676.16
2023-04-30 18:00:00,918.784,1653.8112
2023-04-30 19:00:00,973.504,1752.3072
2023-04-30 20:00:00,918.784,1653.8112
2023-04-30 21:00:00,973.504,1752.3072
2023-04-30 22:00:00,915.904,1648.6272
2023-04-30 23:00:00,973.504,1752.3072
2023-05-01 00:00:00,913.024,1643.4432
2023-05-01 01:00:00,970.624,1747.1232
2023-05-01 02:00:00,913.024,1643.4432
2023-05-01 03:00:00,973.504,1752.3072
2023-05-01 04:00:00,913.024,1643.4432
2023-05-01 05:00:00,973.504,1752.3072
2023-05-01 06:00:00,867.904,1562.2272
2023-05-01 07:00:00,931.2,1676.16
2023-05-01 08:00:00,873.6,1572.48
2023-05-01 09:00:00,971.2,1748.16
2023-05-01 10:00:00,1160,2088
2023-05-01 11:00:00,1220.48,2196.864
2023-05-01 12:00:00,991.04,1783.872
2023-05-01 13:00:00,1048.64,1887.552
2023-05-01 14:00:00,1237.44,2227.392
2023-05-01 15:00:00,1217.6,2191.68
2023-05-01 16:00:00,910.784,1639.4112
2023-05-01 17:00:00,925.504,1665.9072
2023-05-01 18:00:00,867.904,1562.2272
2023-05-01 19:00:00,973.504,1752.3072
2023-05-01 20:00:00,913.024,1643.4432
2023-05-01 21:00:00,970.624,1747.1232
2023-05-01 22:00:00,910.144,1638.2592
2023-05-01 23:00:00,967.744,1741.9392
2023-05-02 00:00:00,910.144,1638.2592
2023-05-02 01:00:00,970.624,1747.1232
2023-05-02 02:00:00,913.024,1643.4432
2023-05-02 03:00:00,967.744,1741.9392
2023-05-02 04:00:00,910.144,1638.2592
2023-05-02 05:00:00,970.624,1747.1232
2023-05-02 06:00:00,870.784,1567.4112
2023-05-02 07:00:00,1008.64,1815.552
2023-05-02 08:00:00,955.328,1719.5904
2023-05-02 09:00:00,1012.928,1823.2704
2023-05-02 10:00:00,1158.016,2084.4288
2023-05-02 11:00:00,1226.368,2207.4624
2023-05-02 12:00:00,970.88,1747.584
2023-05-02 13:00:00,1025.856,1846.5408
2023-05-02 14:00:00,1153.728,2076.7104
2023-05-02 15:00:00,1207.04,2172.672
2023-05-02 16:00:00,876.48,1577.664
2023-05-02 17:00:00,928.384,1671.0912
2023-05-02 18:00:00,867.904,1562.2272
2023-05-02 19:00:00,973.504,1752.3072
2023-05-02 20:00:00,913.024,1643.4432
2023-05-02 21:00:00,970.624,1747.1232
2023-05-02 22:00:00,913.024,1643.4432
2023-05-02 23:00:00,970.624,1747.1232
2023-05-03 00:00:00,913.024,1643.4432
2023-05-03 01:00:00,967.744,1741.9392
2023-05-03 02:00:00,910.144,1638.2592
2023-05-03 03:00:00,967.744,1741.9392
2023-05-03 04:00:00,907.264,1633.0752
2023-05-03 05:00:00,970.624,1747.1232
2023-05-03 06:00:00,870.784,1567.4112
2023-05-03 07:00:00,1008.64,1815.552
2023-05-03 08:00:00,955.328,1719.5904
2023-05-03 09:00:00,1026.688,1848.0384
2023-05-03 10:00:00,1184.832,2132.6976
2023-05-03 11:00:00,1240.256,2232.4608
2023-05-03 12:00:00,990.72,1783.296
2023-05-03 13:00:00,1050.112,1890.2016
2023-05-03 14:00:00,1187.008,2136.6144
2023-05-03 15:00:00,1238.144,2228.6592
2023-05-03 16:00:00,975.232,1755.4176
2023-05-03 17:00:00,1037.12,1866.816
2023-05-03 18:00:00,977.792,1760.0256
2023-05-03 19:00:00,1075.584,1936.0512
2023-05-03 20:00:00,1017.984,1832.3712
2023-05-03 21:00:00,1069.568,1925.2224
2023-05-03 22:00:00,1007.616,1813.7088
2023-05-03 23:00:00,1060.928,1909.6704
2023-05-04 00:00:00,1003.328,1805.9904
2023-05-04 01:00:00,1060.928,1909.6704
2023-05-04 02:00:00,999.04,1798.272
2023-05-04 03:00:00,1056.64,1901.952
2023-05-04 04:00:00,999.04,1798.272
2023-05-04 05:00:00,1065.216,1917.3888
2023-05-04 06:00:00,963.968,1735.1424
2023-05-04 07:00:00,1036.16,1865.088
2023-05-04 08:00:00,992.448,1786.4064
2023-05-04 09:00:00,1103.872,1986.9696
2023-05-04 10:00:00,1305.024,2349.0432
2023-05-04 11:00:00,1352.96,2435.328
2023-05-04 12:00:00,1050.624,1891.1232
2023-05-04 13:00:00,1109.12,1996.416
2023-05-04 14:00:00,1296.384,2333.4912
2023-05-04 15:00:00,1358.336,2445.0048
2023-05-04 16:00:00,1049.728,1889.5104
2023-05-04 17:00:00,1066.496,1919.6928
2023-05-04 18:00:00,1002.816,1805.0688
2023-05-04 19:00:00,1106.688,1992.0384
2023-05-04 20:00:00,1041.28,1874.304
2023-05-04 21:00:00,1092.864,1967.1552
2023-05-04 22:00:00,1035.264,1863.4752
2023-05-04 23:00:00,1091.968,1965.5424
2023-05-05 00:00:00,1032.64,1858.752
2023-05-05 01:00:00,1089.344,1960.8192
2023-05-05 02:00:00,1025.728,1846.3104
2023-05-05 03:00:00,1082.432,1948.3776
2023-05-05 04:00:00,1020.544,1836.9792
2023-05-05 05:00:00,1082.432,1948.3776
2023-05-05 06:00:00,993.216,1787.7888
2023-05-05 07:00:00,1062.912,1913.2416
2023-05-05 08:00:00,1018.304,1832.9472
2023-05-05 09:00:00,1126.272,2027.2896
2023-05-05 10:00:00,1319.04,2374.272
2023-05-05 11:00:00,1389.504,2501.1072
2023-05-05 12:00:00,1072.128,1929.8304
2023-05-05 13:00:00,1129.728,2033.5104
2023-05-05 14:00:00,1325.44,2385.792
2023-05-05 15:00:00,1370.176,2466.3168
2023-05-05 16:00:00,1056.576,1901.8368
2023-05-05 17:00:00,1073.28,1931.904
2023-05-05 18:00:00,1015.68,1828.224
2023-05-05 19:00:00,1116.096,2008.9728
2023-05-05 20:00:00,1056.768,1902.1824
2023-05-05 21:00:00,1109.184,1996.5312
2023-05-05 22:00:00,1055.872,1900.5696
2023-05-05 23:00:00,1101.44,1982.592
2023-05-06 00:00:00,1032.64,1858.752
2023-05-06 01:00:00,1085.952,1954.7136
2023-05-06 02:00:00,1027.456,1849.4208
2023-05-06 03:00:00,1072.192,1929.9456
2023-05-06 04:00:00,1013.696,1824.6528
2023-05-06 05:00:00,1071.296,1928.3328
2023-05-06 06:00:00,969.088,1744.3584
2023-05-06 07:00:00,1027.584,1849.6512
2023-05-06 08:00:00,969.088,1744.3584
2023-05-06 09:00:00,1068.48,1923.264
2023-05-06 10:00:00,1262.144,2271.8592
2023-05-06 11:00:00,1319.744,2375.5392
2023-05-06 12:00:00,1014.272,1825.6896
2023-05-06 13:00:00,1083.136,1949.6448
2023-05-06 14:00:00,1255.68,2260.224
2023-05-06 15:00:00,1317.568,2371.6224
2023-05-06 16:00:00,1023.744,1842.7392
2023-05-06 17:00:00,1030.144,1854.2592
2023-05-06 18:00:00,963.968,1735.1424
2023-05-06 19:00:00,1065.216,1917.3888
2023-05-06 20:00:00,1011.968,1821.5424
2023-05-06 21:00:00,1065.216,1917.3888
2023-05-06 22:00:00,1007.616,1813.7088
2023-05-06 23:00:00,1065.216,1917.3888
2023-05-07 00:00:00,1007.616,1813.7088
2023-05-07 01:00:00,1065.216,1917.3888
2023-05-07 02:00:00,1007.616,1813.7088
2023-05-07 03:00:00,1060.928,1909.6704
2023-05-07 04:00:00,1003.328,1805.9904
2023-05-07 05:00:00,1069.568,1925.2224
2023-05-07 06:00:00,972.544,1750.5792
2023-05-07 07:00:00,1031.04,1855.872
2023-05-07 08:00:00,986.368,1775.4624
2023-05-07 09:00:00,1084.864,1952.7552
2023-05-07 10:00:00,1286.784,2316.2112
2023-05-07 11:00:00,1341.184,2414.1312
2023-05-07 12:00:00,1039.36,1870.848
2023-05-07 13:00:00,1087.488,1957.4784
2023-05-07 14:00:00,1278.208,2300.7744
2023-05-07 15:00:00,1330.432,2394.7776
2023-05-07 16:00:00,1023.808,1842.8544
2023-05-07 17:00:00,1038.784,1869.8112
2023-05-07 18:00:00,982.016,1767.6288
2023-05-07 19:00:00,1082.432,1948.3776
2023-05-07 20:00:00,1020.544,1836.9792
2023-05-07 21:00:00,1073.856,1932.9408
2023-05-07 22:00:00,1016.256,1829.2608
2023-05-07 23:00:00,1073.856,1932.9408
2023-05-08 00:00:00,1016.256,1829.2608
2023-05-08 01:00:00,1078.144,1940.6592
2023-05-08 02:00:00,1020.544,1836.9792
2023-05-08 03:00:00,1073.856,1932.9408
2023-05-08 04:00:00,1007.616,1813.7088
2023-05-08 05:00:00,1069.568,1925.2224
2023-05-08 06:00:00,976.832,1758.2976
2023-05-08 07:00:00,1047.36,1885.248
2023-05-08 08:00:00,1007.872,1814.1696
2023-05-08 09:00:00,1119.296,2014.7328
2023-05-08 10:00:00,1317.952,2372.3136
2023-05-08 11:00:00,1368.064,2462.5152
2023-05-08 12:00:00,1068.672,1923.6096
2023-05-08 13:00:00,1124.48,2024.064
2023-05-08 14:00:00,1316.864,2370.3552
2023-05-08 15:00:00,1370.176,2466.3168
2023-05-08 16:00:00,1058.304,1904.9472
2023-05-08 17:00:00,1070.72,1927.296
2023-05-08 18:00:00,997.632,1795.7376
2023-05-08 19:00:00,1099.712,1979.4816
2023-05-08 20:00:00,1038.592,1869.4656
2023-05-08 21:00:00,1091.072,1963.9296
2023-05-08 22:00:00,1033.472,1860.2496
2023-05-08 23:00:00,1091.072,1963.9296
2023-05-09 00:00:00,1033.472,1860.2496
2023-05-09 01:00:00,1091.072,1963.9296
2023-05-09 02:00:00,1037.76,1867.968
2023-05-09 03:00:00,1099.648,1979.3664
2023-05-09 04:00:00,1042.048,1875.6864
2023-05-09 05:00:00,1095.36,1971.648
2023-05-09 06:00:00,989.76,1781.568
2023-05-09 07:00:00,1047.36,1885.248
2023-05-09 08:00:00,989.76,1781.568
2023-05-09 09:00:00,1047.36,1885.248
2023-05-09 10:00:00,1192.448,2146.4064
2023-05-09 11:00:00,1250.048,2250.0864
2023-05-09 12:00:00,998.336,1797.0048
2023-05-09 13:00:00,1056.832,1902.2976
2023-05-09 14:00:00,1203.2,2165.76
2023-05-09 15:00:00,1254.336,2257.8048
2023-05-09 16:00:00,994.048,1789.2864
2023-05-09 17:00:00,1043.072,1877.5296
2023-05-09 18:00:00,981.12,1766.016
2023-05-09 19:00:00,1091.072,1963.9296
2023-05-09 20:00:00,1033.472,1860.2496
2023-05-09 21:00:00,1095.36,1971.648
2023-05-09 22:00:00,1042.048,1875.6864
2023-05-09 23:00:00,1095.36,1971.648
2023-05-10 00:00:00,1037.76,1867.968
2023-05-10 01:00:00,1099.648,1979.3664
2023-05-10 02:00:00,1042.048,1875.6864
2023-05-10 03:00:00,1099.648,1979.3664
2023-05-10 04:00:00,1046.336,1883.4048
2023-05-10 05:00:00,1099.648,1979.3664
2023-05-10 06:00:00,1002.624,1804.7232
2023-05-10 07:00:00,1069.696,1925.4528
2023-05-10 08:00:00,1022.464,1840.4352
2023-05-10 09:00:00,1093.888,1968.9984
2023-05-10 10:00:00,1243.968,2239.1424
2023-05-10 11:00:00,1309.056,2356.3008
2023-05-10 12:00:00,1054.464,1898.0352
2023-05-10 13:00:00,1115.52,2007.936
2023-05-10 14:00:00,1261.12,2270.016
2023-05-10 15:00:00,1320.832,2377.4976
2023-05-10 16:00:00,1050.24,1890.432
2023-05-10 17:00:00,1110.336,1998.6048
2023-05-10 18:00:00,1054.464,1898.0352
2023-05-10 19:00:00,1154.88,2078.784
2023-05-10 20:00:00,1091.2,1964.16
2023-05-10 21:00:00,1142.784,2057.0112
2023-05-10 22:00:00,1083.456,1950.2208
2023-05-10 23:00:00,1144.448,2060.0064
2023-05-11 00:00:00,1081.664,1946.9952
2023-05-11 01:00:00,1144.448,2060.0064
2023-05-11 02:00:00,1082.56,1948.608
2023-05-11 03:00:00,1144.448,2060.0064
2023-05-11 04:00:00,1081.664,1946.9952
2023-05-11 05:00:00,1140.16,2052.288
2023-05-11 06:00:00,1039.744,1871.5392
2023-05-11 07:00:00,1097.344,1975.2192
2023-05-11 08:00:00,1054.464,1898.0352
2023-05-11 09:00:00,1145.984,2062.7712
2023-05-11 10:00:00,1340.544,2412.9792
2023-05-11 11:00:00,1404.544,2528.1792
2023-05-11 12:00:00,1097.92,1976.256
2023-05-11 13:00:00,1153.792,2076.8256
2023-05-11 14:00:00,1345.92,2422.656
2023-05-11 15:00:00,1402.432,2524.3776
2023-05-11 16:00:00,1087.552,1957.5936
2023-05-11 17:00:00,1100.8,1981.44
2023-05-11 18:00:00,1031.104,1855.9872
2023-05-11 19:00:00,1130.688,2035.2384
2023-05-11 20:00:00,1067.072,1920.7296
2023-05-11 21:00:00,1129.792,2033.6256
2023-05-11 22:00:00,1064.448,1916.0064
2023-05-11 23:00:00,1122.048,2019.6864
2023-05-12 00:00:00,1064.448,1916.0064
2023-05-12 01:00:00,1122.048,2019.6864
2023-05-12 02:00:00,1068.736,1923.7248
2023-05-12 03:00:00,1126.336,2027.4048
2023-05-12 04:00:00,1069.568,1925.2224
2023-05-12 05:00:00,1134.144,2041.4592
2023-05-12 06:00:00,1028.544,1851.3792
2023-05-12 07:00:00,1092.16,1965.888
2023-05-12 08:00:00,1042.368,1876.2624
2023-05-12 09:00:00,1151.168,2072.1024
2023-05-12 10:00:00,1346.944,2424.4992
2023-05-12 11:00:00,1406.72,2532.096
2023-05-12 12:00:00,1100.544,1980.9792
2023-05-12 13:00:00,1143.488,2058.2784
2023-05-12 14:00:00,1342.592,2416.6656
2023-05-12 15:00:00,1383.04,2489.472
2023-05-12 16:00:00,1073.024,1931.4432
2023-05-12 17:00:00,1084.544,1952.1792
2023-05-12 18:00:00,1021.76,1839.168
2023-05-12 19:00:00,1117.056,2010.7008
2023-05-12 20:00:00,1054.272,1897.6896
2023-05-12 21:00:00,1106.624,1991.9232
2023-05-12 22:00:00,1016.256,1829.2608
2023-05-12 23:00:00,1069.568,1925.2224
2023-05-13 00:00:00,1007.616,1813.7088
2023-05-13 01:00:00,982.08,1767.744
2023-05-13 02:00:00,924.48,1664.064
2023-05-13 03:00:00,979.2,1762.56
2023-05-13 04:00:00,921.6,1658.88
2023-05-13 05:00:00,979.2,1762.56
2023-05-13 06:00:00,876.48,1577.664
2023-05-13 07:00:00,1012.928,1823.2704
2023-05-13 08:00:00,955.328,1719.5904
2023-05-13 09:00:00,1053.824,1896.8832
2023-05-13 10:00:00,1243.904,2239.0272
2023-05-13 11:00:00,1307.904,2354.2272
2023-05-13 12:00:00,1003.136,1805.6448
2023-05-13 13:00:00,1075.392,1935.7056
2023-05-13 14:00:00,1258.88,2265.984
2023-05-13 15:00:00,1304.704,2348.4672
2023-05-13 16:00:00,995.328,1791.5904
2023-05-13 17:00:00,934.08,1681.344
2023-05-13 18:00:00,876.48,1577.664
2023-05-13 19:00:00,973.504,1752.3072
2023-05-13 20:00:00,915.904,1648.6272
2023-05-13 21:00:00,973.504,1752.3072
2023-05-13 22:00:00,915.904,1648.6272
2023-05-13 23:00:00,970.624,1747.1232
2023-05-14 00:00:00,913.024,1643.4432
2023-05-14 01:00:00,970.624,1747.1232
2023-05-14 02:00:00,910.144,1638.2592
2023-05-14 03:00:00,967.744,1741.9392
2023-05-14 04:00:00,907.264,1633.0752
2023-05-14 05:00:00,967.744,1741.9392
2023-05-14 06:00:00,867.904,1562.2272
2023-05-14 07:00:00,928.384,1671.0912
2023-05-14 08:00:00,876.48,1577.664
2023-05-14 09:00:00,974.08,1753.344
2023-05-14 10:00:00,1165.056,2097.1008
2023-05-14 11:00:00,1306.816,2352.2688
2023-05-14 12:00:00,996.288,1793.3184
2023-05-14 13:00:00,1053.888,1896.9984
2023-05-14 14:00:00,1251.328,2252.3904
2023-05-14 15:00:00,1303.552,2346.3936
2023-05-14 16:00:00,1004.032,1807.2576
2023-05-14 17:00:00,1015.552,1827.9936
2023-05-14 18:00:00,951.936,1713.4848
2023-05-14 19:00:00,982.08,1767.744
2023-05-14 20:00:00,924.48,1664.064
2023-05-14 21:00:00,982.08,1767.744
2023-05-14 22:00:00,918.784,1653.8112
2023-05-14 23:00:00,973.504,1752.3072
2023-05-15 00:00:00,913.024,1643.4432
2023-05-15 01:00:00,970.624,1747.1232
2023-05-15 02:00:00,915.904,1648.6272
2023-05-15 03:00:00,973.504,1752.3072
2023-05-15 04:00:00,913.024,1643.4432
2023-05-15 05:00:00,973.504,1752.3072
2023-05-15 06:00:00,873.6,1572.48
2023-05-15 07:00:00,1012.928,1823.2704
2023-05-15 08:00:00,959.616,1727.3088
2023-05-15 09:00:00,1063.296,1913.9328
2023-05-15 10:00:00,1254.592,2258.2656
2023-05-15 11:00:00,1328.32,2390.976
2023-05-15 12:00:00,1029.888,1853.7984
2023-05-15 13:00:00,1080.576,1945.0368
2023-05-15 14:00:00,1269.632,2285.3376
2023-05-15 15:00:00,1325.12,2385.216
2023-05-15 16:00:00,1016.896,1830.4128
2023-05-15 17:00:00,1024.192,1843.5456
2023-05-15 18:00:00,960.512,1728.9216
2023-05-15 19:00:00,1065.216,1917.3888
2023-05-15 20:00:00,999.04,1798.272
2023-05-15 21:00:00,982.08,1767.744
2023-05-15 22:00:00,1003.328,1805.9904
2023-05-15 23:00:00,1065.216,1917.3888
2023-05-16 00:00:00,1011.968,1821.5424
2023-05-16 01:00:00,1073.856,1932.9408
2023-05-16 02:00:00,1016.256,1829.2608
2023-05-16 03:00:00,1078.144,1940.6592
2023-05-16 04:00:00,1020.544,1836.9792
2023-05-16 05:00:00,1082.432,1948.3776
2023-05-16 06:00:00,981.12,1766.016
2023-05-16 07:00:00,1043.072,1877.5296
2023-05-16 08:00:00,994.048,1789.2864
2023-05-16 09:00:00,1062.848,1913.1264
2023-05-16 10:00:00,1223.552,2202.3936
2023-05-16 11:00:00,1287.616,2317.7088
2023-05-16 12:00:00,1028.608,1851.4944
2023-05-16 13:00:00,1089.6,1961.28
2023-05-16 14:00:00,1241.792,2235.2256
2023-05-16 15:00:00,1291.904,2325.4272
2023-05-16 16:00:00,1026.816,1848.2688
2023-05-16 17:00:00,1084.416,1951.9488
2023-05-16 18:00:00,1031.104,1855.9872
2023-05-16 19:00:00,1117.696,2011.8528
2023-05-16 20:00:00,1054.976,1898.9568
2023-05-16 21:00:00,1112.576,2002.6368
2023-05-16 22:00:00,1075.648,1936.1664
2023-05-16 23:00:00,1133.248,2039.8464
2023-05-17 00:00:00,1075.648,1936.1664
2023-05-17 01:00:00,1137.536,2047.5648
2023-05-17 02:00:00,1074.752,1934.5536
2023-05-17 03:00:00,1128.064,2030.5152
2023-05-17 04:00:00,1070.464,1926.8352
2023-05-17 05:00:00,1133.248,2039.8464
2023-05-17 06:00:00,1032.832,1859.0976
2023-05-17 07:00:00,1098.24,1976.832
2023-05-17 08:00:00,1042.368,1876.2624
2023-05-17 09:00:00,1112.896,2003.2128
2023-05-17 10:00:00,1262.208,2271.9744
2023-05-17 11:00:00,1316.544,2369.7792
2023-05-17 12:00:00,1057.088,1902.7584
2023-05-17 13:00:00,1114.688,2006.4384
2023-05-17 14:00:00,1260.032,2268.0576
2023-05-17 15:00:00,1311.168,2360.1024
2023-05-17 16:00:00,1055.296,1899.5328
2023-05-17 17:00:00,1107.776,1993.9968
2023-05-17 18:00:00,1044.096,1879.3728
2023-05-17 19:00:00,1147.968,2066.3424
2023-05-17 20:00:00,1089.472,1961.0496
2023-05-17 21:00:00,1146.24,2063.232
2023-05-17 22:00:00,1094.656,1970.3808
2023-05-17 23:00:00,1147.072,2064.7296
2023-05-18 00:00:00,1089.472,1961.0496
2023-05-18 01:00:00,1140.16,2052.288
2023-05-18 02:00:00,1082.56,1948.608
2023-05-18 03:00:00,1134.144,2041.4592
2023-05-18 04:00:00,1081.664,1946.9952
2023-05-18 05:00:00,1139.264,2050.6752
2023-05-18 06:00:00,1034.56,1862.208
2023-05-18 07:00:00,1061.12,1910.016
2023-05-18 08:00:00,1008.704,1815.6672
2023-05-18 09:00:00,1095.936,1972.6848
2023-05-18 10:00:00,1284.736,2312.5248
2023-05-18 11:00:00,1338.048,2408.4864
2023-05-18 12:00:00,1025.472,1845.8496
2023-05-18 13:00:00,1083.072,1949.5296
2023-05-18 14:00:00,1271.872,2289.3696
2023-05-18 15:00:00,1325.12,2385.216
2023-05-18 16:00:00,1021.12,1838.016
2023-05-18 17:00:00,1034.432,1861.9776
2023-05-18 18:00:00,981.12,1766.016
2023-05-18 19:00:00,1086.72,1956.096
2023-05-18 20:00:00,1024.832,1844.6976
2023-05-18 21:00:00,1082.432,1948.3776
2023-05-18 22:00:00,1020.544,1836.9792
2023-05-18 23:00:00,1078.144,1940.6592
2023-05-19 00:00:00,1024.832,1844.6976
2023-05-19 01:00:00,1082.432,1948.3776
2023-05-19 02:00:00,1024.832,1844.6976
2023-05-19 03:00:00,1091.072,1963.9296
2023-05-19 04:00:00,1033.472,1860.2496
2023-05-19 05:00:00,1091.072,1963.9296
2023-05-19 06:00:00,989.76,1781.568
2023-05-19 07:00:00,1051.648,1892.9664
2023-05-19 08:00:00,994.048,1789.2864
2023-05-19 09:00:00,1095.936,1972.6848
2023-05-19 10:00:00,1294.4,2329.92
2023-05-19 11:00:00,1352,2433.6
2023-05-19 12:00:00,1064.192,1915.5456
2023-05-19 13:00:00,1135.68,2044.224
2023-05-19 14:00:00,1338.368,2409.0624
2023-05-19 15:00:00,1403.52,2526.336
2023-05-19 16:00:00,1096.192,1973.1456
2023-05-19 17:00:00,1096.512,1973.7216
2023-05-19 18:00:00,1032,1857.6
2023-05-19 19:00:00,1143.68,2058.624
2023-05-19 20:00:00,1085.184,1953.3312
2023-05-19 21:00:00,1143.68,2058.624
2023-05-19 22:00:00,1080.896,1945.6128
2023-05-19 23:00:00,1097.984,1976.3712
2023-05-20 00:00:00,1024.832,1844.6976
2023-05-20 01:00:00,1065.216,1917.3888
2023-05-20 02:00:00,1003.328,1805.9904
2023-05-20 03:00:00,1056.64,1901.952
2023-05-20 04:00:00,999.04,1798.272
2023-05-20 05:00:00,1060.928,1909.6704
2023-05-20 06:00:00,955.328,1719.5904
2023-05-20 07:00:00,1017.216,1830.9888
2023-05-20 08:00:00,955.328,1719.5904
2023-05-20 09:00:00,1052.928,1895.2704
2023-05-20 10:00:00,1237.44,2227.392
2023-05-20 11:00:00,1299.328,2338.7904
2023-05-20 12:00:00,991.04,1783.872
2023-05-20 13:00:00,1052.928,1895.2704
2023-05-20 14:00:00,1162.88,2093.184
2023-05-20 15:00:00,1295.04,2331.072
2023-05-20 16:00:00,916.48,1649.664
2023-05-20 17:00:00,934.08,1681.344
2023-05-20 18:00:00,870.784,1567.4112
2023-05-20 19:00:00,976.384,1757.4912
2023-05-20 20:00:00,915.904,1648.6272
2023-05-20 21:00:00,973.504,1752.3072
2023-05-20 22:00:00,915.904,1648.6272
2023-05-20 23:00:00,970.624,1747.1232
2023-05-21 00:00:00,913.024,1643.4432
2023-05-21 01:00:00,967.744,1741.9392
2023-05-21 02:00:00,910.144,1638.2592
2023-05-21 03:00:00,967.744,1741.9392
2023-05-21 04:00:00,910.144,1638.2592
2023-05-21 05:00:00,970.624,1747.1232
2023-05-21 06:00:00,865.024,1557.0432
2023-05-21 07:00:00,925.504,1665.9072
2023-05-21 08:00:00,867.904,1562.2272
2023-05-21 09:00:00,971.2,1748.16
2023-05-21 10:00:00,1157.184,2082.9312
2023-05-21 11:00:00,1214.784,2186.6112
2023-05-21 12:00:00,916.48,1649.664
2023-05-21 13:00:00,1048.64,1887.552
2023-05-21 14:00:00,1241.728,2235.1104
2023-05-21 15:00:00,1299.328,2338.7904
2023-05-21 16:00:00,995.328,1791.5904
2023-05-21 17:00:00,1012.928,1823.2704
2023-05-21 18:00:00,951.04,1711.872
2023-05-21 19:00:00,982.08,1767.744
2023-05-21 20:00:00,999.04,1798.272
2023-05-21 21:00:00,1056.64,1901.952
2023-05-21 22:00:00,1003.328,1805.9904
2023-05-21 23:00:00,1060.928,1909.6704
2023-05-22 00:00:00,999.04,1798.272
2023-05-22 01:00:00,1056.64,1901.952
2023-05-22 02:00:00,999.04,1798.272
2023-05-22 03:00:00,1056.64,1901.952
2023-05-22 04:00:00,924.48,1664.064
2023-05-22 05:00:00,1056.64,1901.952
2023-05-22 06:00:00,955.328,1719.5904
2023-05-22 07:00:00,1017.216,1830.9888
2023-05-22 08:00:00,969.984,1745.9712
2023-05-22 09:00:00,1075.392,1935.7056
2023-05-22 10:00:00,1271.808,2289.2544
2023-05-22 11:00:00,1331.52,2396.736
2023-05-22 12:00:00,1024.704,1844.4672
2023-05-22 13:00:00,1084.032,1951.2576
2023-05-22 14:00:00,1268.608,2283.4944
2023-05-22 15:00:00,1328.32,2390.976
2023-05-22 16:00:00,1023.808,1842.8544
2023-05-22 17:00:00,1034.496,1862.0928
2023-05-22 18:00:00,970.88,1747.584
2023-05-22 19:00:00,1073.856,1932.9408
2023-05-22 20:00:00,1007.616,1813.7088
2023-05-22 21:00:00,982.08,1767.744
2023-05-22 22:00:00,921.6,1658.88
2023-05-22 23:00:00,976.384,1757.4912
2023-05-23 00:00:00,910.144,1638.2592
2023-05-23 01:00:00,962.048,1731.6864
2023-05-23 02:00:00,898.688,1617.6384
2023-05-23 03:00:00,956.288,1721.3184
2023-05-23 04:00:00,898.688,1617.6384
2023-05-23 05:00:00,959.168,1726.5024
2023-05-23 06:00:00,856.448,1541.6064
2023-05-23 07:00:00,916.864,1650.3552
2023-05-23 08:00:00,859.264,1546.6752
2023-05-23 09:00:00,919.744,1655.5392
2023-05-23 10:00:00,1063.424,1914.1632
2023-05-23 11:00:00,1126.784,2028.2112
2023-05-23 12:00:00,875.392,1575.7056
2023-05-23 13:00:00,937.6,1687.68
2023-05-23 14:00:00,1154.752,2078.5536
2023-05-23 15:00:00,1213.44,2184.192
2023-05-23 16:00:00,955.392,1719.7056
2023-05-23 17:00:00,1019.072,1834.3296
2023-05-23 18:00:00,878.208,1580.7744
2023-05-23 19:00:00,979.2,1762.56
2023-05-23 20:00:00,999.04,1798.272
2023-05-23 21:00:00,1060.928,1909.6704
2023-05-23 22:00:00,999.04,1798.272
2023-05-23 23:00:00,982.08,1767.744
2023-05-24 00:00:00,918.784,1653.8112
2023-05-24 01:00:00,970.624,1747.1232
2023-05-24 02:00:00,913.024,1643.4432
2023-05-24 03:00:00,973.504,1752.3072
2023-05-24 04:00:00,915.904,1648.6272
2023-05-24 05:00:00,1056.64,1901.952
2023-05-24 06:00:00,955.328,1719.5904
2023-05-24 07:00:00,1025.856,1846.5408
2023-05-24 08:00:00,981.184,1766.1312
2023-05-24 09:00:00,1050.88,1891.584
2023-05-24 10:00:00,1197.696,2155.8528
2023-05-24 11:00:00,1257.472,2263.4496
2023-05-24 12:00:00,1004.608,1808.2944
2023-05-24 13:00:00,1057.024,1902.6432
2023-05-24 14:00:00,1201.984,2163.5712
2023-05-24 15:00:00,1254.208,2257.5744
2023-05-24 16:00:00,1000.256,1800.4608
2023-05-24 17:00:00,1057.024,1902.6432
2023-05-24 18:00:00,996.8,1794.24
2023-05-24 19:00:00,1097.216,1974.9888
2023-05-24 20:00:00,1048.128,1886.6304
2023-05-24 21:00:00,1094.528,1970.1504
2023-05-24 22:00:00,1040.384,1872.6912
2023-05-24 23:00:00,1086.72,1956.096
2023-05-25 00:00:00,1024.832,1844.6976
2023-05-25 01:00:00,1082.432,1948.3776
2023-05-25 02:00:00,1029.12,1852.416
2023-05-25 03:00:00,1082.432,1948.3776
2023-05-25 04:00:00,1033.472,1860.2496
2023-05-25 05:00:00,1095.36,1971.648
2023-05-25 06:00:00,989.76,1781.568
2023-05-25 07:00:00,1062.848,1913.1264
2023-05-25 08:00:00,1024.256,1843.6608
2023-05-25 09:00:00,1130.56,2035.008
2023-05-25 10:00:00,1329.728,2393.5104
2023-05-25 11:00:00,1389.504,2501.1072
2023-05-25 12:00:00,1084.224,1951.6032
2023-05-25 13:00:00,1142.72,2056.896
2023-05-25 14:00:00,1330.816,2395.4688
2023-05-25 15:00:00,1392.704,2506.8672
2023-05-25 16:00:00,1083.328,1949.9904
2023-05-25 17:00:00,1094.016,1969.2288
2023-05-25 18:00:00,1033.792,1860.8256
2023-05-25 19:00:00,1133.376,2040.0768
2023-05-25 20:00:00,1074.048,1933.2864
2023-05-25 21:00:00,1125.568,2026.0224
2023-05-25 22:00:00,1065.344,1917.6192
2023-05-25 23:00:00,1113.472,2004.2496
2023-05-26 00:00:00,1050.688,1891.2384
2023-05-26 01:00:00,1097.984,1976.3712
2023-05-26 02:00:00,1043.776,1878.7968
2023-05-26 03:00:00,1101.376,1982.4768
2023-05-26 04:00:00,1042.944,1877.2992
2023-05-26 05:00:00,1105.664,1990.1952
2023-05-26 06:00:00,1011.328,1820.3904
2023-05-26 07:00:00,1081.024,1945.8432
2023-05-26 08:00:00,1030.336,1854.6048
2023-05-26 09:00:00,1140.864,2053.5552
2023-05-26 10:00:00,1340.48,2412.864
2023-05-26 11:00:00,1405.568,2530.0224
2023-05-26 12:00:00,1097.984,1976.3712
2023-05-26 13:00:00,1157.376,2083.2768
2023-05-26 14:00:00,1351.168,2432.1024
2023-05-26 15:00:00,1402.368,2524.2624
2023-05-26 16:00:00,1092.8,1967.04
2023-05-26 17:00:00,1114.752,2006.5536
2023-05-26 18:00:00,1051.904,1893.4272
2023-05-26 19:00:00,1150.592,2071.0656
2023-05-26 20:00:00,1081.728,1947.1104
2023-05-26 21:00:00,1138.496,2049.2928
2023-05-26 22:00:00,1080,1944
2023-05-26 23:00:00,1131.584,2036.8512
2023-05-27 00:00:00,1073.984,1933.1712
2023-05-27 01:00:00,1129.792,2033.6256
2023-05-27 02:00:00,1072.192,1929.9456
2023-05-27 03:00:00,1129.792,2033.6256
2023-05-27 04:00:00,1076.544,1937.7792
2023-05-27 05:00:00,1129.792,2033.6256
2023-05-27 06:00:00,1039.744,1871.5392
2023-05-27 07:00:00,1103.36,1986.048
2023-05-27 08:00:00,1045.76,1882.368
2023-05-27 09:00:00,1152.064,2073.7152
2023-05-27 10:00:00,1352.384,2434.2912
2023-05-27 11:00:00,1416.384,2549.4912
2023-05-27 12:00:00,1100.48,1980.864
2023-05-27 13:00:00,1163.264,2093.8752
2023-05-27 14:00:00,1353.408,2436.1344
2023-05-27 15:00:00,1419.584,2555.2512
2023-05-27 16:00:00,1106.56,1991.808
2023-05-27 17:00:00,1124.16,2023.488
2023-05-27 18:00:00,1062.208,1911.9744
2023-05-27 19:00:00,1149.632,2069.3376
2023-05-27 20:00:00,1096.32,1973.376
2023-05-27 21:00:00,1153.088,2075.5584
2023-05-27 22:00:00,1086.848,1956.3264
2023-05-27 23:00:00,1139.264,2050.6752
2023-05-28 00:00:00,1081.664,1946.9952
2023-05-28 01:00:00,1139.264,2050.6752
2023-05-28 02:00:00,1080.832,1945.4976
2023-05-28 03:00:00,1134.144,2041.4592
2023-05-28 04:00:00,1076.544,1937.7792
2023-05-28 05:00:00,1140.16,2052.288
2023-05-28 06:00:00,1038.016,1868.4288
2023-05-28 07:00:00,1096.448,1973.6064
2023-05-28 08:00:00,1044.928,1880.8704
2023-05-28 09:00:00,1153.728,2076.7104
2023-05-28 10:00:00,1351.296,2432.3328
2023-05-28 11:00:00,1412.096,2541.7728
2023-05-28 12:00:00,1111.744,2001.1392
2023-05-28 13:00:00,1164.16,2095.488
2023-05-28 14:00:00,1356.608,2441.8944
2023-05-28 15:00:00,1416.384,2549.4912
2023-05-28 16:00:00,1105.728,1990.3104
2023-05-28 17:00:00,1118.144,2012.6592
2023-05-28 18:00:00,1037.312,1867.1616
2023-05-28 19:00:00,1131.712,2037.0816
2023-05-28 20:00:00,1066.304,1919.3472
2023-05-28 21:00:00,1122.176,2019.9168
2023-05-28 22:00:00,1058.496,1905.2928
2023-05-28 23:00:00,1118.656,2013.5808
2023-05-29 00:00:00,1050.688,1891.2384
2023-05-29 01:00:00,1101.376,1982.4768
2023-05-29 02:00:00,1037.76,1867.968
2023-05-29 03:00:00,1091.072,1963.9296
2023-05-29 04:00:00,1033.472,1860.2496
2023-05-29 05:00:00,1101.376,1982.4768
2023-05-29 06:00:00,1007.04,1812.672
2023-05-29 07:00:00,1070.656,1927.1808
2023-05-29 08:00:00,1020.864,1837.5552
2023-05-29 09:00:00,1114.176,2005.5168
2023-05-29 10:00:00,1313.664,2364.5952
2023-05-29 11:00:00,1372.288,2470.1184
2023-05-29 12:00:00,1067.776,1921.9968
2023-05-29 13:00:00,1127.104,2028.7872
2023-05-29 14:00:00,1324.416,2383.9488
2023-05-29 15:00:00,1373.44,2472.192
2023-05-29 16:00:00,1054.784,1898.6112
2023-05-29 17:00:00,1071.552,1928.7936
2023-05-29 18:00:00,1007.04,1812.672
2023-05-29 19:00:00,1116.928,2010.4704
2023-05-29 20:00:00,1063.616,1914.5088
2023-05-29 21:00:00,1125.504,2025.9072
2023-05-29 22:00:00,1061.888,1911.3984
2023-05-29 23:00:00,1113.408,2004.1344
2023-05-30 00:00:00,1061.888,1911.3984
2023-05-30 01:00:00,1118.592,2013.4656
2023-05-30 02:00:00,1060.096,1908.1728
2023-05-30 03:00:00,1122.88,2021.184
2023-05-30 04:00:00,1065.28,1917.504
2023-05-30 05:00:00,1128.96,2032.128
2023-05-30 06:00:00,1034.56,1862.208
2023-05-30 07:00:00,1099.072,1978.3296
2023-05-30 08:00:00,1047.552,1885.5936
2023-05-30 09:00:00,1112.896,2003.2128
2023-05-30 10:00:00,1257.92,2264.256
2023-05-30 11:00:00,1320.832,2377.4976
2023-05-30 12:00:00,1061.376,1910.4768
2023-05-30 13:00:00,1119.808,2015.6544
2023-05-30 14:00:00,1258.944,2266.0992
2023-05-30 15:00:00,1316.544,2369.7792
2023-05-30 16:00:00,1056.192,1901.1456
2023-05-30 17:00:00,1114.688,2006.4384
2023-05-30 18:00:00,1051.008,1891.8144
2023-05-30 19:00:00,1149.696,2069.4528
2023-05-30 20:00:00,1086.08,1954.944
2023-05-30 21:00:00,1137.6,2047.68
2023-05-30 22:00:00,1074.816,1934.6688
2023-05-30 23:00:00,1131.584,2036.8512
2023-05-31 00:00:00,1068.8,1923.84
2023-05-31 01:00:00,1130.688,2035.2384
2023-05-31 02:00:00,1073.088,1931.5584
2023-05-31 03:00:00,1129.792,2033.6256
2023-05-31 04:00:00,1067.072,1920.7296
2023-05-31 05:00:00,1134.976,2042.9568
2023-05-31 06:00:00,1031.104,1855.9872
2023-05-31 07:00:00,1100.8,1981.44
2023-05-31 08:00:00,1048.384,1887.0912
2023-05-31 09:00:00,1112.064,2001.7152
2023-05-31 10:00:00,1264.32,2275.776
2023-05-31 11:00:00,1328.384,2391.0912
2023-05-31 12:00:00,1056.192,1901.1456
2023-05-31 13:00:00,1118.08,2012.544
2023-05-31 14:00:00,1263.296,2273.9328
2023-05-31 15:00:00,1305.92,2350.656
2023-05-31 16:00:00,1045.696,1882.2528
2023-05-31 17:00:00,1093.824,1968.8832
2023-05-31 18:00:00,1031.104,1855.9872
2023-05-31 19:00:00,1127.168,2028.9024
2023-05-31 20:00:00,1064.448,1916.0064
2023-05-31 21:00:00,1116.864,2010.3552
2023-05-31 22:00:00,1050.624,1891.1232
2023-05-31 23:00:00,1099.648,1979.3664
2023-06-01 00:00:00,1037.76,1867.968
2023-06-01 01:00:00,1095.36,1971.648
2023-06-01 02:00:00,1033.472,1860.2496
2023-06-01 03:00:00,1086.72,1956.096
2023-06-01 04:00:00,1029.12,1852.416
2023-06-01 05:00:00,1038.72,1869.696
2023-06-01 06:00:00,976.832,1758.2976
2023-06-01 07:00:00,1038.72,1869.696
2023-06-01 08:00:00,976.832,1758.2976
2023-06-01 09:00:00,1074.432,1933.9776
2023-06-01 10:00:00,1258.944,2266.0992
2023-06-01 11:00:00,1320.832,2377.4976
2023-06-01 12:00:00,1021.12,1838.016
2023-06-01 13:00:00,1074.432,1933.9776
2023-06-01 14:00:00,1258.944,2266.0992
2023-06-01 15:00:00,1316.544,2369.7792
2023-06-01 16:00:00,1012.544,1822.5792
2023-06-01 17:00:00,1030.144,1854.2592
2023-06-01 18:00:00,968.256,1742.8608
2023-06-01 19:00:00,1025.856,1846.5408
2023-06-01 20:00:00,968.256,1742.8608
2023-06-01 21:00:00,1069.568,1925.2224
2023-06-01 22:00:00,1007.616,1813.7088
2023-06-01 23:00:00,1060.928,1909.6704
2023-06-02 00:00:00,999.04,1798.272
2023-06-02 01:00:00,982.08,1767.744
2023-06-02 02:00:00,921.6,1658.88
2023-06-02 03:00:00,979.2,1762.56
2023-06-02 04:00:00,999.04,1798.272
2023-06-02 05:00:00,1008.64,1815.552
2023-06-02 06:00:00,951.04,1711.872
2023-06-02 07:00:00,1012.928,1823.2704
2023-06-02 08:00:00,955.328,1719.5904
2023-06-02 09:00:00,1052.928,1895.2704
2023-06-02 10:00:00,1263.232,2273.8176
2023-06-02 11:00:00,1307.968,2354.3424
2023-06-02 12:00:00,1003.968,1807.1424
2023-06-02 13:00:00,1070.144,1926.2592
2023-06-02 14:00:00,1258.944,2266.0992
2023-06-02 15:00:00,1316.544,2369.7792
2023-06-02 16:00:00,1003.968,1807.1424
2023-06-02 17:00:00,1030.144,1854.2592
2023-06-02 18:00:00,968.256,1742.8608
2023-06-02 19:00:00,1025.856,1846.5408
2023-06-02 20:00:00,968.256,1742.8608
2023-06-02 21:00:00,1073.856,1932.9408
2023-06-02 22:00:00,1016.256,1829.2608
2023-06-02 23:00:00,1069.568,1925.2224
2023-06-03 00:00:00,1007.616,1813.7088
2023-06-03 01:00:00,1069.568,1925.2224
2023-06-03 02:00:00,1011.968,1821.5424
2023-06-03 03:00:00,1065.216,1917.3888
2023-06-03 04:00:00,1007.616,1813.7088
2023-06-03 05:00:00,1017.216,1830.9888
2023-06-03 06:00:00,959.616,1727.3088
2023-06-03 07:00:00,1021.568,1838.8224
2023-06-03 08:00:00,972.544,1750.5792
2023-06-03 09:00:00,1078.72,1941.696
2023-06-03 10:00:00,1263.232,2273.8176
2023-06-03 11:00:00,1331.584,2396.8512
2023-06-03 12:00:00,1016.832,1830.2976
2023-06-03 13:00:00,1074.432,1933.9776
2023-06-03 14:00:00,1254.656,2258.3808
2023-06-03 15:00:00,1312.256,2362.0608
2023-06-03 16:00:00,1016.832,1830.2976
2023-06-03 17:00:00,1030.144,1854.2592
2023-06-03 18:00:00,968.256,1742.8608
2023-06-03 19:00:00,1021.568,1838.8224
2023-06-03 20:00:00,963.968,1735.1424
2023-06-03 21:00:00,1069.568,1925.2224
2023-06-03 22:00:00,1016.256,1829.2608
2023-06-03 23:00:00,1069.568,1925.2224
2023-06-04 00:00:00,1011.968,1821.5424
2023-06-04 01:00:00,1069.568,1925.2224
2023-06-04 02:00:00,1011.968,1821.5424
2023-06-04 03:00:00,1069.568,1925.2224
2023-06-04 04:00:00,1011.968,1821.5424
2023-06-04 05:00:00,1017.216,1830.9888
2023-06-04 06:00:00,959.616,1727.3088
2023-06-04 07:00:00,1021.568,1838.8224
2023-06-04 08:00:00,963.968,1735.1424
2023-06-04 09:00:00,1065.856,1918.5408
2023-06-04 10:00:00,1258.944,2266.0992
2023-06-04 11:00:00,1316.544,2369.7792
2023-06-04 12:00:00,1022.016,1839.6288
2023-06-04 13:00:00,1074.432,1933.9776
2023-06-04 14:00:00,1258.944,2266.0992
2023-06-04 15:00:00,1316.544,2369.7792
2023-06-04 16:00:00,1008.256,1814.8608
2023-06-04 17:00:00,1025.856,1846.5408
2023-06-04 18:00:00,968.256,1742.8608
2023-06-04 19:00:00,1021.568,1838.8224
2023-06-04 20:00:00,963.968,1735.1424
2023-06-04 21:00:00,1069.568,1925.2224
2023-06-04 22:00:00,1016.256,1829.2608
2023-06-04 23:00:00,1073.856,1932.9408
2023-06-05 00:00:00,1011.968,1821.5424
2023-06-05 01:00:00,1073.856,1932.9408
2023-06-05 02:00:00,1011.968,1821.5424
2023-06-05 03:00:00,1069.568,1925.2224
2023-06-05 04:00:00,1011.968,1821.5424
2023-06-05 05:00:00,1025.856,1846.5408
2023-06-05 06:00:00,968.256,1742.8608
2023-06-05 07:00:00,1025.856,1846.5408
2023-06-05 08:00:00,972.544,1750.5792
2023-06-05 09:00:00,1078.72,1941.696
2023-06-05 10:00:00,1258.944,2266.0992
2023-06-05 11:00:00,1329.472,2393.0496
2023-06-05 12:00:00,1042.624,1876.7232
2023-06-05 13:00:00,1091.648,1964.9664
2023-06-05 14:00:00,1298.688,2337.6384
2023-06-05 15:00:00,1352,2433.6
2023-06-05 16:00:00,1040.96,1873.728
2023-06-05 17:00:00,1051.648,1892.9664
2023-06-05 18:00:00,985.472,1773.8496
2023-06-05 19:00:00,1047.36,1885.248
2023-06-05 20:00:00,994.048,1789.2864
2023-06-05 21:00:00,1103.936,1987.0848
2023-06-05 22:00:00,1042.048,1875.6864
2023-06-05 23:00:00,1103.936,1987.0848
2023-06-06 00:00:00,1046.336,1883.4048
2023-06-06 01:00:00,1099.648,1979.3664
2023-06-06 02:00:00,1042.048,1875.6864
2023-06-06 03:00:00,1103.936,1987.0848
2023-06-06 04:00:00,1050.624,1891.1232
2023-06-06 05:00:00,1060.224,1908.4032
2023-06-06 06:00:00,1006.976,1812.5568
2023-06-06 07:00:00,1080.064,1944.1152
2023-06-06 08:00:00,1024.192,1843.5456
2023-06-06 09:00:00,1076.672,1938.0096
2023-06-06 10:00:00,1219.264,2194.6752
2023-06-06 11:00:00,1275.776,2296.3968
2023-06-06 12:00:00,1016.576,1829.8368
2023-06-06 13:00:00,1071.616,1928.9088
2023-06-06 14:00:00,1218.176,2192.7168
2023-06-06 15:00:00,1267.136,2280.8448
2023-06-06 16:00:00,991.616,1784.9088
2023-06-06 17:00:00,1029.376,1852.8768
2023-06-06 18:00:00,970.048,1746.0864
2023-06-06 19:00:00,1017.28,1831.104
2023-06-06 20:00:00,955.328,1719.5904
2023-06-06 21:00:00,1086.72,1956.096
2023-06-06 22:00:00,1033.472,1860.2496
2023-06-06 23:00:00,1091.072,1963.9296
2023-06-07 00:00:00,1024.832,1844.6976
2023-06-07 01:00:00,1056.64,1901.952
2023-06-07 02:00:00,918.784,1653.8112
2023-06-07 03:00:00,976.384,1757.4912
2023-06-07 04:00:00,918.784,1653.8112
2023-06-07 05:00:00,1008.64,1815.552
2023-06-07 06:00:00,955.328,1719.5904
2023-06-07 07:00:00,1021.568,1838.8224
2023-06-07 08:00:00,979.456,1763.0208
2023-06-07 09:00:00,1046.528,1883.7504
2023-06-07 10:00:00,1194.56,2150.208
2023-06-07 11:00:00,1256.448,2261.6064
2023-06-07 12:00:00,990.656,1783.1808
2023-06-07 13:00:00,1043.968,1879.1424
2023-06-07 14:00:00,1189.184,2140.5312
2023-06-07 15:00:00,1245.696,2242.2528
2023-06-07 16:00:00,988.928,1780.0704
2023-06-07 17:00:00,1050.816,1891.4688
2023-06-07 18:00:00,988.096,1778.5728
2023-06-07 19:00:00,1044.8,1880.64
2023-06-07 20:00:00,976.832,1758.2976
2023-06-07 21:00:00,1078.144,1940.6592
2023-06-07 22:00:00,1029.12,1852.416
2023-06-07 23:00:00,1091.072,1963.9296
2023-06-08 00:00:00,1033.472,1860.2496
2023-06-08 01:00:00,1091.072,1963.9296
2023-06-08 02:00:00,1033.472,1860.2496
2023-06-08 03:00:00,1091.072,1963.9296
2023-06-08 04:00:00,1033.472,1860.2496
2023-06-08 05:00:00,1047.36,1885.248
2023-06-08 06:00:00,994.944,1790.8992
2023-06-08 07:00:00,1057.664,1903.7952
2023-06-08 08:00:00,1000.064,1800.1152
2023-06-08 09:00:00,1108.032,1994.4576
2023-06-08 10:00:00,1318.016,2372.4288
2023-06-08 11:00:00,1385.28,2493.504
2023-06-08 12:00:00,1085.824,1954.4832
2023-06-08 13:00:00,1148.608,2067.4944
2023-06-08 14:00:00,1346.944,2424.4992
2023-06-08 15:00:00,1402.432,2524.3776
2023-06-08 16:00:00,1101.376,1982.4768
2023-06-08 17:00:00,1107.776,1993.9968
2023-06-08 18:00:00,1044.096,1879.3728
2023-06-08 19:00:00,1104.256,1987.6608
2023-06-08 20:00:00,1033.664,1860.5952
2023-06-08 21:00:00,1138.432,2049.1776
2023-06-08 22:00:00,1075.648,1936.1664
2023-06-08 23:00:00,1137.536,2047.5648
2023-06-09 00:00:00,1075.648,1936.1664
2023-06-09 01:00:00,1134.144,2041.4592
2023-06-09 02:00:00,1076.544,1937.7792
2023-06-09 03:00:00,1132.352,2038.2336
2023-06-09 04:00:00,1076.544,1937.7792
2023-06-09 05:00:00,1086.144,1955.0592
2023-06-09 06:00:00,1028.544,1851.3792
2023-06-09 07:00:00,1091.264,1964.2752
2023-06-09 08:00:00,1038.848,1869.9264
2023-06-09 09:00:00,1143.36,2058.048
2023-06-09 10:00:00,1338.368,2409.0624
2023-06-09 11:00:00,1403.52,2526.336
2023-06-09 12:00:00,1096.192,1973.1456
2023-06-09 13:00:00,1152.128,2073.8304
2023-06-09 14:00:00,1341.568,2414.8224
2023-06-09 15:00:00,1388.416,2499.1488
2023-06-09 16:00:00,1075.584,1936.0512
2023-06-09 17:00:00,1092.288,1966.1184
2023-06-09 18:00:00,1027.776,1849.9968
2023-06-09 19:00:00,1080.192,1944.3456
2023-06-09 20:00:00,1016.576,1829.8368
2023-06-09 21:00:00,1119.552,2015.1936
2023-06-09 22:00:00,1061.056,1909.9008
2023-06-09 23:00:00,1112.64,2002.752
2023-06-10 00:00:00,1053.248,1895.8464
2023-06-10 01:00:00,1105.664,1990.1952
2023-06-10 02:00:00,1052.416,1894.3488
2023-06-10 03:00:00,1104.832,1988.6976
2023-06-10 04:00:00,1047.232,1885.0176
2023-06-10 05:00:00,1063.744,1914.7392
2023-06-10 06:00:00,1017.344,1831.2192
2023-06-10 07:00:00,1077.568,1939.6224
2023-06-10 08:00:00,1025.152,1845.2736
2023-06-10 09:00:00,1122.752,2020.9536
2023-06-10 10:00:00,1317.952,2372.3136
2023-06-10 11:00:00,1379.84,2483.712
2023-06-10 12:00:00,1075.584,1936.0512
2023-06-10 13:00:00,1133.184,2039.7312
2023-06-10 14:00:00,1327.616,2389.7088
2023-06-10 15:00:00,1389.504,2501.1072
2023-06-10 16:00:00,1080.704,1945.2672
2023-06-10 17:00:00,1092.288,1966.1184
2023-06-10 18:00:00,1038.976,1870.1568
2023-06-10 19:00:00,1090.56,1963.008
2023-06-10 20:00:00,1031.168,1856.1024
2023-06-10 21:00:00,1135.04,2043.072
2023-06-10 22:00:00,1076.608,1937.8944
2023-06-10 23:00:00,1134.208,2041.5744
2023-06-11 00:00:00,1070.528,1926.9504
2023-06-11 01:00:00,1132.416,2038.3488
2023-06-11 02:00:00,1069.632,1925.3376
2023-06-11 03:00:00,1126.4,2027.52
2023-06-11 04:00:00,1068.8,1923.84
2023-06-11 05:00:00,1083.584,1950.4512
2023-06-11 06:00:00,1036.288,1865.3184
2023-06-11 07:00:00,1099.968,1979.9424
2023-06-11 08:00:00,1048.384,1887.0912
2023-06-11 09:00:00,1159.808,2087.6544
2023-06-11 10:00:00,1359.808,2447.6544
2023-06-11 11:00:00,1424.896,2564.8128
2023-06-11 12:00:00,1115.2,2007.36
2023-06-11 13:00:00,1259.52,2267.136
2023-06-11 14:00:00,1454.4,2617.92
2023-06-11 15:00:00,1512,2721.6
2023-06-11 16:00:00,1202.752,2164.9536
2023-06-11 17:00:00,1219.52,2195.136
2023-06-11 18:00:00,1160.128,2088.2304
2023-06-11 19:00:00,1216.896,2190.4128
2023-06-11 20:00:00,1158.4,2085.12
2023-06-11 21:00:00,1174.72,2114.496
2023-06-11 22:00:00,1118.848,2013.9264
2023-06-11 23:00:00,1170.368,2106.6624
2023-06-12 00:00:00,1111.936,2001.4848
2023-06-12 01:00:00,1164.352,2095.8336
2023-06-12 02:00:00,1100.672,1981.2096
2023-06-12 03:00:00,1147.968,2066.3424
2023-06-12 04:00:00,1084.288,1951.7184
2023-06-12 05:00:00,1095.68,1972.224
2023-06-12 06:00:00,1040.704,1873.2672
2023-06-12 07:00:00,1094.848,1970.7264
2023-06-12 08:00:00,1047.616,1885.7088
2023-06-12 09:00:00,1146.944,2064.4992
2023-06-12 10:00:00,1339.392,2410.9056
2023-06-12 11:00:00,1406.72,2532.096
2023-06-12 12:00:00,1113.472,2004.2496
2023-06-12 13:00:00,1254.272,2257.6896
2023-06-12 14:00:00,1445.888,2602.5984
2023-06-12 15:00:00,1505.6,2710.08
2023-06-12 16:00:00,1197.504,2155.5072
2023-06-12 17:00:00,1223.104,2201.5872
2023-06-12 18:00:00,1165.504,2097.9072
2023-06-12 19:00:00,1216,2188.8
2023-06-12 20:00:00,1072.576,1930.6368
2023-06-12 21:00:00,1176.448,2117.6064
2023-06-12 22:00:00,1117.952,2012.3136
2023-06-12 23:00:00,1260.48,2268.864
2023-06-13 00:00:00,1117.12,2010.816
2023-06-13 01:00:00,1164.352,2095.8336
2023-06-13 02:00:00,1100.672,1981.2096
2023-06-13 03:00:00,1153.152,2075.6736
2023-06-13 04:00:00,1094.656,1970.3808
2023-06-13 05:00:00,1104.256,1987.6608
2023-06-13 06:00:00,1049.28,1888.704
2023-06-13 07:00:00,1093.12,1967.616
2023-06-13 08:00:00,1045.824,1882.4832
2023-06-13 09:00:00,1098.304,1976.9472
2023-06-13 10:00:00,1248.192,2246.7456
2023-06-13 11:00:00,1302.592,2344.6656
2023-06-13 12:00:00,1045.888,1882.5984
2023-06-13 13:00:00,1094.912,1970.8416
2023-06-13 14:00:00,1237.44,2227.392
2023-06-13 15:00:00,1289.664,2321.3952
2023-06-13 16:00:00,1019.2,1834.56
2023-06-13 17:00:00,1071.68,1929.024
2023-06-13 18:00:00,1015.744,1828.3392
2023-06-13 19:00:00,1067.264,1921.0752
2023-06-13 20:00:00,1002.752,1804.9536
2023-06-13 21:00:00,1125.632,2026.1376
2023-06-13 22:00:00,1075.712,1936.2816
2023-06-13 23:00:00,1131.584,2036.8512
2023-06-14 00:00:00,1068.8,1923.84
2023-06-14 01:00:00,1127.232,2029.0176
2023-06-14 02:00:00,1068.8,1923.84
2023-06-14 03:00:00,1126.4,2027.52
2023-06-14 04:00:00,1062.72,1912.896
2023-06-14 05:00:00,1079.232,1942.6176
2023-06-14 06:00:00,1028.608,1851.4944
2023-06-14 07:00:00,1093.952,1969.1136
2023-06-14 08:00:00,1032.064,1857.7152
2023-06-14 09:00:00,1101.76,1983.168
2023-06-14 10:00:00,1242.816,2237.0688
2023-06-14 11:00:00,1310.08,2358.144
2023-06-14 12:00:00,1049.344,1888.8192
2023-06-14 13:00:00,1111.232,2000.2176
2023-06-14 14:00:00,1247.104,2244.7872
2023-06-14 15:00:00,1303.68,2346.624
2023-06-14 16:00:00,1043.264,1877.8752
2023-06-14 17:00:00,1100.864,1981.5552
2023-06-14 18:00:00,1037.248,1867.0464
2023-06-14 19:00:00,1093.952,1969.1136
2023-06-14 20:00:00,1032,1857.6
2023-06-14 21:00:00,1131.584,2036.8512
2023-06-14 22:00:00,1064.448,1916.0064
2023-06-14 23:00:00,1127.168,2028.9024
2023-06-15 00:00:00,1074.752,1934.5536
2023-06-15 01:00:00,1132.352,2038.2336
2023-06-15 02:00:00,1074.752,1934.5536
2023-06-15 03:00:00,1132.352,2038.2336
2023-06-15 04:00:00,1079.936,1943.8848
2023-06-15 05:00:00,1094.72,1970.496
2023-06-15 06:00:00,1042.304,1876.1472
2023-06-15 07:00:00,1100.736,1981.3248
2023-06-15 08:00:00,1047.488,1885.4784
2023-06-15 09:00:00,1156.288,2081.3184
2023-06-15 10:00:00,1440.512,2592.9216
2023-06-15 11:00:00,1506.688,2712.0384
2023-06-15 12:00:00,1199.424,2158.9632
2023-06-15 13:00:00,1255.296,2259.5328
2023-06-15 14:00:00,1439.488,2591.0784
2023-06-15 15:00:00,1411.072,2539.9296
2023-06-15 16:00:00,1092.608,1966.6944
2023-06-15 17:00:00,1092.16,1965.888
2023-06-15 18:00:00,1022.464,1840.4352
2023-06-15 19:00:00,1074.88,1934.784
2023-06-15 20:00:00,1017.28,1831.104
2023-06-15 21:00:00,1122.88,2021.184
2023-06-15 22:00:00,1060.096,1908.1728
2023-06-15 23:00:00,1117.696,2011.8528
2023-06-16 00:00:00,1060.096,1908.1728
2023-06-16 01:00:00,1117.696,2011.8528
2023-06-16 02:00:00,1065.28,1917.504
2023-06-16 03:00:00,1122.88,2021.184
2023-06-16 04:00:00,1065.28,1917.504
2023-06-16 05:00:00,1080.064,1944.1152
2023-06-16 06:00:00,1022.464,1840.4352
2023-06-16 07:00:00,1080.96,1945.728
2023-06-16 08:00:00,1023.36,1842.048
2023-06-16 09:00:00,1120.96,2017.728
2023-06-16 10:00:00,1326.592,2387.8656
2023-06-16 11:00:00,1385.28,2493.504
2023-06-16 12:00:00,1080.64,1945.152
2023-06-16 13:00:00,1139.072,2050.3296
2023-06-16 14:00:00,1343.808,2418.8544
2023-06-16 15:00:00,1397.12,2514.816
2023-06-16 16:00:00,1094.4,1969.92
2023-06-16 17:00:00,1110.208,1998.3744
2023-06-16 18:00:00,1064.704,1916.4672
2023-06-16 19:00:00,1109.44,1996.992
2023-06-16 20:00:00,1032.896,1859.2128
2023-06-16 21:00:00,1134.208,2041.5744
2023-06-16 22:00:00,1076.608,1937.8944
2023-06-16 23:00:00,1133.312,2039.9616
2023-06-17 00:00:00,1069.632,1925.3376
2023-06-17 01:00:00,1122.112,2019.8016
2023-06-17 02:00:00,1063.616,1914.5088
2023-06-17 03:00:00,1120.32,2016.576
2023-06-17 04:00:00,1061.888,1911.3984
2023-06-17 05:00:00,1078.4,1941.12
2023-06-17 06:00:00,1026.816,1848.2688
2023-06-17 07:00:00,1081.856,1947.3408
2023-06-17 08:00:00,1026.048,1846.8864
2023-06-17 09:00:00,1124.48,2024.064
2023-06-17 10:00:00,1315.84,2368.512
2023-06-17 11:00:00,1374.464,2474.0352
2023-06-17 12:00:00,1071.168,1928.1024
2023-06-17 13:00:00,1118.464,2013.2352
2023-06-17 14:00:00,1307.264,2353.0752
2023-06-17 15:00:00,1360.576,2449.0368
2023-06-17 16:00:00,1053.056,1895.5008
2023-06-17 17:00:00,1068.928,1924.0704
2023-06-17 18:00:00,1006.144,1811.0592
2023-06-17 19:00:00,1067.2,1920.96
2023-06-17 20:00:00,1009.6,1817.28
2023-06-17 21:00:00,1114.304,2005.7472
2023-06-17 22:00:00,1056.704,1902.0672
2023-06-17 23:00:00,1109.12,1996.416
2023-06-18 00:00:00,1051.52,1892.736
2023-06-18 01:00:00,1109.12,1996.416
2023-06-18 02:00:00,1046.336,1883.4048
2023-06-18 03:00:00,1109.12,1996.416
2023-06-18 04:00:00,1051.52,1892.736
2023-06-18 05:00:00,1061.12,1910.016
2023-06-18 06:00:00,1007.808,1814.0544
2023-06-18 07:00:00,1060.224,1908.4032
2023-06-18 08:00:00,1012.096,1821.7728
2023-06-18 09:00:00,1110.592,1999.0656
2023-06-18 10:00:00,1300.864,2341.5552
2023-06-18 11:00:00,1364.864,2456.7552
2023-06-18 12:00:00,1059.904,1907.8272
2023-06-18 13:00:00,1115.776,2008.3968
2023-06-18 14:00:00,1304.064,2347.3152
2023-06-18 15:00:00,1356.288,2441.3184
2023-06-18 16:00:00,1057.28,1903.104
2023-06-18 17:00:00,1074.88,1934.784
2023-06-18 18:00:00,1017.28,1831.104
2023-06-18 19:00:00,1074.88,1934.784
2023-06-18 20:00:00,1017.28,1831.104
2023-06-18 21:00:00,1123.776,2022.7968
2023-06-18 22:00:00,1065.28,1917.504
2023-06-18 23:00:00,1122.88,2021.184
2023-06-19 00:00:00,1060.096,1908.1728
2023-06-19 01:00:00,1122.88,2021.184
2023-06-19 02:00:00,1070.464,1926.8352
2023-06-19 03:00:00,1128.064,2030.5152
2023-06-19 04:00:00,1070.464,1926.8352
2023-06-19 05:00:00,1080.96,1945.728
2023-06-19 06:00:00,1028.544,1851.3792
2023-06-19 07:00:00,1097.344,1975.2192
2023-06-19 08:00:00,1046.656,1883.9808
2023-06-19 09:00:00,1162.368,2092.2624
2023-06-19 10:00:00,1351.232,2432.2176
2023-06-19 11:00:00,1405.632,2530.1376
2023-06-19 12:00:00,1097.088,1974.7584
2023-06-19 13:00:00,1157.312,2083.1616
2023-06-19 14:00:00,1344.768,2420.5824
2023-06-19 15:00:00,1403.456,2526.2208
2023-06-19 16:00:00,1095.36,1971.648
2023-06-19 17:00:00,1109.504,1997.1072
2023-06-19 18:00:00,1046.72,1884.096
2023-06-19 19:00:00,1100.032,1980.0576
2023-06-19 20:00:00,1042.432,1876.3776
2023-06-19 21:00:00,1146.304,2063.3472
2023-06-19 22:00:00,1080.896,1945.6128
2023-06-19 23:00:00,1129.024,2032.2432
2023-06-20 00:00:00,1070.528,1926.9504
2023-06-20 01:00:00,1123.84,2022.912
2023-06-20 02:00:00,1056.768,1902.1824
2023-06-20 03:00:00,1113.472,2004.2496
2023-06-20 04:00:00,1050.688,1891.2384
2023-06-20 05:00:00,1055.168,1899.3024
2023-06-20 06:00:00,1002.688,1804.8384
2023-06-20 07:00:00,1064.64,1916.352
2023-06-20 08:00:00,1012.16,1821.888
2023-06-20 09:00:00,1073.216,1931.7888
2023-06-20 10:00:00,1212.864,2183.1552
2023-06-20 11:00:00,1267.264,2281.0752
2023-06-20 12:00:00,1012.096,1821.7728
2023-06-20 13:00:00,1075.776,1936.3968
2023-06-20 14:00:00,1223.616,2202.5088
2023-06-20 15:00:00,1285.504,2313.9072
2023-06-20 16:00:00,1028.544,1851.3792
2023-06-20 17:00:00,1094.72,1970.496
2023-06-20 18:00:00,1037.12,1866.816
2023-06-20 19:00:00,1094.72,1970.496
2023-06-20 20:00:00,1037.12,1866.816
2023-06-20 21:00:00,1147.008,2064.6144
2023-06-20 22:00:00,1090.304,1962.5472
2023-06-20 23:00:00,1147.904,2066.2272
2023-06-21 00:00:00,1095.488,1971.8784
2023-06-21 01:00:00,1153.088,2075.5584
2023-06-21 02:00:00,1095.488,1971.8784
2023-06-21 03:00:00,1157.376,2083.2768
2023-06-21 04:00:00,1099.776,1979.5968
2023-06-21 05:00:00,1109.376,1996.8768
2023-06-21 06:00:00,1052.608,1894.6944
2023-06-21 07:00:00,1116.288,2009.3184
2023-06-21 08:00:00,1058.688,1905.6384
2023-06-21 09:00:00,1217.024,2190.6432
2023-06-21 10:00:00,1272.896,2291.2128
2023-06-21 11:00:00,1331.584,2396.8512
2023-06-21 12:00:00,1068.288,1922.9184
2023-06-21 13:00:00,1132.8,2039.04
2023-06-21 14:00:00,1277.184,2298.9312
2023-06-21 15:00:00,1421.888,2559.3984
2023-06-21 16:00:00,1076.096,1936.9728
2023-06-21 17:00:00,1130.176,2034.3168
2023-06-21 18:00:00,1071.744,1929.1392
2023-06-21 19:00:00,1123.264,2021.8752
2023-06-21 20:00:00,1065.664,1918.1952
2023-06-21 21:00:00,1161.728,2091.1104
2023-06-21 22:00:00,1104.128,1987.4304
2023-06-21 23:00:00,1156.544,2081.7792
2023-06-22 00:00:00,1093.76,1968.768
2023-06-22 01:00:00,1147.072,2064.7296
2023-06-22 02:00:00,1084.288,1951.7184
2023-06-22 03:00:00,1136.704,2046.0672
2023-06-22 04:00:00,1073.984,1933.1712
2023-06-22 05:00:00,1089.6,1961.28
2023-06-22 06:00:00,1032.896,1859.2128
2023-06-22 07:00:00,1093.12,1967.616
2023-06-22 08:00:00,1042.432,1876.3776
2023-06-22 09:00:00,1137.472,2047.4496
2023-06-22 10:00:00,1328.704,2391.6672
2023-06-22 11:00:00,1403.456,2526.2208
2023-06-22 12:00:00,1097.152,1974.8736
2023-06-22 13:00:00,1159.04,2086.272
2023-06-22 14:00:00,1353.344,2436.0192
2023-06-22 15:00:00,1410.944,2539.6992
2023-06-22 16:00:00,1102.272,1984.0896
2023-06-22 17:00:00,1118.144,2012.6592
2023-06-22 18:00:00,1059.712,1907.4816
2023-06-22 19:00:00,1115.52,2007.936
2023-06-22 20:00:00,1052.736,1894.9248
2023-06-22 21:00:00,1153.216,2075.7888
2023-06-22 22:00:00,1086.912,1956.4416
2023-06-22 23:00:00,1145.408,2061.7344
2023-06-23 00:00:00,1089.472,1961.0496
2023-06-23 01:00:00,1147.072,2064.7296
2023-06-23 02:00:00,1088.64,1959.552
2023-06-23 03:00:00,1151.36,2072.448
2023-06-23 04:00:00,1098.944,1978.0992
2023-06-23 05:00:00,1113.728,2004.7104
2023-06-23 06:00:00,1152.32,2074.176
2023-06-23 07:00:00,1212.48,2182.464
2023-06-23 08:00:00,1161.152,2090.0736
2023-06-23 09:00:00,1267.648,2281.7664
2023-06-23 10:00:00,1458.688,2625.6384
2023-06-23 11:00:00,1508.8,2715.84
2023-06-23 12:00:00,1216.256,2189.2608
2023-06-23 13:00:00,1275.648,2296.1664
2023-06-23 14:00:00,1463.04,2633.472
2023-06-23 15:00:00,1528.128,2750.6304
2023-06-23 16:00:00,1218.048,2192.4864
2023-06-23 17:00:00,1229.504,2213.1072
2023-06-23 18:00:00,1159.424,2086.9632
2023-06-23 19:00:00,1217.024,2190.6432
2023-06-23 20:00:00,1052.672,1894.8096
2023-06-23 21:00:00,1157.44,2083.392
2023-06-23 22:00:00,1098.944,1978.0992
2023-06-23 23:00:00,1148.8,2067.84
2023-06-24 00:00:00,1080,1944
2023-06-24 01:00:00,1122.944,2021.2992
2023-06-24 02:00:00,1055.04,1899.072
2023-06-24 03:00:00,1106.56,1991.808
2023-06-24 04:00:00,1048.96,1888.128
2023-06-24 05:00:00,1064.64,1916.352
2023-06-24 06:00:00,1013.056,1823.5008
2023-06-24 07:00:00,1081.856,1947.3408
2023-06-24 08:00:00,1026.048,1846.8864
2023-06-24 09:00:00,1129.664,2033.3952
2023-06-24 10:00:00,1327.616,2389.7088
2023-06-24 11:00:00,1382.016,2487.6288
2023-06-24 12:00:00,1079.872,1943.7696
2023-06-24 13:00:00,1139.2,2050.56
2023-06-24 14:00:00,1326.528,2387.7504
2023-06-24 15:00:00,1389.504,2501.1072
2023-06-24 16:00:00,1076.416,1937.5488
2023-06-24 17:00:00,1088.832,1959.8976
2023-06-24 18:00:00,1030.4,1854.72
2023-06-24 19:00:00,1081.088,1945.9584
2023-06-24 20:00:00,1018.304,1832.9472
2023-06-24 21:00:00,1117.824,2012.0832
2023-06-24 22:00:00,1049.92,1889.856
2023-06-24 23:00:00,1102.336,1984.2048
2023-06-25 00:00:00,1038.656,1869.5808
2023-06-25 01:00:00,1095.424,1971.7632
2023-06-25 02:00:00,1037.824,1868.0832
2023-06-25 03:00:00,1092.8,1967.04
2023-06-25 04:00:00,1034.304,1861.7472
2023-06-25 05:00:00,1049.984,1889.9712
2023-06-25 06:00:00,999.296,1798.7328
2023-06-25 07:00:00,1064.704,1916.4672
2023-06-25 08:00:00,1013.12,1823.616
2023-06-25 09:00:00,1118.528,2013.3504
2023-06-25 10:00:00,1310.4,2358.72
2023-06-25 11:00:00,1375.488,2475.8784
2023-06-25 12:00:00,1066.944,1920.4992
2023-06-25 13:00:00,1122.816,2021.0688
2023-06-25 14:00:00,1314.688,2366.4384
2023-06-25 15:00:00,1371.264,2468.2752
2023-06-25 16:00:00,1064.32,1915.776
2023-06-25 17:00:00,1085.376,1953.6768
2023-06-25 18:00:00,1026.048,1846.8864
2023-06-25 19:00:00,1091.328,1964.3904
2023-06-25 20:00:00,1028.608,1851.4944
2023-06-25 21:00:00,1132.416,2038.3488
2023-06-25 22:00:00,1068.8,1923.84
2023-06-25 23:00:00,1126.4,2027.52
2023-06-26 00:00:00,1068.8,1923.84
2023-06-26 01:00:00,1126.4,2027.52
2023-06-26 02:00:00,1064.512,1916.1216
2023-06-26 03:00:00,1122.112,2019.8016
2023-06-26 04:00:00,1060.16,1908.288
2023-06-26 05:00:00,1070.656,1927.1808
2023-06-26 06:00:00,1017.344,1831.2192
2023-06-26 07:00:00,1081.024,1945.8432
2023-06-26 08:00:00,1027.712,1849.8816
2023-06-26 09:00:00,1126.208,2027.1744
2023-06-26 10:00:00,1312.64,2362.752
2023-06-26 11:00:00,1372.352,2470.2336
2023-06-26 12:00:00,1072.064,1929.7152
2023-06-26 13:00:00,1130.56,2035.008
2023-06-26 14:00:00,1322.24,2380.032
2023-06-26 15:00:00,1385.28,2493.504
2023-06-26 16:00:00,1078.08,1940.544
2023-06-26 17:00:00,1089.6,1961.28
2023-06-26 18:00:00,1023.424,1842.1632
2023-06-26 19:00:00,1084.416,1951.9488
2023-06-26 20:00:00,1025.984,1846.7712
2023-06-26 21:00:00,1126.4,2027.52
2023-06-26 22:00:00,1068.8,1923.84
2023-06-26 23:00:00,1126.4,2027.52
2023-06-27 00:00:00,1067.904,1922.2272
2023-06-27 01:00:00,1125.504,2025.9072
2023-06-27 02:00:00,1063.616,1914.5088
2023-06-27 03:00:00,1125.504,2025.9072
2023-06-27 04:00:00,1062.72,1912.896
2023-06-27 05:00:00,1073.216,1931.7888
2023-06-27 06:00:00,1011.328,1820.3904
2023-06-27 07:00:00,1069.76,1925.568
2023-06-27 08:00:00,1012.16,1821.888
2023-06-27 09:00:00,1065.472,1917.8496
2023-06-27 10:00:00,1198.848,2157.9264
2023-06-27 11:00:00,1256.448,2261.6064
2023-06-27 12:00:00,1007.04,1812.672
2023-06-27 13:00:00,1055.168,1899.3024
2023-06-27 14:00:00,1189.184,2140.5312
2023-06-27 15:00:00,1241.472,2234.6496
2023-06-27 16:00:00,985.472,1773.8496
2023-06-27 17:00:00,1043.072,1877.5296
2023-06-27 18:00:00,994.048,1789.2864
2023-06-27 19:00:00,1047.36,1885.248
2023-06-27 20:00:00,989.76,1781.568
2023-06-27 21:00:00,1095.36,1971.648
2023-06-27 22:00:00,1042.048,1875.6864
2023-06-27 23:00:00,1108.224,1994.8032
2023-06-28 00:00:00,1050.624,1891.1232
2023-06-28 01:00:00,1108.224,1994.8032
2023-06-28 02:00:00,1054.976,1898.9568
2023-06-28 03:00:00,1116.864,2010.3552
2023-06-28 04:00:00,1059.264,1906.6752
2023-06-28 05:00:00,1064.576,1916.2368
2023-06-28 06:00:00,1006.976,1812.5568
2023-06-28 07:00:00,1060.224,1908.4032
2023-06-28 08:00:00,1006.976,1812.5568
2023-06-28 09:00:00,1064.576,1916.2368
2023-06-28 10:00:00,1205.376,2169.6768
2023-06-28 11:00:00,1268.288,2282.9184
2023-06-28 12:00:00,1024.192,1843.5456
2023-06-28 13:00:00,1085.312,1953.5616
2023-06-28 14:00:00,1228.928,2212.0704
2023-06-28 15:00:00,1284.416,2311.9488
2023-06-28 16:00:00,1024.256,1843.6608
2023-06-28 17:00:00,1087.04,1956.672
2023-06-28 18:00:00,1018.24,1832.832
2023-06-28 19:00:00,1080.128,1944.2304
2023-06-28 20:00:00,1018.24,1832.832
2023-06-28 21:00:00,1123.84,2022.912
2023-06-28 22:00:00,1065.344,1917.6192
2023-06-28 23:00:00,1112.64,2002.752
2023-06-29 00:00:00,1048.064,1886.5152
2023-06-29 01:00:00,1095.36,1971.648
2023-06-29 02:00:00,1037.76,1867.968
2023-06-29 03:00:00,1091.072,1963.9296
2023-06-29 04:00:00,1033.472,1860.2496
2023-06-29 05:00:00,1047.36,1885.248
2023-06-29 06:00:00,994.944,1790.8992
2023-06-29 07:00:00,1064.64,1916.352
2023-06-29 08:00:00,1007.872,1814.1696
2023-06-29 09:00:00,1112.384,2002.2912
2023-06-29 10:00:00,1302.976,2345.3568
2023-06-29 11:00:00,1368.064,2462.5152
2023-06-29 12:00:00,1066.048,1918.8864
2023-06-29 13:00:00,1120.192,2016.3456
2023-06-29 14:00:00,1310.464,2358.8352
2023-06-29 15:00:00,1373.44,2472.192
2023-06-29 16:00:00,1067.776,1921.9968
2023-06-29 17:00:00,1080.192,1944.3456
2023-06-29 18:00:00,1021.696,1839.0528
2023-06-29 19:00:00,1077.568,1939.6224
2023-06-29 20:00:00,1013.056,1823.5008
2023-06-29 21:00:00,1122.112,2019.8016
2023-06-29 22:00:00,1064.512,1916.1216
2023-06-29 23:00:00,1115.2,2007.36
2023-06-30 00:00:00,1053.248,1895.8464
2023-06-30 01:00:00,1110.016,1998.0288
2023-06-30 02:00:00,1047.232,1885.0176
2023-06-30 03:00:00,1110.016,1998.0288
2023-06-30 04:00:00,1057.6,1903.68
2023-06-30 05:00:00,1073.216,1931.7888
2023-06-30 06:00:00,1020.8,1837.44
2023-06-30 07:00:00,1076.736,1938.1248
2023-06-30 08:00:00,1026.048,1846.8864
2023-06-30 09:00:00,1143.424,2058.1632
2023-06-30 10:00:00,1328.704,2391.6672
2023-06-30 11:00:00,1386.304,2495.3472
2023-06-30 12:00:00,1079.872,1943.7696
2023-06-30 13:00:00,1145.216,2061.3888
2023-06-30 14:00:00,1336.192,2405.1456
2023-06-30 15:00:00,1389.568,2501.2224
2023-06-30 16:00:00,1090.944,1963.6992
2023-06-30 17:00:00,1108.544,1995.3792
2023-06-30 18:00:00,1044.928,1880.8704
2023-06-30 19:00:00,1102.528,1984.5504
2023-06-30 20:00:00,1048.32,1886.976
2023-06-30 21:00:00,1153.92,2077.056
2023-06-30 22:00:00,1096.32,1973.376
2023-06-30 23:00:00,1154.816,2078.6688
2023-07-01 00:00:00,1096.32,1973.376
2023-07-01 01:00:00,1159.104,2086.3872
2023-07-01 02:00:00,1096.32,1973.376
2023-07-01 03:00:00,1158.208,2084.7744
2023-07-01 04:00:00,1086.848,1956.3264
2023-07-01 05:00:00,1086.144,1955.0592
2023-07-01 06:00:00,1033.664,1860.5952
2023-07-01 07:00:00,1092.16,1965.888
2023-07-01 08:00:00,1040.64,1873.152
2023-07-01 09:00:00,1134.784,2042.6112
2023-07-01 10:00:00,1334.08,2401.344
2023-07-01 11:00:00,1393.792,2508.8256
2023-07-01 12:00:00,1097.088,1974.7584
2023-07-01 13:00:00,1149.504,2069.1072
2023-07-01 14:00:00,1340.48,2412.864
2023-07-01 15:00:00,1401.344,2522.4192
2023-07-01 16:00:00,1089.344,1960.8192
2023-07-01 17:00:00,1106.048,1990.8864
2023-07-01 18:00:00,1038.144,1868.6592
2023-07-01 19:00:00,1091.392,1964.5056
2023-07-01 20:00:00,1036.352,1865.4336
2023-07-01 21:00:00,1136.768,2046.1824
2023-07-01 22:00:00,1077.44,1939.392
2023-07-01 23:00:00,1129.024,2032.2432
2023-07-02 00:00:00,1064.512,1916.1216
2023-07-02 01:00:00,1122.112,2019.8016
2023-07-02 02:00:00,1062.72,1912.896
2023-07-02 03:00:00,1120.32,2016.576
2023-07-02 04:00:00,1057.6,1903.68
2023-07-02 05:00:00,1074.112,1933.4016
2023-07-02 06:00:00,1013.056,1823.5008
2023-07-02 07:00:00,1071.552,1928.7936
2023-07-02 08:00:00,1025.152,1845.2736
2023-07-02 09:00:00,1127.936,2030.2848
2023-07-02 10:00:00,1321.216,2378.1888
2023-07-02 11:00:00,1379.84,2483.712
2023-07-02 12:00:00,1078.144,1940.6592
2023-07-02 13:00:00,1133.952,2041.1136
2023-07-02 14:00:00,1319.04,2374.272
2023-07-02 15:00:00,1372.352,2470.2336
2023-07-02 16:00:00,1073.728,1932.7104
2023-07-02 17:00:00,1081.024,1945.8432
2023-07-02 18:00:00,1023.424,1842.1632
2023-07-02 19:00:00,1083.584,1950.4512
2023-07-02 20:00:00,1030.272,1854.4896
2023-07-02 21:00:00,1131.584,2036.8512
2023-07-02 22:00:00,1072.192,1929.9456
2023-07-02 23:00:00,1128.96,2032.128
2023-07-03 00:00:00,1070.464,1926.8352
2023-07-03 01:00:00,1115.2,2007.36
2023-07-03 02:00:00,1042.944,1877.2992
2023-07-03 03:00:00,1095.36,1971.648
2023-07-03 04:00:00,1038.592,1869.4656
2023-07-03 05:00:00,1053.376,1896.0768
2023-07-03 06:00:00,1002.688,1804.8384
2023-07-03 07:00:00,1062.08,1911.744
2023-07-03 08:00:00,1006.208,1811.1744
2023-07-03 09:00:00,1106.432,1991.5776
2023-07-03 10:00:00,1298.624,2337.5232
2023-07-03 11:00:00,1372.288,2470.1184
2023-07-03 12:00:00,1070.4,1926.72
2023-07-03 13:00:00,1128.832,2031.8976
2023-07-03 14:00:00,1320.064,2376.1152
2023-07-03 15:00:00,1377.664,2479.7952
2023-07-03 16:00:00,1075.52,1935.936
2023-07-03 17:00:00,1093.12,1967.616
2023-07-03 18:00:00,1034.624,1862.3232
2023-07-03 19:00:00,1086.208,1955.1744
2023-07-03 20:00:00,1027.712,1849.8816
2023-07-03 21:00:00,1128.128,2030.6304
2023-07-03 22:00:00,1074.816,1934.6688
2023-07-03 23:00:00,1127.232,2029.0176
2023-07-04 00:00:00,1069.632,1925.3376
2023-07-04 01:00:00,1126.4,2027.52
2023-07-04 02:00:00,1067.904,1922.2272
2023-07-04 03:00:00,1126.4,2027.52
2023-07-04 04:00:00,1068.8,1923.84
2023-07-04 05:00:00,1074.112,1933.4016
2023-07-04 06:00:00,1017.344,1831.2192
2023-07-04 07:00:00,1075.84,1936.512
2023-07-04 08:00:00,1018.24,1832.832
2023-07-04 09:00:00,1080.128,1944.2304
2023-07-04 10:00:00,1227.84,2210.112
2023-07-04 11:00:00,1281.216,2306.1888
2023-07-04 12:00:00,1024.192,1843.5456
2023-07-04 13:00:00,1088.704,1959.6672
2023-07-04 14:00:00,1220.288,2196.5184
2023-07-04 15:00:00,1288.64,2319.552
2023-07-04 16:00:00,1026.048,1846.8864
2023-07-04 17:00:00,1083.648,1950.5664
2023-07-04 18:00:00,1019.968,1835.9424
2023-07-04 19:00:00,1073.28,1931.904
2023-07-04 20:00:00,1013.952,1825.1136
2023-07-04 21:00:00,1122.944,2021.2992
2023-07-04 22:00:00,1061.056,1909.9008
2023-07-04 23:00:00,1118.656,2013.5808
2023-07-05 00:00:00,1060.16,1908.288
2023-07-05 01:00:00,1116.928,2010.4704
2023-07-05 02:00:00,1059.328,1906.7904
2023-07-05 03:00:00,1121.216,2018.1888
2023-07-05 04:00:00,1057.6,1903.68
2023-07-05 05:00:00,1077.504,1939.5072
2023-07-05 06:00:00,1021.632,1838.9376
2023-07-05 07:00:00,1084.416,1951.9488
2023-07-05 08:00:00,1033.728,1860.7104
2023-07-05 09:00:00,1097.408,1975.3344
2023-07-05 10:00:00,1241.792,2235.2256
2023-07-05 11:00:00,1305.792,2350.4256
2023-07-05 12:00:00,1052.736,1894.9248
2023-07-05 13:00:00,1105.216,1989.3888
2023-07-05 14:00:00,1250.368,2250.6624
2023-07-05 15:00:00,1308.992,2356.1856
2023-07-05 16:00:00,1045.056,1881.1008
2023-07-05 17:00:00,1101.76,1983.168
2023-07-05 18:00:00,1044.992,1880.9856
2023-07-05 19:00:00,1105.152,1989.2736
2023-07-05 20:00:00,1047.552,1885.5936
2023-07-05 21:00:00,1151.36,2072.448
2023-07-05 22:00:00,1087.744,1957.9392
2023-07-05 23:00:00,1145.344,2061.6192
2023-07-06 00:00:00,1087.744,1957.9392
2023-07-06 01:00:00,1139.264,2050.6752
2023-07-06 02:00:00,1080.832,1945.4976
2023-07-06 03:00:00,1139.264,2050.6752
2023-07-06 04:00:00,1081.664,1946.9952
2023-07-06 05:00:00,1096.448,1973.6064
2023-07-06 06:00:00,1045.76,1882.368
2023-07-06 07:00:00,1110.272,1998.4896
2023-07-06 08:00:00,1053.568,1896.4224
2023-07-06 09:00:00,1152.896,2075.2128
2023-07-06 10:00:00,1350.208,2430.3744
2023-07-06 11:00:00,1402.432,2524.3776
2023-07-06 12:00:00,1095.296,1971.5328
2023-07-06 13:00:00,1158.08,2084.544
2023-07-06 14:00:00,1349.12,2428.416
2023-07-06 15:00:00,1395.968,2512.7424
2023-07-06 16:00:00,1084.992,1952.9856
2023-07-06 17:00:00,1101.696,1983.0528
2023-07-06 18:00:00,1038.08,1868.544
2023-07-06 19:00:00,1094.784,1970.6112
2023-07-06 20:00:00,1041.472,1874.6496
2023-07-06 21:00:00,1149.632,2069.3376
2023-07-06 22:00:00,1098.112,1976.6016
2023-07-06 23:00:00,1160,2088
2023-07-07 00:00:00,1102.4,1984.32
2023-07-07 01:00:00,1160,2088
2023-07-07 02:00:00,1100.608,1981.0944
2023-07-07 03:00:00,1164.288,2095.7184
2023-07-07 04:00:00,1107.584,1993.6512
2023-07-07 05:00:00,1122.304,2020.1472
2023-07-07 06:00:00,1150.528,2070.9504
2023-07-07 07:00:00,1209.92,2177.856
2023-07-07 08:00:00,1153.152,2075.6736
2023-07-07 09:00:00,1258.752,2265.7536
2023-07-07 10:00:00,1446.912,2604.4416
2023-07-07 11:00:00,1513.088,2723.5584
2023-07-07 12:00:00,1114.304,2005.7472
2023-07-07 13:00:00,1262.272,2272.0896
2023-07-07 14:00:00,1453.376,2616.0768
2023-07-07 15:00:00,1510.976,2719.7568
2023-07-07 16:00:00,1198.4,2157.12
2023-07-07 17:00:00,1131.904,2037.4272
2023-07-07 18:00:00,1069.12,1924.416
2023-07-07 19:00:00,1127.552,2029.5936
2023-07-07 20:00:00,1064.768,1916.5824
2023-07-07 21:00:00,1173.824,2112.8832
2023-07-07 22:00:00,1114.496,2006.0928
2023-07-07 23:00:00,1168.64,2103.552
2023-07-08 00:00:00,1109.312,1996.7616
2023-07-08 01:00:00,1166.912,2100.4416
2023-07-08 02:00:00,1105.024,1989.0432
2023-07-08 03:00:00,1162.624,2092.7232
2023-07-08 04:00:00,1104.128,1987.4304
2023-07-08 05:00:00,1118.912,2014.0416
2023-07-08 06:00:00,1062.208,1911.9744
2023-07-08 07:00:00,1120.64,2017.152
2023-07-08 08:00:00,1069.12,1924.416
2023-07-08 09:00:00,1167.552,2101.5936
2023-07-08 10:00:00,1454.464,2618.0352
2023-07-08 11:00:00,1506.688,2712.0384
2023-07-08 12:00:00,1198.4,2157.12
2023-07-08 13:00:00,1257.728,2263.9104
2023-07-08 14:00:00,1455.488,2619.8784
2023-07-08 15:00:00,1418.496,2553.2928
2023-07-08 16:00:00,1106.496,1991.6928
2023-07-08 17:00:00,1209.92,2177.856
2023-07-08 18:00:00,1069.12,1924.416
2023-07-08 19:00:00,1125.824,2026.4832
2023-07-08 20:00:00,1066.496,1919.6928
2023-07-08 21:00:00,1256.128,2261.0304
2023-07-08 22:00:00,1112.704,2002.8672
2023-07-08 23:00:00,1170.304,2106.5472
2023-07-09 00:00:00,1107.584,1993.6512
2023-07-09 01:00:00,1160.832,2089.4976
2023-07-09 02:00:00,1093.76,1968.768
2023-07-09 03:00:00,1133.312,2039.9616
2023-07-09 04:00:00,1080,1944
2023-07-09 05:00:00,1086.208,1955.1744
2023-07-09 06:00:00,1025.984,1846.7712
2023-07-09 07:00:00,1080.96,1945.728
2023-07-09 08:00:00,1022.464,1840.4352
2023-07-09 09:00:00,1121.792,2019.2256
2023-07-09 10:00:00,1324.48,2384.064
2023-07-09 11:00:00,1376.704,2478.0672
2023-07-09 12:00:00,1077.184,1938.9312
2023-07-09 13:00:00,1142.592,2056.6656
2023-07-09 14:00:00,1342.72,2416.896
2023-07-09 15:00:00,1394.944,2510.8992
2023-07-09 16:00:00,1081.472,1946.6496
2023-07-09 17:00:00,1098.24,1976.832
2023-07-09 18:00:00,1039.744,1871.5392
2023-07-09 19:00:00,1096.448,1973.6064
2023-07-09 20:00:00,1047.488,1885.4784
2023-07-09 21:00:00,1153.088,2075.5584
2023-07-09 22:00:00,1100.608,1981.0944
2023-07-09 23:00:00,1163.392,2094.1056
2023-07-10 00:00:00,1105.792,1990.4256
2023-07-10 01:00:00,1158.208,2084.7744
2023-07-10 02:00:00,1092.032,1965.6576
2023-07-10 03:00:00,1140.16,2052.288
2023-07-10 04:00:00,1082.56,1948.608
2023-07-10 05:00:00,1087.872,1958.1696
2023-07-10 06:00:00,1031.104,1855.9872
2023-07-10 07:00:00,1090.496,1962.8928
2023-07-10 08:00:00,1030.336,1854.6048
2023-07-10 09:00:00,1133.952,2041.1136
2023-07-10 10:00:00,1325.504,2385.9072
2023-07-10 11:00:00,1386.304,2495.3472
2023-07-10 12:00:00,1079.872,1943.7696
2023-07-10 13:00:00,1139.2,2050.56
2023-07-10 14:00:00,1331.904,2397.4272
2023-07-10 15:00:00,1393.792,2508.8256
2023-07-10 16:00:00,1081.6,1946.88
2023-07-10 17:00:00,1094.016,1969.2288
2023-07-10 18:00:00,1034.688,1862.4384
2023-07-10 19:00:00,1087.104,1956.7872
2023-07-10 20:00:00,1027.776,1849.9968
2023-07-10 21:00:00,1132.48,2038.464
2023-07-10 22:00:00,1069.696,1925.4528
2023-07-10 23:00:00,1126.464,2027.6352
2023-07-11 00:00:00,1063.68,1914.624
2023-07-11 01:00:00,1120.384,2016.6912
2023-07-11 02:00:00,1061.952,1911.5136
2023-07-11 03:00:00,1107.456,1993.4208
2023-07-11 04:00:00,1053.248,1895.8464
2023-07-11 05:00:00,1068.928,1924.0704
2023-07-11 06:00:00,1022.528,1840.5504
2023-07-11 07:00:00,1087.04,1956.672
2023-07-11 08:00:00,1036.352,1865.4336
2023-07-11 09:00:00,1090.56,1963.008
2023-07-11 10:00:00,1241.728,2235.1104
2023-07-11 11:00:00,1301.504,2342.7072
2023-07-11 12:00:00,1038.208,1868.7744
2023-07-11 13:00:00,1090.624,1963.1232
2023-07-11 14:00:00,1242.816,2237.0688
2023-07-11 15:00:00,1302.528,2344.5504
2023-07-11 16:00:00,1040.704,1873.2672
2023-07-11 17:00:00,1098.304,1976.9472
2023-07-11 18:00:00,1038.976,1870.1568
2023-07-11 19:00:00,1100.032,1980.0576
2023-07-11 20:00:00,1039.808,1871.6544
2023-07-11 21:00:00,1145.408,2061.7344
2023-07-11 22:00:00,1081.728,1947.1104
2023-07-11 23:00:00,1138.496,2049.2928
2023-07-12 00:00:00,1074.816,1934.6688
2023-07-12 01:00:00,1136.704,2046.0672
2023-07-12 02:00:00,1078.272,1940.8896
2023-07-12 03:00:00,1134.976,2042.9568
2023-07-12 04:00:00,1073.088,1931.5584
2023-07-12 05:00:00,1089.6,1961.28
2023-07-12 06:00:00,1034.624,1862.3232
2023-07-12 07:00:00,1093.952,1969.1136
2023-07-12 08:00:00,1043.264,1877.8752
2023-07-12 09:00:00,1107.84,1994.112
2023-07-12 10:00:00,1255.68,2260.224
2023-07-12 11:00:00,1308.992,2356.1856
2023-07-12 12:00:00,1057.152,1902.8736
2023-07-12 13:00:00,1112.192,2001.9456
2023-07-12 14:00:00,1259.968,2267.9424
2023-07-12 15:00:00,1317.568,2371.6224
2023-07-12 16:00:00,1051.968,1893.5424
2023-07-12 17:00:00,1107.84,1994.112
2023-07-12 18:00:00,1049.344,1888.8192
2023-07-12 19:00:00,1104.32,1987.776
2023-07-12 20:00:00,1044.992,1880.9856
2023-07-12 21:00:00,1146.304,2063.3472
2023-07-12 22:00:00,1081.728,1947.1104
2023-07-12 23:00:00,1139.328,2050.7904
2023-07-13 00:00:00,1080.896,1945.6128
2023-07-13 01:00:00,1136.704,2046.0672
2023-07-13 02:00:00,1079.104,1942.3872
2023-07-13 03:00:00,1131.584,2036.8512
2023-07-13 04:00:00,1073.984,1933.1712
2023-07-13 05:00:00,1094.784,1970.6112
2023-07-13 06:00:00,1038.08,1868.544
2023-07-13 07:00:00,1101.696,1983.0528
2023-07-13 08:00:00,1044.992,1880.9856
2023-07-13 09:00:00,1154.688,2078.4384
2023-07-13 10:00:00,1346.944,2424.4992
2023-07-13 11:00:00,1406.72,2532.096
2023-07-13 12:00:00,1097.92,1976.256
2023-07-13 13:00:00,1155.52,2079.936
2023-07-13 14:00:00,1330.816,2395.4688
2023-07-13 15:00:00,1378.752,2481.7536
2023-07-13 16:00:00,1065.216,1917.3888
2023-07-13 17:00:00,1094.848,1970.7264
2023-07-13 18:00:00,1038.912,1870.0416
2023-07-13 19:00:00,1091.328,1964.3904
2023-07-13 20:00:00,1032.896,1859.2128
2023-07-13 21:00:00,1138.496,2049.2928
2023-07-13 22:00:00,1080.896,1945.6128
2023-07-13 23:00:00,1137.6,2047.68
2023-07-14 00:00:00,1084.288,1951.7184
2023-07-14 01:00:00,1141.888,2055.3984
2023-07-14 02:00:00,1079.104,1942.3872
2023-07-14 03:00:00,1141.888,2055.3984
2023-07-14 04:00:00,1084.288,1951.7184
2023-07-14 05:00:00,1099.072,1978.3296
2023-07-14 06:00:00,1047.552,1885.5936
2023-07-14 07:00:00,1110.272,1998.4896
2023-07-14 08:00:00,1046.656,1883.9808
2023-07-14 09:00:00,1145.152,2061.2736
2023-07-14 10:00:00,1344.832,2420.6976
2023-07-14 11:00:00,1406.784,2532.2112
2023-07-14 12:00:00,1106.496,1991.6928
2023-07-14 13:00:00,1157.184,2082.9312
2023-07-14 14:00:00,1350.208,2430.3744
2023-07-14 15:00:00,1499.2,2698.56
2023-07-14 16:00:00,1106.496,1991.6928
2023-07-14 17:00:00,1124.096,2023.3728
2023-07-14 18:00:00,1151.424,2072.5632
2023-07-14 19:00:00,1208.128,2174.6304
2023-07-14 20:00:00,1150.528,2070.9504
2023-07-14 21:00:00,1256.128,2261.0304
2023-07-14 22:00:00,1112.704,2002.8672
2023-07-14 23:00:00,1170.304,2106.5472
2023-07-15 00:00:00,1107.584,1993.6512
2023-07-15 01:00:00,1165.184,2097.3312
2023-07-15 02:00:00,1106.688,1992.0384
2023-07-15 03:00:00,1158.208,2084.7744
2023-07-15 04:00:00,1110.976,1999.7568
2023-07-15 05:00:00,1121.472,2018.6496
2023-07-15 06:00:00,1151.424,2072.5632
2023-07-15 07:00:00,1122.304,2020.1472
2023-07-15 08:00:00,1066.496,1919.6928
2023-07-15 09:00:00,1249.024,2248.2432
2023-07-15 10:00:00,1442.688,2596.8384
2023-07-15 11:00:00,1404.608,2528.2944
2023-07-15 12:00:00,1106.496,1991.6928
2023-07-15 13:00:00,1160.64,2089.152
2023-07-15 14:00:00,1354.496,2438.0928
2023-07-15 15:00:00,1412.096,2541.7728
2023-07-15 16:00:00,1095.296,1971.5328
2023-07-15 17:00:00,1107.776,1993.9968
2023-07-15 18:00:00,1039.808,1871.6544
2023-07-15 19:00:00,1091.328,1964.3904
2023-07-15 20:00:00,1028.608,1851.4944
2023-07-15 21:00:00,1123.84,2022.912
2023-07-15 22:00:00,1057.6,1903.68
2023-07-15 23:00:00,1105.728,1990.3104
2023-07-16 00:00:00,1043.008,1877.4144
2023-07-16 01:00:00,1093.696,1968.6528
2023-07-16 02:00:00,1025.728,1846.3104
2023-07-16 03:00:00,1078.144,1940.6592
2023-07-16 04:00:00,1020.544,1836.9792
2023-07-16 05:00:00,1034.432,1861.9776
2023-07-16 06:00:00,982.016,1767.6288
2023-07-16 07:00:00,1045.696,1882.2528
2023-07-16 08:00:00,999.296,1798.7328
2023-07-16 09:00:00,1102.912,1985.2416
2023-07-16 10:00:00,1299.712,2339.4816
2023-07-16 11:00:00,1363.776,2454.7968
2023-07-16 12:00:00,1054.848,1898.7264
2023-07-16 13:00:00,1108.16,1994.688
2023-07-16 14:00:00,1305.024,2349.0432
2023-07-16 15:00:00,1371.264,2468.2752
2023-07-16 16:00:00,1064.32,1915.776
2023-07-16 17:00:00,1081.088,1945.9584
2023-07-16 18:00:00,1025.152,1845.2736
2023-07-16 19:00:00,1080.128,1944.2304
2023-07-16 20:00:00,1017.344,1831.2192
2023-07-16 21:00:00,1116.928,2010.4704
2023-07-16 22:00:00,1054.144,1897.4592
2023-07-16 23:00:00,1110.848,1999.5264
2023-07-17 00:00:00,1057.6,1903.68
2023-07-17 01:00:00,1103.936,1987.0848
2023-07-17 02:00:00,1046.336,1883.4048
2023-07-17 03:00:00,1108.224,1994.8032
2023-07-17 04:00:00,1046.336,1883.4048
2023-07-17 05:00:00,1066.304,1919.3472
2023-07-17 06:00:00,1015.616,1828.1088
2023-07-17 07:00:00,1083.584,1950.4512
2023-07-17 08:00:00,1031.104,1855.9872
2023-07-17 09:00:00,1130.496,2034.8928
2023-07-17 10:00:00,1329.792,2393.6256
2023-07-17 11:00:00,1387.392,2497.3056
2023-07-17 12:00:00,1077.248,1939.0464
2023-07-17 13:00:00,1133.952,2041.1136
2023-07-17 14:00:00,1326.528,2387.7504
2023-07-17 15:00:00,1384.128,2491.4304
2023-07-17 16:00:00,1076.352,1937.4336
2023-07-17 17:00:00,1087.04,1956.672
2023-07-17 18:00:00,1028.608,1851.4944
2023-07-17 19:00:00,1085.312,1953.5616
2023-07-17 20:00:00,1026.816,1848.2688
2023-07-17 21:00:00,1132.416,2038.3488
2023-07-17 22:00:00,1074.816,1934.6688
2023-07-17 23:00:00,1132.416,2038.3488
2023-07-18 00:00:00,1074.816,1934.6688
2023-07-18 01:00:00,1132.416,2038.3488
2023-07-18 02:00:00,1079.104,1942.3872
2023-07-18 03:00:00,1136.704,2046.0672
2023-07-18 04:00:00,1079.104,1942.3872
2023-07-18 05:00:00,1088.704,1959.6672
2023-07-18 06:00:00,1040.64,1873.152
2023-07-18 07:00:00,1099.072,1978.3296
2023-07-18 08:00:00,1038.848,1869.9264
2023-07-18 09:00:00,1112,2001.6
2023-07-18 10:00:00,1263.296,2273.9328
2023-07-18 11:00:00,1325.184,2385.3312
2023-07-18 12:00:00,1154.048,2077.2864
2023-07-18 13:00:00,1217.024,2190.6432
2023-07-18 14:00:00,1372.864,2471.1552
2023-07-18 15:00:00,1427.264,2569.0752
2023-07-18 16:00:00,1167.424,2101.3632
2023-07-18 17:00:00,1221.376,2198.4768
2023-07-18 18:00:00,1162.88,2093.184
2023-07-18 19:00:00,1214.272,2185.6896
2023-07-18 20:00:00,1161.152,2090.0736
2023-07-18 21:00:00,1260.48,2268.864
2023-07-18 22:00:00,1116.224,2009.2032
2023-07-18 23:00:00,1172.096,2109.7728
2023-07-19 00:00:00,1114.496,2006.0928
2023-07-19 01:00:00,1166.016,2098.8288
2023-07-19 02:00:00,1109.312,1996.7616
2023-07-19 03:00:00,1166.016,2098.8288
2023-07-19 04:00:00,1102.4,1984.32
2023-07-19 05:00:00,1123.2,2021.76
2023-07-19 06:00:00,1068.224,1922.8032
2023-07-19 07:00:00,1218.752,2193.7536
2023-07-19 08:00:00,1162.048,2091.6864
2023-07-19 09:00:00,1229.376,2212.8768
2023-07-19 10:00:00,1380.416,2484.7488
2023-07-19 11:00:00,1445.504,2601.9072
2023-07-19 12:00:00,1170.752,2107.3536
2023-07-19 13:00:00,1235.456,2223.8208
2023-07-19 14:00:00,1378.176,2480.7168
2023-07-19 15:00:00,1440.064,2592.1152
2023-07-19 16:00:00,1177.024,2118.6432
2023-07-19 17:00:00,1232.832,2219.0976
2023-07-19 18:00:00,1178.88,2121.984
2023-07-19 19:00:00,1229.376,2212.8768
2023-07-19 20:00:00,1170.88,2107.584
2023-07-19 21:00:00,1275.648,2296.1664
2023-07-19 22:00:00,1217.152,2190.8736
2023-07-19 23:00:00,1279.232,2302.6176
2023-07-20 00:00:00,1215.424,2187.7632
2023-07-20 01:00:00,1272.128,2289.8304
2023-07-20 02:00:00,1213.632,2184.5376
2023-07-20 03:00:00,1264.128,2275.4304
2023-07-20 04:00:00,1117.12,2010.816
2023-07-20 05:00:00,1122.368,2020.2624
2023-07-20 06:00:00,1063.104,1913.5872
2023-07-20 07:00:00,1131.072,2035.9296
2023-07-20 08:00:00,1071.808,1929.2544
2023-07-20 09:00:00,1260.352,2268.6336
2023-07-20 10:00:00,1455.488,2619.8784
2023-07-20 11:00:00,1515.2,2727.36
2023-07-20 12:00:00,1217.024,2190.6432
2023-07-20 13:00:00,1273.728,2292.7104
2023-07-20 14:00:00,1469.44,2644.992
2023-07-20 15:00:00,1520.576,2737.0368
2023-07-20 16:00:00,1209.856,2177.7408
2023-07-20 17:00:00,1225.728,2206.3104
2023-07-20 18:00:00,1161.024,2089.8432
2023-07-20 19:00:00,1131.904,2037.4272
2023-07-20 20:00:00,1158.4,2085.12
2023-07-20 21:00:00,1178.176,2120.7168
2023-07-20 22:00:00,1119.744,2015.5392
2023-07-20 23:00:00,1172.16,2109.888
2023-07-21 00:00:00,1109.376,1996.8768
2023-07-21 01:00:00,1166.08,2098.944
2023-07-21 02:00:00,1117.12,2010.816
2023-07-21 03:00:00,1173.824,2112.8832
2023-07-21 04:00:00,1111.04,1999.872
2023-07-21 05:00:00,1120.64,2017.152
2023-07-21 06:00:00,1059.648,1907.3664
2023-07-21 07:00:00,1118.976,2014.1568
2023-07-21 08:00:00,1064,1915.2
2023-07-21 09:00:00,1161.6,2090.88
2023-07-21 10:00:00,1351.232,2432.2176
2023-07-21 11:00:00,1399.168,2518.5024
2023-07-21 12:00:00,1095.36,1971.648
2023-07-21 13:00:00,1165.952,2098.7136
2023-07-21 14:00:00,1360.832,2449.4976
2023-07-21 15:00:00,1415.232,2547.4176
2023-07-21 16:00:00,1110.912,1999.6416
2023-07-21 17:00:00,1128.512,2031.3216
2023-07-21 18:00:00,1051.904,1893.4272
2023-07-21 19:00:00,1101.696,1983.0528
2023-07-21 20:00:00,1043.2,1877.76
2023-07-21 21:00:00,1145.408,2061.7344
2023-07-21 22:00:00,1081.728,1947.1104
2023-07-21 23:00:00,1134.208,2041.5744
2023-07-22 00:00:00,1066.24,1919.232
2023-07-22 01:00:00,1118.656,2013.5808
2023-07-22 02:00:00,1055.872,1900.5696
2023-07-22 03:00:00,1103.168,1985.7024
2023-07-22 04:00:00,1040.384,1872.6912
2023-07-22 05:00:00,1056.896,1902.4128
2023-07-22 06:00:00,1001.024,1801.8432
2023-07-22 07:00:00,1068.992,1924.1856
2023-07-22 08:00:00,1018.304,1832.9472
2023-07-22 09:00:00,1118.528,2013.3504
2023-07-22 10:00:00,1313.6,2364.48
2023-07-22 11:00:00,1380.864,2485.5552
2023-07-22 12:00:00,1078.208,1940.7744
2023-07-22 13:00:00,1126.336,2027.4048
2023-07-22 14:00:00,1317.888,2372.1984
2023-07-22 15:00:00,1380.864,2485.5552
2023-07-22 16:00:00,1072.128,1929.8304
2023-07-22 17:00:00,1083.712,1950.6816
2023-07-22 18:00:00,1015.744,1828.3392
2023-07-22 19:00:00,1067.264,1921.0752
2023-07-22 20:00:00,1007.936,1814.2848
2023-07-22 21:00:00,1108.352,1995.0336
2023-07-22 22:00:00,1050.752,1891.3536
2023-07-22 23:00:00,1107.52,1993.536
2023-07-23 00:00:00,1049.024,1888.2432
2023-07-23 01:00:00,1104.896,1988.8128
2023-07-23 02:00:00,1042.112,1875.8016
2023-07-23 03:00:00,1099.712,1979.4816
2023-07-23 04:00:00,1039.488,1871.0784
2023-07-23 05:00:00,1055.168,1899.3024
2023-07-23 06:00:00,1004.48,1808.064
2023-07-23 07:00:00,1068.992,1924.1856
2023-07-23 08:00:00,1018.304,1832.9472
2023-07-23 09:00:00,1118.528,2013.3504
2023-07-23 10:00:00,1308.224,2354.8032
2023-07-23 11:00:00,1371.2,2468.16
2023-07-23 12:00:00,1067.84,1922.112
2023-07-23 13:00:00,1127.168,2028.9024
2023-07-23 14:00:00,1317.888,2372.1984
2023-07-23 15:00:00,1376.576,2477.8368
2023-07-23 16:00:00,1057.472,1903.4496
2023-07-23 17:00:00,1075.968,1936.7424
2023-07-23 18:00:00,1016.64,1829.952
2023-07-23 19:00:00,1067.264,1921.0752
2023-07-23 20:00:00,1008.832,1815.8976
2023-07-23 21:00:00,1112.704,2002.8672
2023-07-23 22:00:00,1049.92,1889.856
2023-07-23 23:00:00,1107.52,1993.536
2023-07-24 00:00:00,1048.128,1886.6304
2023-07-24 01:00:00,1106.624,1991.9232
2023-07-24 02:00:00,1049.024,1888.2432
2023-07-24 03:00:00,1105.728,1990.3104
2023-07-24 04:00:00,1039.488,1871.0784
2023-07-24 05:00:00,1061.184,1910.1312
2023-07-24 06:00:00,1010.496,1818.8928
2023-07-24 07:00:00,1065.536,1917.9648
2023-07-24 08:00:00,1014.848,1826.7264
2023-07-24 09:00:00,1109.056,1996.3008
2023-07-24 10:00:00,1312.576,2362.6368
2023-07-24 11:00:00,1365.824,2458.4832
2023-07-24 12:00:00,1060.992,1909.7856
2023-07-24 13:00:00,1115.968,2008.7424
2023-07-24 14:00:00,1317.888,2372.1984
2023-07-24 15:00:00,1373.376,2472.0768
2023-07-24 16:00:00,1069.568,1925.2224
2023-07-24 17:00:00,1086.336,1955.4048
2023-07-24 18:00:00,1022.656,1840.7808
2023-07-24 19:00:00,1079.36,1942.848
2023-07-24 20:00:00,1020.032,1836.0576
2023-07-24 21:00:00,1129.088,2032.3584
2023-07-24 22:00:00,1064.576,1916.2368
2023-07-24 23:00:00,1103.168,1985.7024
2023-07-25 00:00:00,1057.6,1903.68
2023-07-25 01:00:00,1113.472,2004.2496
2023-07-25 02:00:00,1050.688,1891.2384
2023-07-25 03:00:00,1107.456,1993.4208
2023-07-25 04:00:00,1042.944,1877.2992
2023-07-25 05:00:00,1064.64,1916.352
2023-07-25 06:00:00,1015.68,1828.224
2023-07-25 07:00:00,1080.192,1944.3456
2023-07-25 08:00:00,1029.504,1853.1072
2023-07-25 09:00:00,1089.728,1961.5104
2023-07-25 10:00:00,1229.888,2213.7984
2023-07-25 11:00:00,1300.416,2340.7488
2023-07-25 12:00:00,1040.704,1873.2672
2023-07-25 13:00:00,1099.2,1978.56
2023-07-25 14:00:00,1243.904,2239.0272
2023-07-25 15:00:00,1297.216,2334.9888
2023-07-25 16:00:00,1034.688,1862.4384
2023-07-25 17:00:00,1095.744,1972.3392
2023-07-25 18:00:00,1037.248,1867.0464
2023-07-25 19:00:00,1093.952,1969.1136
2023-07-25 20:00:00,1038.912,1870.0416
2023-07-25 21:00:00,1144.512,2060.1216
2023-07-25 22:00:00,1082.624,1948.7232
2023-07-25 23:00:00,1135.04,2043.072
2023-07-26 00:00:00,1071.424,1928.5632
2023-07-26 01:00:00,1129.024,2032.2432
2023-07-26 02:00:00,1070.528,1926.9504
2023-07-26 03:00:00,1127.232,2029.0176
2023-07-26 04:00:00,1074.816,1934.6688
2023-07-26 05:00:00,1089.6,1961.28
2023-07-26 06:00:00,1028.608,1851.4944
2023-07-26 07:00:00,1098.304,1976.9472
2023-07-26 08:00:00,1047.616,1885.7088
2023-07-26 09:00:00,1117.312,2011.1616
2023-07-26 10:00:00,1267.52,2281.536
2023-07-26 11:00:00,1325.12,2385.216
2023-07-26 12:00:00,1065.728,1918.3104
2023-07-26 13:00:00,1123.328,2021.9904
2023-07-26 14:00:00,1269.632,2285.3376
2023-07-26 15:00:00,1328.32,2390.976
2023-07-26 16:00:00,1065.728,1918.3104
2023-07-26 17:00:00,1118.144,2012.6592
2023-07-26 18:00:00,1058.816,1905.8688
2023-07-26 19:00:00,1109.504,1997.1072
2023-07-26 20:00:00,1045.824,1882.4832
2023-07-26 21:00:00,1142.848,2057.1264
2023-07-26 22:00:00,1083.52,1950.336
2023-07-26 23:00:00,1145.408,2061.7344
2023-07-27 00:00:00,1091.2,1964.16
2023-07-27 01:00:00,1147.968,2066.3424
2023-07-27 02:00:00,1094.656,1970.3808
2023-07-27 03:00:00,1147.072,2064.7296
2023-07-27 04:00:00,1088.64,1959.552
2023-07-27 05:00:00,1093.056,1967.5008
2023-07-27 06:00:00,1040.64,1873.152
2023-07-27 07:00:00,1103.36,1986.048
2023-07-27 08:00:00,1053.568,1896.4224
2023-07-27 09:00:00,1152.896,2075.2128
2023-07-27 10:00:00,1353.408,2436.1344
2023-07-27 11:00:00,1414.208,2545.5744
2023-07-27 12:00:00,1106.56,1991.808
2023-07-27 13:00:00,1167.552,2101.5936
2023-07-27 14:00:00,1361.984,2451.5712
2023-07-27 15:00:00,1418.496,2553.2928
2023-07-27 16:00:00,1109.952,1997.9136
2023-07-27 17:00:00,1126.72,2028.096
2023-07-27 18:00:00,1063.936,1915.0848
2023-07-27 19:00:00,1115.456,2007.8208
2023-07-27 20:00:00,1057.024,1902.6432
2023-07-27 21:00:00,1161.728,2091.1104
2023-07-27 22:00:00,1099.84,1979.712
2023-07-27 23:00:00,1156.544,2081.7792
2023-07-28 00:00:00,1098.944,1978.0992
2023-07-28 01:00:00,1155.712,2080.2816
2023-07-28 02:00:00,1097.216,1974.9888
2023-07-28 03:00:00,1154.816,2078.6688
2023-07-28 04:00:00,1091.136,1964.0448
2023-07-28 05:00:00,1111.104,1999.9872
2023-07-28 06:00:00,1066.496,1919.6928
2023-07-28 07:00:00,1125.824,2026.4832
2023-07-28 08:00:00,1069.952,1925.9136
2023-07-28 09:00:00,1171.072,2107.9296
2023-07-28 10:00:00,1357.632,2443.7376
2023-07-28 11:00:00,1417.408,2551.3344
2023-07-28 12:00:00,1104.064,1987.3152
2023-07-28 13:00:00,1171.968,2109.5424
2023-07-28 14:00:00,1360.832,2449.4976
2023-07-28 15:00:00,1417.408,2551.3344
2023-07-28 16:00:00,1116.096,2008.9728
2023-07-28 17:00:00,1217.728,2191.9104
2023-07-28 18:00:00,1158.4,2085.12
2023-07-28 19:00:00,1214.272,2185.6896
2023-07-28 20:00:00,1154.88,2078.784
2023-07-28 21:00:00,1259.648,2267.3664
2023-07-28 22:00:00,1201.152,2162.0736
2023-07-28 23:00:00,1168.64,2103.552
2023-07-29 00:00:00,1109.312,1996.7616
2023-07-29 01:00:00,1161.728,2091.1104
2023-07-29 02:00:00,1098.944,1978.0992
2023-07-29 03:00:00,1157.44,2083.392
2023-07-29 04:00:00,1094.656,1970.3808
2023-07-29 05:00:00,1111.168,2000.1024
2023-07-29 06:00:00,1062.208,1911.9744
2023-07-29 07:00:00,1122.432,2020.3776
2023-07-29 08:00:00,1070.016,1926.0288
2023-07-29 09:00:00,1171.136,2108.0448
2023-07-29 10:00:00,1366.208,2459.1744
2023-07-29 11:00:00,1425.984,2566.7712
2023-07-29 12:00:00,1110.976,1999.7568
2023-07-29 13:00:00,1168.576,2103.4368
2023-07-29 14:00:00,1368.384,2463.0912
2023-07-29 15:00:00,1423.808,2562.8544
2023-07-29 16:00:00,1203.648,2166.5664
2023-07-29 17:00:00,1135.424,2043.7632
2023-07-29 18:00:00,1170.048,2106.0864
2023-07-29 19:00:00,1226.752,2208.1536
2023-07-29 20:00:00,1162.88,2093.184
2023-07-29 21:00:00,1266.752,2280.1536
2023-07-29 22:00:00,1202.048,2163.6864
2023-07-29 23:00:00,1258.752,2265.7536
2023-07-30 00:00:00,1200.32,2160.576
2023-07-30 01:00:00,1171.2,2108.16
2023-07-30 02:00:00,1113.6,2004.48
2023-07-30 03:00:00,1256.128,2261.0304
2023-07-30 04:00:00,1112.704,2002.8672
2023-07-30 05:00:00,1208.128,2174.6304
2023-07-30 06:00:00,1152.32,2074.176
2023-07-30 07:00:00,1124.096,2023.3728
2023-07-30 08:00:00,1153.152,2075.6736
2023-07-30 09:00:00,1263.232,2273.8176
2023-07-30 10:00:00,1464.128,2635.4304
2023-07-30 11:00:00,1524.928,2744.8704
2023-07-30 12:00:00,1210.048,2178.0864
2023-07-30 13:00:00,1271.232,2288.2176
2023-07-30 14:00:00,1464.128,2635.4304
2023-07-30 15:00:00,1511.04,2719.872
2023-07-30 16:00:00,1196.8,2154.24
2023-07-30 17:00:00,1209.92,2177.856
2023-07-30 18:00:00,1151.424,2072.5632
2023-07-30 19:00:00,1123.2,2021.76
2023-07-30 20:00:00,1065.6,1918.08
2023-07-30 21:00:00,1170.304,2106.5472
2023-07-30 22:00:00,1111.872,2001.3696
2023-07-30 23:00:00,1169.472,2105.0496
2023-07-31 00:00:00,1110.976,1999.7568
2023-07-31 01:00:00,1165.184,2097.3312
2023-07-31 02:00:00,1090.368,1962.6624
2023-07-31 03:00:00,1138.496,2049.2928
2023-07-31 04:00:00,1074.816,1934.6688
2023-07-31 05:00:00,1089.6,1961.28
2023-07-31 06:00:00,1034.624,1862.3232
2023-07-31 07:00:00,1099.136,1978.4448
2023-07-31 08:00:00,1044.16,1879.488
2023-07-31 09:00:00,1149.568,2069.2224
2023-07-31 10:00:00,1344.768,2420.5824
2023-07-31 11:00:00,1399.104,2518.3872
2023-07-31 12:00:00,1095.424,1971.7632
2023-07-31 13:00:00,1153.92,2077.056
2023-07-31 14:00:00,1345.792,2422.4256
2023-07-31 15:00:00,1400.192,2520.3456
2023-07-31 16:00:00,1082.56,1948.608
2023-07-31 17:00:00,1094.08,1969.344
2023-07-31 18:00:00,1039.04,1870.272
2023-07-31 19:00:00,1099.2,1978.56
2023-07-31 20:00:00,1040.704,1873.2672
2023-07-31 21:00:00,1144.576,2060.2368
2023-07-31 22:00:00,1078.336,1941.0048
2023-07-31 23:00:00,1136.768,2046.1824
2023-08-01 00:00:00,1076.608,1937.8944
2023-08-01 01:00:00,1135.04,2043.072
2023-08-01 02:00:00,1076.608,1937.8944
2023-08-01 03:00:00,1129.024,2032.2432
2023-08-01 04:00:00,1074.816,1934.6688
2023-08-01 05:00:00,1085.312,1953.5616
2023-08-01 06:00:00,1038.912,1870.0416
2023-08-01 07:00:00,1104.32,1987.776
2023-08-01 08:00:00,1048.448,1887.2064
2023-08-01 09:00:00,1105.216,1989.3888
2023-08-01 10:00:00,1257.856,2264.1408
2023-08-01 11:00:00,1314.368,2365.8624
2023-08-01 12:00:00,1045.952,1882.7136
2023-08-01 13:00:00,1104.448,1988.0064
2023-08-01 14:00:00,1253.504,2256.3072
2023-08-01 15:00:00,1305.728,2350.3104
2023-08-01 16:00:00,1049.408,1888.9344
2023-08-01 17:00:00,1105.28,1989.504
2023-08-01 18:00:00,1040.704,1873.2672
2023-08-01 19:00:00,1145.472,2061.8496
2023-08-01 20:00:00,1085.248,1953.4464
2023-08-01 21:00:00,1132.48,2038.464
2023-08-01 22:00:00,1074.048,1933.2864
2023-08-01 23:00:00,1131.648,2036.9664
2023-08-02 00:00:00,1072.256,1930.0608
2023-08-02 01:00:00,1123.84,2022.912
2023-08-02 02:00:00,1065.344,1917.6192
2023-08-02 03:00:00,1117.76,2011.968
2023-08-02 04:00:00,1054.144,1897.4592
2023-08-02 05:00:00,1069.76,1925.568
2023-08-02 06:00:00,1024.256,1843.6608
2023-08-02 07:00:00,1089.664,1961.3952
2023-08-02 08:00:00,1033.792,1860.8256
2023-08-02 09:00:00,1095.808,1972.4544
2023-08-02 10:00:00,1237.44,2227.392
2023-08-02 11:00:00,1296.064,2332.9152
2023-08-02 12:00:00,1037.376,1867.2768
2023-08-02 13:00:00,1100.16,1980.288
2023-08-02 14:00:00,1258.944,2266.0992
2023-08-02 15:00:00,1311.168,2360.1024
2023-08-02 16:00:00,1055.36,1899.648
2023-08-02 17:00:00,1093.248,1967.8464
2023-08-02 18:00:00,1033.856,1860.9408
2023-08-02 19:00:00,1137.728,2047.9104
2023-08-02 20:00:00,1079.232,1942.6176
2023-08-02 21:00:00,1133.376,2040.0768
2023-08-02 22:00:00,1080.064,1944.1152
2023-08-02 23:00:00,1131.648,2036.9664
2023-08-03 00:00:00,1072.256,1930.0608
2023-08-03 01:00:00,1129.024,2032.2432
2023-08-03 02:00:00,1071.424,1928.5632
2023-08-03 03:00:00,1132.416,2038.3488
2023-08-03 04:00:00,1068.8,1923.84
2023-08-03 05:00:00,1088.704,1959.6672
2023-08-03 06:00:00,1042.368,1876.2624
2023-08-03 07:00:00,1106.88,1992.384
2023-08-03 08:00:00,1053.632,1896.5376
2023-08-03 09:00:00,1152.128,2073.8304
2023-08-03 10:00:00,1357.632,2443.7376
2023-08-03 11:00:00,1405.568,2530.0224
2023-08-03 12:00:00,1104.896,1988.8128
2023-08-03 13:00:00,1162.496,2092.4928
2023-08-03 14:00:00,1352.256,2434.0608
2023-08-03 15:00:00,1414.144,2545.4592
2023-08-03 16:00:00,1099.776,1979.5968
2023-08-03 17:00:00,1112.192,2001.9456
2023-08-03 18:00:00,1052.8,1895.04
2023-08-03 19:00:00,1152.384,2074.2912
2023-08-03 20:00:00,1093.056,1967.5008
2023-08-03 21:00:00,1148.032,2066.4576
2023-08-03 22:00:00,1095.616,1972.1088
2023-08-03 23:00:00,1151.424,2072.5632
2023-08-04 00:00:00,1101.568,1982.8224
2023-08-04 01:00:00,1162.624,2092.7232
2023-08-04 02:00:00,1105.856,1990.5408
2023-08-04 03:00:00,1134.144,2041.4592
2023-08-04 04:00:00,1081.664,1946.9952
2023-08-04 05:00:00,1086.144,1955.0592
2023-08-04 06:00:00,1034.56,1862.208
2023-08-04 07:00:00,1104.256,1987.6608
2023-08-04 08:00:00,1054.464,1898.0352
2023-08-04 09:00:00,1158.976,2086.1568
2023-08-04 10:00:00,1354.432,2437.9776
2023-08-04 11:00:00,1415.232,2547.4176
2023-08-04 12:00:00,1102.272,1984.0896
2023-08-04 13:00:00,1157.376,2083.2768
2023-08-04 14:00:00,1347.968,2426.3424
2023-08-04 15:00:00,1405.568,2530.0224
2023-08-04 16:00:00,1081.664,1946.9952
2023-08-04 17:00:00,1097.536,1975.5648
2023-08-04 18:00:00,1037.312,1867.1616
2023-08-04 19:00:00,1136.832,2046.2976
2023-08-04 20:00:00,1078.4,1941.12
2023-08-04 21:00:00,1129.088,2032.3584
2023-08-04 22:00:00,1075.776,1936.3968
2023-08-04 23:00:00,1135.936,2044.6848
2023-08-05 00:00:00,1071.424,1928.5632
2023-08-05 01:00:00,1129.024,2032.2432
2023-08-05 02:00:00,1066.24,1919.232
2023-08-05 03:00:00,1122.112,2019.8016
2023-08-05 04:00:00,1064.512,1916.1216
2023-08-05 05:00:00,1073.216,1931.7888
2023-08-05 06:00:00,1028.608,1851.4944
2023-08-05 07:00:00,1083.648,1950.5664
2023-08-05 08:00:00,1038.976,1870.1568
2023-08-05 09:00:00,1136.576,2045.8368
2023-08-05 10:00:00,1331.904,2397.4272
2023-08-05 11:00:00,1391.616,2504.9088
2023-08-05 12:00:00,1085.12,1953.216
2023-08-05 13:00:00,1142.72,2056.896
2023-08-05 14:00:00,1340.48,2412.864
2023-08-05 15:00:00,1392.704,2506.8672
2023-08-05 16:00:00,1078.208,1940.7744
2023-08-05 17:00:00,1094.016,1969.2288
2023-08-05 18:00:00,1029.504,1853.1072
2023-08-05 19:00:00,1133.376,2040.0768
2023-08-05 20:00:00,1074.88,1934.784
2023-08-05 21:00:00,1131.648,2036.9664
2023-08-05 22:00:00,1064.576,1916.2368
2023-08-05 23:00:00,1116.096,2008.9728
2023-08-06 00:00:00,1053.312,1895.9616
2023-08-06 01:00:00,1109.184,1996.5312
2023-08-06 02:00:00,1050.688,1891.2384
2023-08-06 03:00:00,1103.168,1985.7024
2023-08-06 04:00:00,1044.672,1880.4096
2023-08-06 05:00:00,1053.376,1896.0768
2023-08-06 06:00:00,1007.872,1814.1696
2023-08-06 07:00:00,1068.096,1922.5728
2023-08-06 08:00:00,1013.12,1823.616
2023-08-06 09:00:00,1111.616,2000.9088
2023-08-06 10:00:00,1314.688,2366.4384
2023-08-06 11:00:00,1377.664,2479.7952
2023-08-06 12:00:00,1067.84,1922.112
2023-08-06 13:00:00,1125.44,2025.792
2023-08-06 14:00:00,1318.976,2374.1568
2023-08-06 15:00:00,1374.464,2474.0352
2023-08-06 16:00:00,1061.76,1911.168
2023-08-06 17:00:00,1079.36,1942.848
2023-08-06 18:00:00,1020.032,1836.0576
2023-08-06 19:00:00,1128.192,2030.7456
2023-08-06 20:00:00,1063.68,1914.624
2023-08-06 21:00:00,1121.28,2018.304
2023-08-06 22:00:00,1062.784,1913.0112
2023-08-06 23:00:00,1120.384,2016.6912
2023-08-07 00:00:00,1056.768,1902.1824
2023-08-07 01:00:00,1109.184,1996.5312
2023-08-07 02:00:00,1050.688,1891.2384
2023-08-07 03:00:00,1110.848,1999.5264
2023-08-07 04:00:00,1053.248,1895.8464
2023-08-07 05:00:00,1062.848,1913.1264
2023-08-07 06:00:00,1013.056,1823.5008
2023-08-07 07:00:00,1077.568,1939.6224
2023-08-07 08:00:00,1026.88,1848.384
2023-08-07 09:00:00,1130.56,2035.008
2023-08-07 10:00:00,1319.04,2374.272
2023-08-07 11:00:00,1377.664,2479.7952
2023-08-07 12:00:00,1072.128,1929.8304
2023-08-07 13:00:00,1124.544,2024.1792
2023-08-07 14:00:00,1321.152,2378.0736
2023-08-07 15:00:00,1375.552,2475.9936
2023-08-07 16:00:00,1067.776,1921.9968
2023-08-07 17:00:00,1088.768,1959.7824
2023-08-07 18:00:00,1025.152,1845.2736
2023-08-07 19:00:00,1129.856,2033.7408
2023-08-07 20:00:00,1072.256,1930.0608
2023-08-07 21:00:00,1125.568,2026.0224
2023-08-07 22:00:00,1067.136,1920.8448
2023-08-07 23:00:00,1119.552,2015.1936
2023-08-08 00:00:00,1055.04,1899.072
2023-08-08 01:00:00,1117.76,2011.968
2023-08-08 02:00:00,1053.248,1895.8464
2023-08-08 03:00:00,1099.648,1979.3664
2023-08-08 04:00:00,1052.416,1894.3488
2023-08-08 05:00:00,1076.672,1938.0096
2023-08-08 06:00:00,1025.984,1846.7712
2023-08-08 07:00:00,1081.856,1947.3408
2023-08-08 08:00:00,1018.304,1832.9472
2023-08-08 09:00:00,1081.92,1947.456
2023-08-08 10:00:00,1229.952,2213.9136
2023-08-08 11:00:00,1288.64,2319.552
2023-08-08 12:00:00,1029.504,1853.1072
2023-08-08 13:00:00,1087.104,1956.7872
2023-08-08 14:00:00,1235.328,2223.5904
2023-08-08 15:00:00,1290.816,2323.4688
2023-08-08 16:00:00,1026.88,1848.384
2023-08-08 17:00:00,1087.936,1958.2848
2023-08-08 18:00:00,1024.256,1843.6608
2023-08-08 19:00:00,1129.024,2032.2432
2023-08-08 20:00:00,1071.424,1928.5632
2023-08-08 21:00:00,1129.024,2032.2432
2023-08-08 22:00:00,1074.816,1934.6688
2023-08-08 23:00:00,1128.128,2030.6304
2023-08-09 00:00:00,1066.24,1919.232
2023-08-09 01:00:00,1117.76,2011.968
2023-08-09 02:00:00,1063.616,1914.5088
2023-08-09 03:00:00,1121.216,2018.1888
2023-08-09 04:00:00,1063.616,1914.5088
2023-08-09 05:00:00,1074.112,1933.4016
2023-08-09 06:00:00,1022.528,1840.5504
2023-08-09 07:00:00,1086.208,1955.1744
2023-08-09 08:00:00,1035.52,1863.936
2023-08-09 09:00:00,1095.744,1972.3392
2023-08-09 10:00:00,1241.728,2235.1104
2023-08-09 11:00:00,1291.84,2325.312
2023-08-09 12:00:00,1035.584,1864.0512
2023-08-09 13:00:00,1094.016,1969.2288
2023-08-09 14:00:00,1232.064,2217.7152
2023-08-09 15:00:00,1291.84,2325.312
2023-08-09 16:00:00,1031.168,1856.1024
2023-08-09 17:00:00,1087.04,1956.672
2023-08-09 18:00:00,1032.896,1859.2128
2023-08-09 19:00:00,1136.704,2046.0672
2023-08-09 20:00:00,1079.104,1942.3872
2023-08-09 21:00:00,1135.872,2044.5696
2023-08-09 22:00:00,1077.376,1939.2768
2023-08-09 23:00:00,1129.792,2033.6256
2023-08-10 00:00:00,1076.544,1937.7792
2023-08-10 01:00:00,1134.976,2042.9568
2023-08-10 02:00:00,1077.376,1939.2768
2023-08-10 03:00:00,1134.144,2041.4592
2023-08-10 04:00:00,1076.544,1937.7792
2023-08-10 05:00:00,1091.264,1964.2752
2023-08-10 06:00:00,1030.272,1854.4896
2023-08-10 07:00:00,1093.888,1968.9984
2023-08-10 08:00:00,1032.896,1859.2128
2023-08-10 09:00:00,1120.192,2016.3456
2023-08-10 10:00:00,1321.216,2378.1888
2023-08-10 11:00:00,1380.928,2485.6704
2023-08-10 12:00:00,1078.144,1940.6592
2023-08-10 13:00:00,1134.848,2042.7264
2023-08-10 14:00:00,1325.504,2385.9072
2023-08-10 15:00:00,1380.928,2485.6704
2023-08-10 16:00:00,1073.728,1932.7104
2023-08-10 17:00:00,1095.68,1972.224
2023-08-10 18:00:00,1033.728,1860.7104
2023-08-10 19:00:00,1134.208,2041.5744
2023-08-10 20:00:00,1080.896,1945.6128
2023-08-10 21:00:00,1138.496,2049.2928
2023-08-10 22:00:00,1085.184,1953.3312
2023-08-10 23:00:00,1147.072,2064.7296
2023-08-11 00:00:00,1089.472,1961.0496
2023-08-11 01:00:00,1141.888,2055.3984
2023-08-11 02:00:00,1079.104,1942.3872
2023-08-11 03:00:00,1141.056,2053.9008
2023-08-11 04:00:00,1092.032,1965.6576
2023-08-11 05:00:00,1096.448,1973.6064
2023-08-11 06:00:00,1047.488,1885.4784
2023-08-11 07:00:00,1105.088,1989.1584
2023-08-11 08:00:00,1047.488,1885.4784
2023-08-11 09:00:00,1145.088,2061.1584
2023-08-11 10:00:00,1341.632,2414.9376
2023-08-11 11:00:00,1405.696,2530.2528
2023-08-11 12:00:00,1101.312,1982.3616
2023-08-11 13:00:00,1158.912,2086.0416
2023-08-11 14:00:00,1442.688,2596.8384
2023-08-11 15:00:00,1415.296,2547.5328
2023-08-11 16:00:00,1097.856,1976.1408
2023-08-11 17:00:00,1110.272,1998.4896
2023-08-11 18:00:00,1051.84,1893.312
2023-08-11 19:00:00,1157.44,2083.392
2023-08-11 20:00:00,1098.944,1978.0992
2023-08-11 21:00:00,1160,2088
2023-08-11 22:00:00,1098.112,1976.6016
2023-08-11 23:00:00,1146.24,2063.232
2023-08-12 00:00:00,1087.744,1957.9392
2023-08-12 01:00:00,1140.16,2052.288
2023-08-12 02:00:00,1073.088,1931.5584
2023-08-12 03:00:00,1124.672,2024.4096
2023-08-12 04:00:00,1062.72,1912.896
2023-08-12 05:00:00,1078.4,1941.12
2023-08-12 06:00:00,1026.816,1848.2688
2023-08-12 07:00:00,1087.04,1956.672
2023-08-12 08:00:00,1031.168,1856.1024
2023-08-12 09:00:00,1130.56,2035.008
2023-08-12 10:00:00,1332.992,2399.3856
2023-08-12 11:00:00,1398.08,2516.544
2023-08-12 12:00:00,1085.888,1954.5984
2023-08-12 13:00:00,1140.096,2052.1728
2023-08-12 14:00:00,1338.304,2408.9472
2023-08-12 15:00:00,1390.528,2502.9504
2023-08-12 16:00:00,1081.6,1946.88
2023-08-12 17:00:00,1095.744,1972.3392
2023-08-12 18:00:00,1031.168,1856.1024
2023-08-12 19:00:00,1135.936,2044.6848
2023-08-12 20:00:00,1072.256,1930.0608
2023-08-12 21:00:00,1124.736,2024.5248
2023-08-12 22:00:00,1066.24,1919.232
2023-08-12 23:00:00,1123.84,2022.912
2023-08-13 00:00:00,1060.16,1908.288
2023-08-13 01:00:00,1112.64,2002.752
2023-08-13 02:00:00,1054.144,1897.4592
2023-08-13 03:00:00,1110.848,1999.5264
2023-08-13 04:00:00,1053.248,1895.8464
2023-08-13 05:00:00,1062.848,1913.1264
2023-08-13 06:00:00,1012.16,1821.888
2023-08-13 07:00:00,1071.552,1928.7936
2023-08-13 08:00:00,1021.696,1839.0528
2023-08-13 09:00:00,1125.376,2025.6768
2023-08-13 10:00:00,1319.04,2374.272
2023-08-13 11:00:00,1378.752,2481.7536
2023-08-13 12:00:00,1067.84,1922.112
2023-08-13 13:00:00,1125.44,2025.792
2023-08-13 14:00:00,1312.576,2362.6368
2023-08-13 15:00:00,1371.2,2468.16
2023-08-13 16:00:00,1062.656,1912.7808
2023-08-13 17:00:00,1075.072,1935.1296
2023-08-13 18:00:00,1011.456,1820.6208
2023-08-13 19:00:00,1115.264,2007.4752
2023-08-13 20:00:00,1056.832,1902.2976
2023-08-13 21:00:00,1113.536,2004.3648
2023-08-13 22:00:00,1054.208,1897.5744
2023-08-13 23:00:00,1110.08,1998.144
2023-08-14 00:00:00,1040.384,1872.6912
2023-08-14 01:00:00,1097.984,1976.3712
2023-08-14 02:00:00,1043.776,1878.7968
2023-08-14 03:00:00,1095.36,1971.648
2023-08-14 04:00:00,1037.76,1867.968
2023-08-14 05:00:00,1056.832,1902.2976
2023-08-14 06:00:00,1012.16,1821.888
2023-08-14 07:00:00,1075.008,1935.0144
2023-08-14 08:00:00,1024.32,1843.776
2023-08-14 09:00:00,1129.728,2033.5104
2023-08-14 10:00:00,1327.616,2389.7088
2023-08-14 11:00:00,1390.528,2502.9504
2023-08-14 12:00:00,1092.8,1967.04
2023-08-14 13:00:00,1145.28,2061.504
2023-08-14 14:00:00,1349.056,2428.3008
2023-08-14 15:00:00,1406.656,2531.9808
2023-08-14 16:00:00,1094.528,1970.1504
2023-08-14 17:00:00,1105.216,1989.3888
2023-08-14 18:00:00,1042.432,1876.3776
2023-08-14 19:00:00,1146.304,2063.3472
2023-08-14 20:00:00,1082.624,1948.7232
2023-08-14 21:00:00,1139.328,2050.7904
2023-08-14 22:00:00,1081.728,1947.1104
2023-08-14 23:00:00,1132.416,2038.3488
2023-08-15 00:00:00,1074.816,1934.6688
2023-08-15 01:00:00,1126.4,2027.52
2023-08-15 02:00:00,1067.904,1922.2272
2023-08-15 03:00:00,1124.672,2024.4096
2023-08-15 04:00:00,1066.176,1919.1168
2023-08-15 05:00:00,1081.792,1947.2256
2023-08-15 06:00:00,1037.184,1866.9312
2023-08-15 07:00:00,1098.304,1976.9472
2023-08-15 08:00:00,1053.632,1896.5376
2023-08-15 09:00:00,1114.752,2006.5536
2023-08-15 10:00:00,1263.168,2273.7024
2023-08-15 11:00:00,1319.744,2375.5392
2023-08-15 12:00:00,1070.08,1926.144
2023-08-15 13:00:00,1124.288,2023.7184
2023-08-15 14:00:00,1264.256,2275.6608
2023-08-15 15:00:00,1327.232,2389.0176
2023-08-15 16:00:00,1070.016,1926.0288
2023-08-15 17:00:00,1117.376,2011.2768
2023-08-15 18:00:00,1057.152,1902.8736
2023-08-15 19:00:00,1161.856,2091.3408
2023-08-15 20:00:00,1108.48,1995.264
2023-08-15 21:00:00,1157.504,2083.5072
2023-08-15 22:00:00,1099.904,1979.8272
2023-08-15 23:00:00,1155.776,2080.3968
2023-08-16 00:00:00,1092.992,1967.3856
2023-08-16 01:00:00,1144.512,2060.1216
2023-08-16 02:00:00,1086.912,1956.4416
2023-08-16 03:00:00,1137.6,2047.68
2023-08-16 04:00:00,1080.896,1945.6128
2023-08-16 05:00:00,1089.6,1961.28
2023-08-16 06:00:00,1038.912,1870.0416
2023-08-16 07:00:00,1102.592,1984.6656
2023-08-16 08:00:00,1062.208,1911.9744
2023-08-16 09:00:00,1121.6,2018.88
2023-08-16 10:00:00,1272.896,2291.2128
2023-08-16 11:00:00,1334.784,2402.6112
2023-08-16 12:00:00,1079.552,1943.1936
2023-08-16 13:00:00,1138.048,2048.4864
2023-08-16 14:00:00,1279.296,2302.7328
2023-08-16 15:00:00,1318.72,2373.696
2023-08-16 16:00:00,1071.808,1929.2544
2023-08-16 17:00:00,1129.408,2032.9344
2023-08-16 18:00:00,1070.016,1926.0288
2023-08-16 19:00:00,1170.432,2106.7776
2023-08-16 20:00:00,1114.56,2006.208
2023-08-16 21:00:00,1161.792,2091.2256
2023-08-16 22:00:00,1105.088,1989.1584
2023-08-16 23:00:00,1160.896,2089.6128
2023-08-17 00:00:00,1097.28,1975.104
2023-08-17 01:00:00,1153.984,2077.1712
2023-08-17 02:00:00,1091.2,1964.16
2023-08-17 03:00:00,1141.888,2055.3984
2023-08-17 04:00:00,1084.288,1951.7184
2023-08-17 05:00:00,1093.888,1968.9984
2023-08-17 06:00:00,1048.384,1887.0912
2023-08-17 07:00:00,1112.896,2003.2128
2023-08-17 08:00:00,1063.104,1913.5872
2023-08-17 09:00:00,1168.512,2103.3216
2023-08-17 10:00:00,1455.488,2619.8784
2023-08-17 11:00:00,1429.184,2572.5312
2023-08-17 12:00:00,1114.368,2005.8624
2023-08-17 13:00:00,1174.592,2114.2656
2023-08-17 14:00:00,1365.12,2457.216
2023-08-17 15:00:00,1423.808,2562.8544
2023-08-17 16:00:00,1111.808,2001.2544
2023-08-17 17:00:00,1131.136,2036.0448
2023-08-17 18:00:00,1071.808,1929.2544
2023-08-17 19:00:00,1166.144,2099.0592
2023-08-17 20:00:00,1109.376,1996.8768
2023-08-17 21:00:00,1167.808,2102.0544
2023-08-17 22:00:00,1103.296,1985.9328
2023-08-17 23:00:00,1160.896,2089.6128
2023-08-18 00:00:00,1098.176,1976.7168
2023-08-18 01:00:00,1154.88,2078.784
2023-08-18 02:00:00,1096.384,1973.4912
2023-08-18 03:00:00,1158.272,2084.8896
2023-08-18 04:00:00,1101.568,1982.8224
2023-08-18 05:00:00,1110.272,1998.4896
2023-08-18 06:00:00,1053.568,1896.4224
2023-08-18 07:00:00,1120.64,2017.152
2023-08-18 08:00:00,1069.12,1924.416
2023-08-18 09:00:00,1171.072,2107.9296
2023-08-18 10:00:00,1360.896,2449.6128
2023-08-18 11:00:00,1419.584,2555.2512
2023-08-18 12:00:00,1116.096,2008.9728
2023-08-18 13:00:00,1172.8,2111.04
2023-08-18 14:00:00,1366.272,2459.2896
2023-08-18 15:00:00,1507.712,2713.8816
2023-08-18 16:00:00,1203.776,2166.7968
2023-08-18 17:00:00,1214.272,2185.6896
2023-08-18 18:00:00,1069.12,1924.416
2023-08-18 19:00:00,1168.64,2103.552
2023-08-18 20:00:00,1110.208,1998.3744
2023-08-18 21:00:00,1166.912,2100.4416
2023-08-18 22:00:00,1108.416,1995.1488
2023-08-18 23:00:00,1170.304,2106.5472
2023-08-19 00:00:00,1107.584,1993.6512
2023-08-19 01:00:00,1165.184,2097.3312
2023-08-19 02:00:00,1107.584,1993.6512
2023-08-19 03:00:00,1169.472,2105.0496
2023-08-19 04:00:00,1111.872,2001.3696
2023-08-19 05:00:00,1122.304,2020.1472
2023-08-19 06:00:00,1150.528,2070.9504
2023-08-19 07:00:00,1209.024,2176.2432
2023-08-19 08:00:00,1159.424,2086.9632
2023-08-19 09:00:00,1258.752,2265.7536
2023-08-19 10:00:00,1451.264,2612.2752
2023-08-19 11:00:00,1510.976,2719.7568
2023-08-19 12:00:00,1196.672,2154.0096
2023-08-19 13:00:00,1252.48,2254.464
2023-08-19 14:00:00,1442.688,2596.8384
2023-08-19 15:00:00,1500.288,2700.5184
2023-08-19 16:00:00,1192.32,2146.176
2023-08-19 17:00:00,1209.92,2177.856
2023-08-19 18:00:00,1151.424,2072.5632
2023-08-19 19:00:00,1256.128,2261.0304
2023-08-19 20:00:00,1198.528,2157.3504
2023-08-19 21:00:00,1170.304,2106.5472
2023-08-19 22:00:00,1112.704,2002.8672
2023-08-19 23:00:00,1255.296,2259.5328
2023-08-20 00:00:00,1199.424,2158.9632
2023-08-20 01:00:00,1170.304,2106.5472
2023-08-20 02:00:00,1112.704,2002.8672
2023-08-20 03:00:00,1170.304,2106.5472
2023-08-20 04:00:00,1197.696,2155.8528
2023-08-20 05:00:00,1122.304,2020.1472
2023-08-20 06:00:00,1151.424,2072.5632
2023-08-20 07:00:00,1209.92,2177.856
2023-08-20 08:00:00,1159.424,2086.9632
2023-08-20 09:00:00,1257.024,2262.6432
2023-08-20 10:00:00,1451.264,2612.2752
2023-08-20 11:00:00,1508.864,2715.9552
2023-08-20 12:00:00,1201.152,2162.0736
2023-08-20 13:00:00,1258.752,2265.7536
2023-08-20 14:00:00,1445.888,2602.5984
2023-08-20 15:00:00,1502.4,2704.32
2023-08-20 16:00:00,1193.152,2147.6736
2023-08-20 17:00:00,1209.92,2177.856
2023-08-20 18:00:00,1153.152,2075.6736
2023-08-20 19:00:00,1262.4,2272.32
2023-08-20 20:00:00,1204.8,2168.64
2023-08-20 21:00:00,1257.024,2262.6432
2023-08-20 22:00:00,1199.424,2158.9632
2023-08-20 23:00:00,1256.128,2261.0304
2023-08-21 00:00:00,1199.424,2158.9632
2023-08-21 01:00:00,1260.672,2269.2096
2023-08-21 02:00:00,1203.072,2165.5296
2023-08-21 03:00:00,1164.288,2095.7184
2023-08-21 04:00:00,1100.608,1981.0944
2023-08-21 05:00:00,1106.816,1992.2688
2023-08-21 06:00:00,1034.56,1862.208
2023-08-21 07:00:00,1093.888,1968.9984
2023-08-21 08:00:00,1038.08,1868.544
2023-08-21 09:00:00,1143.424,2058.1632
2023-08-21 10:00:00,1332.992,2399.3856
2023-08-21 11:00:00,1392.704,2506.8672
2023-08-21 12:00:00,1085.888,1954.5984
2023-08-21 13:00:00,1150.4,2070.72
2023-08-21 14:00:00,1344.768,2420.5824
2023-08-21 15:00:00,1398.08,2516.544
2023-08-21 16:00:00,1088.512,1959.3216
2023-08-21 17:00:00,1104.384,1987.8912
2023-08-21 18:00:00,1039.872,1871.7696
2023-08-21 19:00:00,1139.392,2050.9056
2023-08-21 20:00:00,1075.776,1936.3968
2023-08-21 21:00:00,1123.008,2021.4144
2023-08-21 22:00:00,1063.68,1914.624
2023-08-21 23:00:00,1121.28,2018.304
2023-08-22 00:00:00,1061.952,1911.5136
2023-08-22 01:00:00,1118.656,2013.5808
2023-08-22 02:00:00,1055.872,1900.5696
2023-08-22 03:00:00,1107.456,1993.4208
2023-08-22 04:00:00,1049.856,1889.7408
2023-08-22 05:00:00,1054.272,1897.6896
2023-08-22 06:00:00,1003.584,1806.4512
2023-08-22 07:00:00,1068.096,1922.5728
2023-08-22 08:00:00,1016.576,1829.8368
2023-08-22 09:00:00,1085.376,1953.6768
2023-08-22 10:00:00,1225.664,2206.1952
2023-08-22 11:00:00,1295.04,2331.072
2023-08-22 12:00:00,1031.232,1856.2176
2023-08-22 13:00:00,1089.728,1961.5104
2023-08-22 14:00:00,1241.728,2235.1104
2023-08-22 15:00:00,1297.216,2334.9888
2023-08-22 16:00:00,1031.232,1856.2176
2023-08-22 17:00:00,1079.36,1942.848
2023-08-22 18:00:00,1014.848,1826.7264
2023-08-22 19:00:00,1112.704,2002.8672
2023-08-22 20:00:00,1061.12,1910.016
2023-08-22 21:00:00,1110.912,1999.6416
2023-08-22 22:00:00,1049.856,1889.7408
2023-08-22 23:00:00,1107.456,1993.4208
2023-08-23 00:00:00,1054.144,1897.4592
2023-08-23 01:00:00,1106.56,1991.808
2023-08-23 02:00:00,1054.144,1897.4592
2023-08-23 03:00:00,1116.032,2008.8576
2023-08-23 04:00:00,1062.72,1912.896
2023-08-23 05:00:00,1072.32,1930.176
2023-08-23 06:00:00,1029.376,1852.8768
2023-08-23 07:00:00,1094.784,1970.6112
2023-08-23 08:00:00,1043.2,1877.76
2023-08-23 09:00:00,1103.424,1986.1632
2023-08-23 10:00:00,1251.456,2252.6208
2023-08-23 11:00:00,1309.056,2356.3008
2023-08-23 12:00:00,1052.736,1894.9248
2023-08-23 13:00:00,1113.792,2004.8256
2023-08-23 14:00:00,1258.944,2266.0992
2023-08-23 15:00:00,1315.52,2367.936
2023-08-23 16:00:00,1055.296,1899.5328
2023-08-23 17:00:00,1107.776,1993.9968
2023-08-23 18:00:00,1052.672,1894.8096
2023-08-23 19:00:00,1156.544,2081.7792
2023-08-23 20:00:00,1098.112,1976.6016
2023-08-23 21:00:00,1154.816,2078.6688
2023-08-23 22:00:00,1092.032,1965.6576
2023-08-23 23:00:00,1154.816,2078.6688
2023-08-24 00:00:00,1096.32,1973.376
2023-08-24 01:00:00,1148.736,2067.7248
2023-08-24 02:00:00,1091.136,1964.0448
2023-08-24 03:00:00,1147.904,2066.2272
2023-08-24 04:00:00,1095.488,1971.8784
2023-08-24 05:00:00,1105.088,1989.1584
2023-08-24 06:00:00,1038.848,1869.9264
2023-08-24 07:00:00,1103.36,1986.048
2023-08-24 08:00:00,1037.248,1867.0464
2023-08-24 09:00:00,1140.032,2052.0576
2023-08-24 10:00:00,1334.08,2401.344
2023-08-24 11:00:00,1398.08,2516.544
2023-08-24 12:00:00,1095.36,1971.648
2023-08-24 13:00:00,1156.416,2081.5488
2023-08-24 14:00:00,1343.744,2418.7392
2023-08-24 15:00:00,1401.344,2522.4192
2023-08-24 16:00:00,1092.736,1966.9248
2023-08-24 17:00:00,1104.32,1987.776
2023-08-24 18:00:00,1050.176,1890.3168
2023-08-24 19:00:00,1150.592,2071.0656
2023-08-24 20:00:00,1092.096,1965.7728
2023-08-24 21:00:00,1148.8,2067.84
2023-08-24 22:00:00,1090.368,1962.6624
2023-08-24 23:00:00,1147.968,2066.3424
2023-08-25 00:00:00,1094.656,1970.3808
2023-08-25 01:00:00,1152.256,2074.0608
2023-08-25 02:00:00,1098.944,1978.0992
2023-08-25 03:00:00,1156.544,2081.7792
2023-08-25 04:00:00,1093.76,1968.768
2023-08-25 05:00:00,1103.36,1986.048
2023-08-25 06:00:00,1051.84,1893.312
2023-08-25 07:00:00,1116.352,2009.4336
2023-08-25 08:00:00,1056.192,1901.1456
2023-08-25 09:00:00,1149.568,2069.2224
2023-08-25 10:00:00,1342.592,2416.6656
2023-08-25 11:00:00,1414.208,2545.5744
2023-08-25 12:00:00,1110.016,1998.0288
2023-08-25 13:00:00,1170.176,2106.3168
2023-08-25 14:00:00,1360.896,2449.6128
2023-08-25 15:00:00,1400.192,2520.3456
2023-08-25 16:00:00,1085.12,1953.216
2023-08-25 17:00:00,1100.096,1980.1728
2023-08-25 18:00:00,1030.4,1854.72
2023-08-25 19:00:00,1129.088,2032.3584
2023-08-25 20:00:00,1065.408,1917.7344
2023-08-25 21:00:00,1117.824,2012.0832
2023-08-25 22:00:00,1049.92,1889.856
2023-08-25 23:00:00,1106.624,1991.9232
2023-08-26 00:00:00,1041.216,1874.1888
2023-08-26 01:00:00,1097.984,1976.3712
2023-08-26 02:00:00,1039.488,1871.0784
2023-08-26 03:00:00,1102.272,1984.0896
2023-08-26 04:00:00,1043.776,1878.7968
2023-08-26 05:00:00,1054.272,1897.6896
2023-08-26 06:00:00,1002.688,1804.8384
2023-08-26 07:00:00,1062.912,1913.2416
2023-08-26 08:00:00,1013.12,1823.616
2023-08-26 09:00:00,1115.904,2008.6272
2023-08-26 10:00:00,1310.4,2358.72
2023-08-26 11:00:00,1374.464,2474.0352
2023-08-26 12:00:00,1067.84,1922.112
2023-08-26 13:00:00,1119.36,2014.848
2023-08-26 14:00:00,1310.4,2358.72
2023-08-26 15:00:00,1370.176,2466.3168
2023-08-26 16:00:00,1060.928,1909.6704
2023-08-26 17:00:00,1081.92,1947.456
2023-08-26 18:00:00,1017.408,1831.3344
2023-08-26 19:00:00,1122.176,2019.9168
2023-08-26 20:00:00,1058.496,1905.2928
2023-08-26 21:00:00,1116.096,2008.9728
2023-08-26 22:00:00,1056.768,1902.1824
2023-08-26 23:00:00,1108.288,1994.9184
2023-08-27 00:00:00,1049.856,1889.7408
2023-08-27 01:00:00,1106.56,1991.808
2023-08-27 02:00:00,1048.064,1886.5152
2023-08-27 03:00:00,1100.544,1980.9792
2023-08-27 04:00:00,1037.76,1867.968
2023-08-27 05:00:00,1052.544,1894.5792
2023-08-27 06:00:00,1007.872,1814.1696
2023-08-27 07:00:00,1066.368,1919.4624
2023-08-27 08:00:00,1015.68,1828.224
2023-08-27 09:00:00,1115.904,2008.6272
2023-08-27 10:00:00,1313.664,2364.5952
2023-08-27 11:00:00,1365.888,2458.5984
2023-08-27 12:00:00,1065.216,1917.3888
2023-08-27 13:00:00,1123.712,2022.6816
2023-08-27 14:00:00,1314.688,2366.4384
2023-08-27 15:00:00,1372.288,2470.1184
2023-08-27 16:00:00,1053.12,1895.616
2023-08-27 17:00:00,1074.176,1933.5168
2023-08-27 18:00:00,1010.496,1818.8928
2023-08-27 19:00:00,1110.912,1999.6416
2023-08-27 20:00:00,1052.48,1894.464
2023-08-27 21:00:00,1108.288,1994.9184
2023-08-27 22:00:00,1045.568,1882.0224
2023-08-27 23:00:00,1102.272,1984.0896
2023-08-28 00:00:00,1043.776,1878.7968
2023-08-28 01:00:00,1096.192,1973.1456
2023-08-28 02:00:00,1033.472,1860.2496
2023-08-28 03:00:00,1091.072,1963.9296
2023-08-28 04:00:00,1029.12,1852.416
2023-08-28 05:00:00,1043.072,1877.5296
2023-08-28 06:00:00,990.592,1783.0656
2023-08-28 07:00:00,1062.08,1911.744
2023-08-28 08:00:00,1006.208,1811.1744
2023-08-28 09:00:00,1110.72,1999.296
2023-08-28 10:00:00,1304,2347.2
2023-08-28 11:00:00,1362.624,2452.7232
2023-08-28 12:00:00,1060.928,1909.6704
2023-08-28 13:00:00,1119.36,2014.848
2023-08-28 14:00:00,1315.776,2368.3968
2023-08-28 15:00:00,1374.464,2474.0352
2023-08-28 16:00:00,1060.928,1909.6704
2023-08-28 17:00:00,1076.8,1938.24
2023-08-28 18:00:00,1013.12,1823.616
2023-08-28 19:00:00,1122.176,2019.9168
2023-08-28 20:00:00,1054.208,1897.5744
2023-08-28 21:00:00,1110.08,1998.144
2023-08-28 22:00:00,1061.056,1909.9008
2023-08-28 23:00:00,1103.168,1985.7024
2023-08-29 00:00:00,1062.72,1912.896
2023-08-29 01:00:00,1100.544,1980.9792
2023-08-29 02:00:00,1033.472,1860.2496
2023-08-29 03:00:00,1095.36,1971.648
2023-08-29 04:00:00,1037.76,1867.968
2023-08-29 05:00:00,1052.544,1894.5792
2023-08-29 06:00:00,1007.04,1812.672
2023-08-29 07:00:00,1072.384,1930.2912
2023-08-29 08:00:00,1022.592,1840.6656
2023-08-29 09:00:00,1088,1958.4
2023-08-29 10:00:00,1231.04,2215.872
2023-08-29 11:00:00,1297.216,2334.9888
2023-08-29 12:00:00,1038.208,1868.7744
2023-08-29 13:00:00,1106.048,1990.8864
2023-08-29 14:00:00,1246.08,2242.944
2023-08-29 15:00:00,1303.68,2346.624
2023-08-29 16:00:00,1042.432,1876.3776
2023-08-29 17:00:00,1094.848,1970.7264
2023-08-29 18:00:00,1035.52,1863.936
2023-08-29 19:00:00,1135.936,2044.6848
2023-08-29 20:00:00,1077.44,1939.392
2023-08-29 21:00:00,1133.312,2039.9616
2023-08-29 22:00:00,1075.712,1936.2816
2023-08-29 23:00:00,1129.024,2032.2432
2023-08-30 00:00:00,1070.528,1926.9504
2023-08-30 01:00:00,1126.4,2027.52
2023-08-30 02:00:00,1062.72,1912.896
2023-08-30 03:00:00,1125.504,2025.9072
2023-08-30 04:00:00,1061.888,1911.3984
2023-08-30 05:00:00,1071.488,1928.6784
2023-08-30 06:00:00,1025.984,1846.7712
2023-08-30 07:00:00,1094.784,1970.6112
2023-08-30 08:00:00,1049.28,1888.704
2023-08-30 09:00:00,1109.504,1997.1072
2023-08-30 10:00:00,1265.408,2277.7344
2023-08-30 11:00:00,1325.12,2385.216
2023-08-30 12:00:00,1068.352,1923.0336
2023-08-30 13:00:00,1132.8,2039.04
2023-08-30 14:00:00,1270.784,2287.4112
2023-08-30 15:00:00,1328.384,2391.0912
2023-08-30 16:00:00,1073.472,1932.2496
2023-08-30 17:00:00,1119.04,2014.272
2023-08-30 18:00:00,1060.544,1908.9792
2023-08-30 19:00:00,1168.704,2103.6672
2023-08-30 20:00:00,1110.208,1998.3744
2023-08-30 21:00:00,1161.792,2091.2256
2023-08-30 22:00:00,1102.464,1984.4352
2023-08-30 23:00:00,1160.064,2088.1152
2023-08-31 00:00:00,1101.568,1982.8224
2023-08-31 01:00:00,1153.152,2075.6736
2023-08-31 02:00:00,1095.552,1971.9936
2023-08-31 03:00:00,1152.256,2074.0608
2023-08-31 04:00:00,1098.944,1978.0992
2023-08-31 05:00:00,1103.36,1986.048
2023-08-31 06:00:00,1050.944,1891.6992
2023-08-31 07:00:00,1115.456,2007.8208
2023-08-31 08:00:00,1059.648,1907.3664
2023-08-31 09:00:00,1163.264,2093.8752
2023-08-31 10:00:00,1357.696,2443.8528
2023-08-31 11:00:00,1421.696,2559.0528
2023-08-31 12:00:00,1117.824,2012.0832
2023-08-31 13:00:00,1171.136,2108.0448
2023-08-31 14:00:00,1365.184,2457.3312
2023-08-31 15:00:00,1423.808,2562.8544
2023-08-31 16:00:00,1113.536,2004.3648
2023-08-31 17:00:00,1125.056,2025.1008
2023-08-31 18:00:00,1065.728,1918.3104
2023-08-31 19:00:00,1170.432,2106.7776
2023-08-31 20:00:00,1110.208,1998.3744
2023-08-31 21:00:00,1171.264,2108.2752
2023-08-31 22:00:00,1112.768,2002.9824
2023-08-31 23:00:00,1165.248,2097.4464
2023-09-01 00:00:00,1110.208,1998.3744
2023-09-01 01:00:00,1166.912,2100.4416
2023-09-01 02:00:00,1104.128,1987.4304
2023-09-01 03:00:00,1161.728,2091.1104
2023-09-01 04:00:00,1093.76,1968.768
2023-09-01 05:00:00,1153.152,2075.6736
2023-09-01 06:00:00,1054.464,1898.0352
2023-09-01 07:00:00,1111.168,2000.1024
2023-09-01 08:00:00,1061.376,1910.4768
2023-09-01 09:00:00,1155.52,2079.936
2023-09-01 10:00:00,1349.12,2428.416
2023-09-01 11:00:00,1402.368,2524.2624
2023-09-01 12:00:00,1100.544,1980.9792
2023-09-01 13:00:00,1158.144,2084.6592
2023-09-01 14:00:00,1355.52,2439.936
2023-09-01 15:00:00,1411.008,2539.8144
2023-09-01 16:00:00,1096.192,1973.1456
2023-09-01 17:00:00,1112.896,2003.2128
2023-09-01 18:00:00,1102.464,1984.4352
2023-09-01 19:00:00,1159.168,2086.5024
2023-09-01 20:00:00,1101.568,1982.8224
2023-09-01 21:00:00,1153.984,2077.1712
2023-09-01 22:00:00,1094.656,1970.3808
2023-09-01 23:00:00,1152.256,2074.0608
2023-09-02 00:00:00,1088.64,1959.552
2023-09-02 01:00:00,1140.16,2052.288
2023-09-02 02:00:00,1088.64,1959.552
2023-09-02 03:00:00,1140.16,2052.288
2023-09-02 04:00:00,1086.848,1956.3264
2023-09-02 05:00:00,1144.448,2060.0064
2023-09-02 06:00:00,1053.504,1896.3072
2023-09-02 07:00:00,1117.184,2010.9312
2023-09-02 08:00:00,1068.224,1922.8032
2023-09-02 09:00:00,1168.448,2103.2064
2023-09-02 10:00:00,1365.184,2457.3312
2023-09-02 11:00:00,1508.8,2715.84
2023-09-02 12:00:00,1204.672,2168.4096
2023-09-02 13:00:00,1257.728,2263.9104
2023-09-02 14:00:00,1451.2,2612.16
2023-09-02 15:00:00,1421.696,2559.0528
2023-09-02 16:00:00,1112.576,2002.6368
2023-09-02 17:00:00,1129.344,2032.8192
2023-09-02 18:00:00,1112.768,2002.9824
2023-09-02 19:00:00,1169.536,2105.1648
2023-09-02 20:00:00,1111.04,1999.872
2023-09-02 21:00:00,1172.096,2109.7728
2023-09-02 22:00:00,1109.312,1996.7616
2023-09-02 23:00:00,1166.016,2098.8288
2023-09-03 00:00:00,1104.128,1987.4304
2023-09-03 01:00:00,1150.528,2070.9504
2023-09-03 02:00:00,1093.76,1968.768
2023-09-03 03:00:00,1153.152,2075.6736
2023-09-03 04:00:00,1090.368,1962.6624
2023-09-03 05:00:00,1147.072,2064.7296
2023-09-03 06:00:00,1047.552,1885.5936
2023-09-03 07:00:00,1112.064,2001.7152
2023-09-03 08:00:00,1062.208,1911.9744
2023-09-03 09:00:00,1157.312,2083.1616
2023-09-03 10:00:00,1353.344,2436.0192
2023-09-03 11:00:00,1417.408,2551.3344
2023-09-03 12:00:00,1110.08,1998.144
2023-09-03 13:00:00,1167.68,2101.824
2023-09-03 14:00:00,1357.632,2443.7376
2023-09-03 15:00:00,1415.232,2547.4176
2023-09-03 16:00:00,1109.248,1996.6464
2023-09-03 17:00:00,1124.224,2023.6032
2023-09-03 18:00:00,1112,2001.6
2023-09-03 19:00:00,1168.704,2103.6672
2023-09-03 20:00:00,1114.56,2006.208
2023-09-03 21:00:00,1166.976,2100.5568
2023-09-03 22:00:00,1109.376,1996.8768
2023-09-03 23:00:00,1160.064,2088.1152
2023-09-04 00:00:00,1101.568,1982.8224
2023-09-04 01:00:00,1159.168,2086.5024
2023-09-04 02:00:00,1100.672,1981.2096
2023-09-04 03:00:00,1152.256,2074.0608
2023-09-04 04:00:00,1094.656,1970.3808
2023-09-04 05:00:00,1151.36,2072.448
2023-09-04 06:00:00,1051.84,1893.312
2023-09-04 07:00:00,1116.352,2009.4336
2023-09-04 08:00:00,1064.768,1916.5824
2023-09-04 09:00:00,1162.368,2092.2624
2023-09-04 10:00:00,1354.496,2438.0928
2023-09-04 11:00:00,1412.096,2541.7728
2023-09-04 12:00:00,1109.12,1996.416
2023-09-04 13:00:00,1162.368,2092.2624
2023-09-04 14:00:00,1345.92,2422.656
2023-09-04 15:00:00,1411.008,2539.8144
2023-09-04 16:00:00,1098.752,1977.7536
2023-09-04 17:00:00,1110.272,1998.4896
2023-09-04 18:00:00,1091.2,1964.16
2023-09-04 19:00:00,1138.496,2049.2928
2023-09-04 20:00:00,1080,1944
2023-09-04 21:00:00,1136.704,2046.0672
2023-09-04 22:00:00,1078.272,1940.8896
2023-09-04 23:00:00,1131.584,2036.8512
2023-09-05 00:00:00,1073.984,1933.1712
2023-09-05 01:00:00,1125.504,2025.9072
2023-09-05 02:00:00,1067.904,1922.2272
2023-09-05 03:00:00,1124.672,2024.4096
2023-09-05 04:00:00,1062.72,1912.896
2023-09-05 05:00:00,1119.488,2015.0784
2023-09-05 06:00:00,1014.72,1826.496
2023-09-05 07:00:00,1079.232,1942.6176
2023-09-05 08:00:00,1019.136,1834.4448
2023-09-05 09:00:00,1078.464,1941.2352
2023-09-05 10:00:00,1219.2,2194.56
2023-09-05 11:00:00,1274.624,2294.3232
2023-09-05 12:00:00,1012.288,1822.1184
2023-09-05 13:00:00,1089.664,1961.3952
2023-09-05 14:00:00,1236.416,2225.5488
2023-09-05 15:00:00,1288.64,2319.552
2023-09-05 16:00:00,1033.728,1860.7104
2023-09-05 17:00:00,1084.416,1951.9488
2023-09-05 18:00:00,1069.632,1925.3376
2023-09-05 19:00:00,1122.112,2019.8016
2023-09-05 20:00:00,1064.512,1916.1216
2023-09-05 21:00:00,1122.112,2019.8016
2023-09-05 22:00:00,1058.432,1905.1776
2023-09-05 23:00:00,1110.016,1998.0288
2023-09-06 00:00:00,1052.416,1894.3488
2023-09-06 01:00:00,1109.12,1996.416
2023-09-06 02:00:00,1051.52,1892.736
2023-09-06 03:00:00,1103.936,1987.0848
2023-09-06 04:00:00,1042.048,1875.6864
2023-09-06 05:00:00,1095.36,1971.648
2023-09-06 06:00:00,1008.704,1815.6672
2023-09-06 07:00:00,1079.232,1942.6176
2023-09-06 08:00:00,1029.44,1852.992
2023-09-06 09:00:00,1083.648,1950.5664
2023-09-06 10:00:00,1233.216,2219.7888
2023-09-06 11:00:00,1294.016,2329.2288
2023-09-06 12:00:00,1030.4,1854.72
2023-09-06 13:00:00,1093.184,1967.7312
2023-09-06 14:00:00,1236.416,2225.5488
2023-09-06 15:00:00,1289.664,2321.3952
2023-09-06 16:00:00,1028.672,1851.6096
2023-09-06 17:00:00,1075.904,1936.6272
2023-09-06 18:00:00,1068.864,1923.9552
2023-09-06 19:00:00,1129.856,2033.7408
2023-09-06 20:00:00,1066.24,1919.232
2023-09-06 21:00:00,1122.112,2019.8016
2023-09-06 22:00:00,1063.616,1914.5088
2023-09-06 23:00:00,1119.488,2015.0784
2023-09-07 00:00:00,1072.192,1929.9456
2023-09-07 01:00:00,1128.96,2032.128
2023-09-07 02:00:00,1066.176,1919.1168
2023-09-07 03:00:00,1117.696,2011.8528
2023-09-07 04:00:00,1065.28,1917.504
2023-09-07 05:00:00,1122.048,2019.6864
2023-09-07 06:00:00,1028.544,1851.3792
2023-09-07 07:00:00,1094.784,1970.6112
2023-09-07 08:00:00,1042.432,1876.3776
2023-09-07 09:00:00,1142.656,2056.7808
2023-09-07 10:00:00,1339.392,2410.9056
2023-09-07 11:00:00,1403.392,2526.1056
2023-09-07 12:00:00,1099.776,1979.5968
2023-09-07 13:00:00,1163.392,2094.1056
2023-09-07 14:00:00,1363.008,2453.4144
2023-09-07 15:00:00,1419.52,2555.136
2023-09-07 16:00:00,1110.08,1998.144
2023-09-07 17:00:00,1119.872,2015.7696
2023-09-07 18:00:00,1108.544,1995.3792
2023-09-07 19:00:00,1159.232,2086.6176
2023-09-07 20:00:00,1099.904,1979.8272
2023-09-07 21:00:00,1155.776,2080.3968
2023-09-07 22:00:00,1092.992,1967.3856
2023-09-07 23:00:00,1145.408,2061.7344
2023-09-08 00:00:00,1086.08,1954.944
2023-09-08 01:00:00,1141.888,2055.3984
2023-09-08 02:00:00,1084.288,1951.7184
2023-09-08 03:00:00,1145.344,2061.6192
2023-09-08 04:00:00,1087.744,1957.9392
2023-09-08 05:00:00,1145.344,2061.6192
2023-09-08 06:00:00,1045.76,1882.368
2023-09-08 07:00:00,1115.456,2007.8208
2023-09-08 08:00:00,1066.56,1919.808
2023-09-08 09:00:00,1168.512,2103.3216
2023-09-08 10:00:00,1368.384,2463.0912
2023-09-08 11:00:00,1430.272,2574.4896
2023-09-08 12:00:00,1117.888,2012.1984
2023-09-08 13:00:00,1173.76,2112.768
2023-09-08 14:00:00,1372.672,2470.8096
2023-09-08 15:00:00,1430.272,2574.4896
2023-09-08 16:00:00,1115.264,2007.4752
2023-09-08 17:00:00,1125.952,2026.7136
2023-09-08 18:00:00,1211.776,2181.1968
2023-09-08 19:00:00,1262.272,2272.0896
2023-09-08 20:00:00,1113.664,2004.5952
2023-09-08 21:00:00,1165.248,2097.4464
2023-09-08 22:00:00,1102.464,1984.4352
2023-09-08 23:00:00,1157.44,2083.392
2023-09-09 00:00:00,1104.128,1987.4304
2023-09-09 01:00:00,1156.544,2081.7792
2023-09-09 02:00:00,1102.4,1984.32
2023-09-09 03:00:00,1160,2088
2023-09-09 04:00:00,1106.688,1992.0384
2023-09-09 05:00:00,1164.288,2095.7184
2023-09-09 06:00:00,1064.704,1916.4672
2023-09-09 07:00:00,1124.928,2024.8704
2023-09-09 08:00:00,1161.152,2090.0736
2023-09-09 09:00:00,1259.648,2267.3664
2023-09-09 10:00:00,1454.464,2618.0352
2023-09-09 11:00:00,1513.088,2723.5584
2023-09-09 12:00:00,1205.504,2169.9072
2023-09-09 13:00:00,1266.752,2280.1536
2023-09-09 14:00:00,1443.712,2598.6816
2023-09-09 15:00:00,1506.688,2712.0384
2023-09-09 16:00:00,1108.224,1994.8032
2023-09-09 17:00:00,1124.928,2024.8704
2023-09-09 18:00:00,1114.496,2006.0928
2023-09-09 19:00:00,1263.296,2273.9328
2023-09-09 20:00:00,1199.424,2158.9632
2023-09-09 21:00:00,1257.92,2264.256
2023-09-09 22:00:00,1200.32,2160.576
2023-09-09 23:00:00,1258.752,2265.7536
2023-09-10 00:00:00,1100.672,1981.2096
2023-09-10 01:00:00,1157.44,2083.392
2023-09-10 02:00:00,1096.32,1973.376
2023-09-10 03:00:00,1158.208,2084.7744
2023-09-10 04:00:00,1100.608,1981.0944
2023-09-10 05:00:00,1153.92,2077.056
2023-09-10 06:00:00,1038.848,1869.9264
2023-09-10 07:00:00,1105.92,1990.656
2023-09-10 08:00:00,1048.32,1886.976
2023-09-10 09:00:00,1150.208,2070.3744
2023-09-10 10:00:00,1340.608,2413.0944
2023-09-10 11:00:00,1405.696,2530.2528
2023-09-10 12:00:00,1098.688,1977.6384
2023-09-10 13:00:00,1152,2073.6
2023-09-10 14:00:00,1340.608,2413.0944
2023-09-10 15:00:00,1404.608,2528.2944
2023-09-10 16:00:00,1098.688,1977.6384
2023-09-10 17:00:00,1110.208,1998.3744
2023-09-10 18:00:00,1100.608,1981.0944
2023-09-10 19:00:00,1153.088,2075.5584
2023-09-10 20:00:00,1095.488,1971.8784
2023-09-10 21:00:00,1144.448,2060.0064
2023-09-10 22:00:00,1079.936,1943.8848
2023-09-10 23:00:00,1137.536,2047.5648
2023-09-11 00:00:00,1074.752,1934.5536
2023-09-11 01:00:00,1132.352,2038.2336
2023-09-11 02:00:00,1074.752,1934.5536
2023-09-11 03:00:00,1128.064,2030.5152
2023-09-11 04:00:00,1060.096,1908.1728
2023-09-11 05:00:00,1117.696,2011.8528
2023-09-11 06:00:00,1012.096,1821.7728
2023-09-11 07:00:00,1077.504,1939.5072
2023-09-11 08:00:00,1015.616,1828.1088
2023-09-11 09:00:00,1119.232,2014.6176
2023-09-11 10:00:00,1315.84,2368.512
2023-09-11 11:00:00,1374.528,2474.1504
2023-09-11 12:00:00,1080.704,1945.2672
2023-09-11 13:00:00,1133.952,2041.1136
2023-09-11 14:00:00,1326.528,2387.7504
2023-09-11 15:00:00,1387.328,2497.1904
2023-09-11 16:00:00,1083.264,1949.8752
2023-09-11 17:00:00,1094.848,1970.7264
2023-09-11 18:00:00,1085.248,1953.4464
2023-09-11 19:00:00,1144.512,2060.1216
2023-09-11 20:00:00,1081.728,1947.1104
2023-09-11 21:00:00,1146.24,2063.232
2023-09-11 22:00:00,1087.744,1957.9392
2023-09-11 23:00:00,1134.976,2042.9568
2023-09-12 00:00:00,1076.544,1937.7792
2023-09-12 01:00:00,1128.064,2030.5152
2023-09-12 02:00:00,1070.464,1926.8352
2023-09-12 03:00:00,1122.88,2021.184
2023-09-12 04:00:00,1060.096,1908.1728
2023-09-12 05:00:00,1123.776,2022.7968
2023-09-12 06:00:00,1029.376,1852.8768
2023-09-12 07:00:00,1098.24,1976.832
2023-09-12 08:00:00,1047.552,1885.5936
2023-09-12 09:00:00,1100.8,1981.44
2023-09-12 10:00:00,1244.992,2240.9856
2023-09-12 11:00:00,1301.568,2342.8224
2023-09-12 12:00:00,1043.2,1877.76
2023-09-12 13:00:00,1099.968,1979.9424
2023-09-12 14:00:00,1241.792,2235.2256
2023-09-12 15:00:00,1299.392,2338.9056
2023-09-12 16:00:00,1040.64,1873.152
2023-09-12 17:00:00,1103.36,1986.048
2023-09-12 18:00:00,1097.216,1974.9888
2023-09-12 19:00:00,1150.528,2070.9504
2023-09-12 20:00:00,1092.032,1965.6576
2023-09-12 21:00:00,1145.344,2061.6192
2023-09-12 22:00:00,1092.032,1965.6576
2023-09-12 23:00:00,1149.632,2069.3376
2023-09-13 00:00:00,1092.032,1965.6576
2023-09-13 01:00:00,1144.448,2060.0064
2023-09-13 02:00:00,1081.664,1946.9952
2023-09-13 03:00:00,1129.792,2033.6256
2023-09-13 04:00:00,1070.464,1926.8352
2023-09-13 05:00:00,1122.88,2021.184
2023-09-13 06:00:00,1016.448,1829.6064
2023-09-13 07:00:00,1076.672,1938.0096
2023-09-13 08:00:00,1026.816,1848.2688
2023-09-13 09:00:00,1081.856,1947.3408
2023-09-13 10:00:00,1230.016,2214.0288
2023-09-13 11:00:00,1284.352,2311.8336
2023-09-13 12:00:00,1026.048,1846.8864
2023-09-13 13:00:00,1074.176,1933.5168
2023-09-13 14:00:00,1217.088,2190.7584
2023-09-13 15:00:00,1279.04,2302.272
2023-09-13 16:00:00,1007.04,1812.672
2023-09-13 17:00:00,1059.456,1907.0208
2023-09-13 18:00:00,1035.2,1863.36
2023-09-13 19:00:00,1091.072,1963.9296
2023-09-13 20:00:00,1033.472,1860.2496
2023-09-13 21:00:00,1082.432,1948.3776
2023-09-13 22:00:00,1020.544,1836.9792
2023-09-13 23:00:00,1073.856,1932.9408
2023-09-14 00:00:00,1011.968,1821.5424
2023-09-14 01:00:00,1069.568,1925.2224
2023-09-14 02:00:00,1007.616,1813.7088
2023-09-14 03:00:00,1065.216,1917.3888
2023-09-14 04:00:00,1007.616,1813.7088
2023-09-14 05:00:00,1065.216,1917.3888
2023-09-14 06:00:00,968.256,1742.8608
2023-09-14 07:00:00,1030.144,1854.2592
2023-09-14 08:00:00,982.016,1767.6288
2023-09-14 09:00:00,1088.256,1958.8608
2023-09-14 10:00:00,1284.672,2312.4096
2023-09-14 11:00:00,1344.384,2419.8912
2023-09-14 12:00:00,1044.544,1880.1792
2023-09-14 13:00:00,1102.144,1983.8592
2023-09-14 14:00:00,1293.248,2327.8464
2023-09-14 15:00:00,1350.848,2431.5264
2023-09-14 16:00:00,1039.36,1870.848
2023-09-14 17:00:00,1050.048,1890.0864
2023-09-14 18:00:00,1035.264,1863.4752
2023-09-14 19:00:00,1091.136,1964.0448
2023-09-14 20:00:00,1025.728,1846.3104
2023-09-14 21:00:00,1078.144,1940.6592
2023-09-14 22:00:00,1025.728,1846.3104
2023-09-14 23:00:00,1082.432,1948.3776
2023-09-15 00:00:00,1020.544,1836.9792
2023-09-15 01:00:00,1078.144,1940.6592
2023-09-15 02:00:00,1016.256,1829.2608
2023-09-15 03:00:00,1073.856,1932.9408
2023-09-15 04:00:00,1020.544,1836.9792
2023-09-15 05:00:00,1073.856,1932.9408
2023-09-15 06:00:00,976.832,1758.2976
2023-09-15 07:00:00,1045.696,1882.2528
2023-09-15 08:00:00,1001.024,1801.8432
2023-09-15 09:00:00,1110.72,1999.296
2023-09-15 10:00:00,1304,2347.2
2023-09-15 11:00:00,1369.088,2464.3584
2023-09-15 12:00:00,1067.84,1922.112
2023-09-15 13:00:00,1121.152,2018.0736
2023-09-15 14:00:00,1318.976,2374.1568
2023-09-15 15:00:00,1366.912,2460.4416
2023-09-15 16:00:00,1058.368,1905.0624
2023-09-15 17:00:00,1073.344,1932.0192
2023-09-15 18:00:00,1062.016,1911.6288
2023-09-15 19:00:00,1118.72,2013.696
2023-09-15 20:00:00,1059.392,1906.9056
2023-09-15 21:00:00,1110.912,1999.6416
2023-09-15 22:00:00,1051.584,1892.8512
2023-09-15 23:00:00,1102.272,1984.0896
2023-09-16 00:00:00,1044.672,1880.4096
2023-09-16 01:00:00,1096.192,1973.1456
2023-09-16 02:00:00,1037.76,1867.968
2023-09-16 03:00:00,1095.36,1971.648
2023-09-16 04:00:00,1037.76,1867.968
2023-09-16 05:00:00,1091.072,1963.9296
2023-09-16 06:00:00,1007.04,1812.672
2023-09-16 07:00:00,1070.656,1927.1808
2023-09-16 08:00:00,1021.696,1839.0528
2023-09-16 09:00:00,1127.104,2028.7872
2023-09-16 10:00:00,1321.152,2378.0736
2023-09-16 11:00:00,1386.24,2495.232
2023-09-16 12:00:00,1079.04,1942.272
2023-09-16 13:00:00,1140.096,2052.1728
2023-09-16 14:00:00,1332.928,2399.2704
2023-09-16 15:00:00,1389.504,2501.1072
2023-09-16 16:00:00,1079.872,1943.7696
2023-09-16 17:00:00,1091.392,1964.5056
2023-09-16 18:00:00,1083.52,1950.336
2023-09-16 19:00:00,1129.856,2033.7408
2023-09-16 20:00:00,1071.424,1928.5632
2023-09-16 21:00:00,1122.944,2021.2992
2023-09-16 22:00:00,1065.344,1917.6192
2023-09-16 23:00:00,1117.76,2011.968
2023-09-17 00:00:00,1055.04,1899.072
2023-09-17 01:00:00,1110.848,1999.5264
2023-09-17 02:00:00,1053.248,1895.8464
2023-09-17 03:00:00,1103.936,1987.0848
2023-09-17 04:00:00,1046.336,1883.4048
2023-09-17 05:00:00,1099.648,1979.3664
2023-09-17 06:00:00,1013.888,1824.9984
2023-09-17 07:00:00,1084.416,1951.9488
2023-09-17 08:00:00,1037.248,1867.0464
2023-09-17 09:00:00,1138.304,2048.9472
2023-09-17 10:00:00,1327.616,2389.7088
2023-09-17 11:00:00,1392.704,2506.8672
2023-09-17 12:00:00,1079.04,1942.272
2023-09-17 13:00:00,1141.824,2055.2832
2023-09-17 14:00:00,1332.928,2399.2704
2023-09-17 15:00:00,1388.416,2499.1488
2023-09-17 16:00:00,1078.976,1942.1568
2023-09-17 17:00:00,1090.56,1963.008
2023-09-17 18:00:00,1074.048,1933.2864
2023-09-17 19:00:00,1125.568,2026.0224
2023-09-17 20:00:00,1067.968,1922.3424
2023-09-17 21:00:00,1114.368,2005.8624
2023-09-17 22:00:00,1055.872,1900.5696
2023-09-17 23:00:00,1108.288,1994.9184
2023-09-18 00:00:00,1043.776,1878.7968
2023-09-18 01:00:00,1095.36,1971.648
2023-09-18 02:00:00,1042.048,1875.6864
2023-09-18 03:00:00,1095.36,1971.648
2023-09-18 04:00:00,1042.048,1875.6864
2023-09-18 05:00:00,1099.648,1979.3664
2023-09-18 06:00:00,1014.72,1826.496
2023-09-18 07:00:00,1080.128,1944.2304
2023-09-18 08:00:00,1026.048,1846.8864
2023-09-18 09:00:00,1129.664,2033.3952
2023-09-18 10:00:00,1321.152,2378.0736
2023-09-18 11:00:00,1384.128,2491.4304
2023-09-18 12:00:00,1076.416,1937.5488
2023-09-18 13:00:00,1129.728,2033.5104
2023-09-18 14:00:00,1325.44,2385.792
2023-09-18 15:00:00,1377.664,2479.7952
2023-09-18 16:00:00,1064.32,1915.776
2023-09-18 17:00:00,1080.192,1944.3456
2023-09-18 18:00:00,1077.44,1939.392
2023-09-18 19:00:00,1129.024,2032.2432
2023-09-18 20:00:00,1074.816,1934.6688
2023-09-18 21:00:00,1131.584,2036.8512
2023-09-18 22:00:00,1068.8,1923.84
2023-09-18 23:00:00,1125.504,2025.9072
2023-09-19 00:00:00,1061.888,1911.3984
2023-09-19 01:00:00,1119.488,2015.0784
2023-09-19 02:00:00,1060.096,1908.1728
2023-09-19 03:00:00,1122.88,2021.184
2023-09-19 04:00:00,1064.448,1916.0064
2023-09-19 05:00:00,1116.864,2010.3552
2023-09-19 06:00:00,1016.448,1829.6064
2023-09-19 07:00:00,1080.064,1944.1152
2023-09-19 08:00:00,1023.36,1842.048
2023-09-19 09:00:00,1098.24,1976.832
2023-09-19 10:00:00,1244.992,2240.9856
2023-09-19 11:00:00,1304.768,2348.5824
2023-09-19 12:00:00,1047.616,1885.7088
2023-09-19 13:00:00,1105.216,1989.3888
2023-09-19 14:00:00,1255.744,2260.3392
2023-09-19 15:00:00,1312.32,2362.176
2023-09-19 16:00:00,1052.672,1894.8096
2023-09-19 17:00:00,1108.544,1995.3792
2023-09-19 18:00:00,1098.112,1976.6016
2023-09-19 19:00:00,1155.712,2080.2816
2023-09-19 20:00:00,1097.216,1974.9888
2023-09-19 21:00:00,1146.24,2063.232
2023-09-19 22:00:00,1088.64,1959.552
2023-09-19 23:00:00,1145.344,2061.6192
2023-09-20 00:00:00,1087.744,1957.9392
2023-09-20 01:00:00,1144.448,2060.0064
2023-09-20 02:00:00,1086.848,1956.3264
2023-09-20 03:00:00,1144.448,2060.0064
2023-09-20 04:00:00,1082.56,1948.608
2023-09-20 05:00:00,1112.64,2002.752
2023-09-20 06:00:00,1002.688,1804.8384
2023-09-20 07:00:00,1056,1900.8
2023-09-20 08:00:00,994.112,1789.4016
2023-09-20 09:00:00,1056.896,1902.4128
2023-09-20 10:00:00,1210.624,2179.1232
2023-09-20 11:00:00,1274.688,2294.4384
2023-09-20 12:00:00,1014.016,1825.2288
2023-09-20 13:00:00,1072.448,1930.4064
2023-09-20 14:00:00,1212.736,2182.9248
2023-09-20 15:00:00,1254.272,2257.6896
2023-09-20 16:00:00,989.888,1781.7984
2023-09-20 17:00:00,1039.68,1871.424
2023-09-20 18:00:00,1023.168,1841.7024
2023-09-20 19:00:00,1079.872,1943.7696
2023-09-20 20:00:00,1021.44,1838.592
2023-09-20 21:00:00,1078.144,1940.6592
2023-09-20 22:00:00,1016.256,1829.2608
2023-09-20 23:00:00,1069.568,1925.2224
2023-09-21 00:00:00,1011.968,1821.5424
2023-09-21 01:00:00,1065.216,1917.3888
2023-09-21 02:00:00,1007.616,1813.7088
2023-09-21 03:00:00,1060.928,1909.6704
2023-09-21 04:00:00,1003.328,1805.9904
2023-09-21 05:00:00,1060.928,1909.6704
2023-09-21 06:00:00,959.616,1727.3088
2023-09-21 07:00:00,1021.568,1838.8224
2023-09-21 08:00:00,972.544,1750.5792
2023-09-21 09:00:00,1075.328,1935.5904
2023-09-21 10:00:00,1276.096,2296.9728
2023-09-21 11:00:00,1333.696,2400.6528
2023-09-21 12:00:00,1025.536,1845.9648
2023-09-21 13:00:00,1083.968,1951.1424
2023-09-21 14:00:00,1266.432,2279.5776
2023-09-21 15:00:00,1318.656,2373.5808
2023-09-21 16:00:00,1017.792,1832.0256
2023-09-21 17:00:00,1035.392,1863.7056
2023-09-21 18:00:00,1029.184,1852.5312
2023-09-21 19:00:00,1091.136,1964.0448
2023-09-21 20:00:00,1036.928,1866.4704
2023-09-21 21:00:00,1089.344,1960.8192
2023-09-21 22:00:00,1026.56,1847.808
2023-09-21 23:00:00,1079.04,1942.272
2023-09-22 00:00:00,1020.544,1836.9792
2023-09-22 01:00:00,1078.144,1940.6592
2023-09-22 02:00:00,1016.256,1829.2608
2023-09-22 03:00:00,1065.216,1917.3888
2023-09-22 04:00:00,1007.616,1813.7088
2023-09-22 05:00:00,1073.856,1932.9408
2023-09-22 06:00:00,972.544,1750.5792
2023-09-22 07:00:00,1034.432,1861.9776
2023-09-22 08:00:00,981.12,1766.016
2023-09-22 09:00:00,1089.088,1960.3584
2023-09-22 10:00:00,1285.76,2314.368
2023-09-22 11:00:00,1342.336,2416.2048
2023-09-22 12:00:00,1042.688,1876.8384
2023-09-22 13:00:00,1100.288,1980.5184
2023-09-22 14:00:00,1295.424,2331.7632
2023-09-22 15:00:00,1353.024,2435.4432
2023-09-22 16:00:00,1043.584,1878.4512
2023-09-22 17:00:00,1056,1900.8
2023-09-22 18:00:00,1054.144,1897.4592
2023-09-22 19:00:00,1115.2,2007.36
2023-09-22 20:00:00,1048.96,1888.128
2023-09-22 21:00:00,1096.192,1973.1456
2023-09-22 22:00:00,1033.472,1860.2496
2023-09-22 23:00:00,1091.072,1963.9296
2023-09-23 00:00:00,1033.472,1860.2496
2023-09-23 01:00:00,1086.72,1956.096
2023-09-23 02:00:00,1024.832,1844.6976
2023-09-23 03:00:00,1082.432,1948.3776
2023-09-23 04:00:00,1020.544,1836.9792
2023-09-23 05:00:00,1073.856,1932.9408
2023-09-23 06:00:00,972.544,1750.5792
2023-09-23 07:00:00,1038.72,1869.696
2023-09-23 08:00:00,981.12,1766.016
2023-09-23 09:00:00,1078.784,1941.8112
2023-09-23 10:00:00,1279.296,2302.7328
2023-09-23 11:00:00,1349.76,2429.568
2023-09-23 12:00:00,1039.36,1870.848
2023-09-23 13:00:00,1094.4,1969.92
2023-09-23 14:00:00,1286.784,2316.2112
2023-09-23 15:00:00,1349.76,2429.568
2023-09-23 16:00:00,1047.936,1886.2848
2023-09-23 17:00:00,1061.184,1910.1312
2023-09-23 18:00:00,1049.856,1889.7408
2023-09-23 19:00:00,1110.848,1999.5264
2023-09-23 20:00:00,1042.944,1877.2992
2023-09-23 21:00:00,1095.36,1971.648
2023-09-23 22:00:00,1042.048,1875.6864
2023-09-23 23:00:00,1095.36,1971.648
2023-09-24 00:00:00,1033.472,1860.2496
2023-09-24 01:00:00,1086.72,1956.096
2023-09-24 02:00:00,1007.616,1813.7088
2023-09-24 03:00:00,1060.928,1909.6704
2023-09-24 04:00:00,1003.328,1805.9904
2023-09-24 05:00:00,1065.216,1917.3888
2023-09-24 06:00:00,976.832,1758.2976
2023-09-24 07:00:00,1043.904,1879.0272
2023-09-24 08:00:00,1003.584,1806.4512
2023-09-24 09:00:00,1108.992,1996.1856
2023-09-24 10:00:00,1307.2,2352.96
2023-09-24 11:00:00,1365.888,2458.5984
2023-09-24 12:00:00,1055.744,1900.3392
2023-09-24 13:00:00,1113.344,2004.0192
2023-09-24 14:00:00,1309.376,2356.8768
2023-09-24 15:00:00,1372.288,2470.1184
2023-09-24 16:00:00,1064.256,1915.6608
2023-09-24 17:00:00,1070.656,1927.1808
2023-09-24 18:00:00,1064.512,1916.1216
2023-09-24 19:00:00,1122.112,2019.8016
2023-09-24 20:00:00,1060.16,1908.288
2023-09-24 21:00:00,1122.112,2019.8016
2023-09-24 22:00:00,1059.328,1906.7904
2023-09-24 23:00:00,1111.744,2001.1392
2023-09-25 00:00:00,1053.248,1895.8464
2023-09-25 01:00:00,1105.664,1990.1952
2023-09-25 02:00:00,1043.776,1878.7968
2023-09-25 03:00:00,1092.8,1967.04
2023-09-25 04:00:00,1042.048,1875.6864
2023-09-25 05:00:00,1095.36,1971.648
2023-09-25 06:00:00,989.76,1781.568
2023-09-25 07:00:00,1048.192,1886.7456
2023-09-25 08:00:00,997.568,1795.6224
2023-09-25 09:00:00,1100.288,1980.5184
2023-09-25 10:00:00,1297.6,2335.68
2023-09-25 11:00:00,1356.224,2441.2032
2023-09-25 12:00:00,1056.576,1901.8368
2023-09-25 13:00:00,1108.096,1994.5728
2023-09-25 14:00:00,1297.6,2335.68
2023-09-25 15:00:00,1354.112,2437.4016
2023-09-25 16:00:00,1048.768,1887.7824
2023-09-25 17:00:00,1064.64,1916.352
2023-09-25 18:00:00,1049.856,1889.7408
2023-09-25 19:00:00,1103.168,1985.7024
2023-09-25 20:00:00,1044.672,1880.4096
2023-09-25 21:00:00,1102.272,1984.0896
2023-09-25 22:00:00,1043.776,1878.7968
2023-09-25 23:00:00,1097.088,1974.7584
2023-09-26 00:00:00,1038.592,1869.4656
2023-09-26 01:00:00,1091.072,1963.9296
2023-09-26 02:00:00,1033.472,1860.2496
2023-09-26 03:00:00,1086.72,1956.096
2023-09-26 04:00:00,1029.12,1852.416
2023-09-26 05:00:00,1086.72,1956.096
2023-09-26 06:00:00,985.472,1773.8496
2023-09-26 07:00:00,1047.36,1885.248
2023-09-26 08:00:00,990.592,1783.0656
2023-09-26 09:00:00,1049.984,1889.9712
2023-09-26 10:00:00,1192.384,2146.2912
2023-09-26 11:00:00,1249.984,2249.9712
2023-09-26 12:00:00,1000.128,1800.2304
2023-09-26 13:00:00,1048.256,1886.8608
2023-09-26 14:00:00,1185.92,2134.656
2023-09-26 15:00:00,1255.36,2259.648
2023-09-26 16:00:00,992.384,1786.2912
2023-09-26 17:00:00,1049.088,1888.3584
2023-09-26 18:00:00,1034.304,1861.7472
2023-09-26 19:00:00,1086.72,1956.096
2023-09-26 20:00:00,1029.12,1852.416
2023-09-26 21:00:00,1082.432,1948.3776
2023-09-26 22:00:00,1020.544,1836.9792
2023-09-26 23:00:00,1082.432,1948.3776
2023-09-27 00:00:00,1020.544,1836.9792
2023-09-27 01:00:00,1078.144,1940.6592
2023-09-27 02:00:00,1020.544,1836.9792
2023-09-27 03:00:00,1073.856,1932.9408
2023-09-27 04:00:00,1020.544,1836.9792
2023-09-27 05:00:00,1065.216,1917.3888
2023-09-27 06:00:00,959.616,1727.3088
2023-09-27 07:00:00,1025.856,1846.5408
2023-09-27 08:00:00,972.544,1750.5792
2023-09-27 09:00:00,1034.432,1861.9776
2023-09-27 10:00:00,1179.52,2123.136
2023-09-27 11:00:00,1246.784,2244.2112
2023-09-27 12:00:00,996.672,1794.0096
2023-09-27 13:00:00,1055.168,1899.3024
2023-09-27 14:00:00,1202.112,2163.8016
2023-09-27 15:00:00,1257.536,2263.5648
2023-09-27 16:00:00,1001.856,1803.3408
2023-09-27 17:00:00,1062.848,1913.1264
2023-09-27 18:00:00,1054.144,1897.4592
2023-09-27 19:00:00,1112.64,2002.752
2023-09-27 20:00:00,1053.248,1895.8464
2023-09-27 21:00:00,1115.2,2007.36
2023-09-27 22:00:00,1057.6,1903.68
2023-09-27 23:00:00,1114.304,2005.7472
2023-09-28 00:00:00,1056.704,1902.0672
2023-09-28 01:00:00,1109.12,1996.416
2023-09-28 02:00:00,1051.52,1892.736
2023-09-28 03:00:00,1109.12,1996.416
2023-09-28 04:00:00,1055.808,1900.4544
2023-09-28 05:00:00,1117.696,2011.8528
2023-09-28 06:00:00,1012.992,1823.3856
2023-09-28 07:00:00,1069.696,1925.4528
2023-09-28 08:00:00,1019.072,1834.3296
2023-09-28 09:00:00,1123.584,2022.4512
2023-09-28 10:00:00,1325.504,2385.9072
2023-09-28 11:00:00,1378.816,2481.8688
2023-09-28 12:00:00,1083.2,1949.76
2023-09-28 13:00:00,1144.256,2059.6608
2023-09-28 14:00:00,1337.344,2407.2192
2023-09-28 15:00:00,1394.944,2510.8992
2023-09-28 16:00:00,1086.656,1955.9808
2023-09-28 17:00:00,1098.24,1976.832
2023-09-28 18:00:00,1087.744,1957.9392
2023-09-28 19:00:00,1144.448,2060.0064
2023-09-28 20:00:00,1086.848,1956.3264
2023-09-28 21:00:00,1144.448,2060.0064
2023-09-28 22:00:00,1086.848,1956.3264
2023-09-28 23:00:00,1144.448,2060.0064
2023-09-29 00:00:00,1086.848,1956.3264
2023-09-29 01:00:00,1148.736,2067.7248
2023-09-29 02:00:00,1095.488,1971.8784
2023-09-29 03:00:00,1153.088,2075.5584
2023-09-29 04:00:00,1090.304,1962.5472
2023-09-29 05:00:00,1147.904,2066.2272
2023-09-29 06:00:00,1047.488,1885.4784
2023-09-29 07:00:00,1106.816,1992.2688
2023-09-29 08:00:00,1057.024,1902.6432
2023-09-29 09:00:00,1159.808,2087.6544
2023-09-29 10:00:00,1352.384,2434.2912
2023-09-29 11:00:00,1415.296,2547.5328
2023-09-29 12:00:00,1103.04,1985.472
2023-09-29 13:00:00,1159.808,2087.6544
2023-09-29 14:00:00,1350.208,2430.3744
2023-09-29 15:00:00,1400.32,2520.576
2023-09-29 16:00:00,1089.216,1960.5888
2023-09-29 17:00:00,1106.816,1992.2688
2023-09-29 18:00:00,1097.216,1974.9888
2023-09-29 19:00:00,1153.92,2077.056
2023-09-29 20:00:00,1106.688,1992.0384
2023-09-29 21:00:00,1164.288,2095.7184
2023-09-29 22:00:00,1096.32,1973.376
2023-09-29 23:00:00,1153.92,2077.056
2023-09-30 00:00:00,1106.688,1992.0384
2023-09-30 01:00:00,1168.576,2103.4368
2023-09-30 02:00:00,1100.608,1981.0944
2023-09-30 03:00:00,1163.392,2094.1056
2023-09-30 04:00:00,1110.976,1999.7568
2023-09-30 05:00:00,1168.576,2103.4368
2023-09-30 06:00:00,1148.8,2067.84
2023-09-30 07:00:00,1122.304,2020.1472
2023-09-30 08:00:00,1064.704,1916.4672
2023-09-30 09:00:00,1162.304,2092.1472
2023-09-30 10:00:00,1355.584,2440.0512
2023-09-30 11:00:00,1409.984,2537.9712
2023-09-30 12:00:00,1097.024,1974.6432
2023-09-30 13:00:00,1127.872,2030.1696
2023-09-30 14:00:00,1309.44,2356.992
2023-09-30 15:00:00,1367.04,2460.672
2023-09-30 16:00:00,1051.328,1892.3904
2023-09-30 17:00:00,1068.928,1924.0704
2023-09-30 18:00:00,1053.248,1895.8464
2023-09-30 19:00:00,1101.376,1982.4768
2023-09-30 20:00:00,1033.472,1860.2496
2023-09-30 21:00:00,1086.72,1956.096
2023-09-30 22:00:00,1024.832,1844.6976
2023-09-30 23:00:00,1078.144,1940.6592
2023-10-01 00:00:00,1011.968,1821.5424
2023-10-01 01:00:00,1065.216,1917.3888
2023-10-01 02:00:00,1007.616,1813.7088
2023-10-01 03:00:00,1060.928,1909.6704
2023-10-01 04:00:00,999.04,1798.272
2023-10-01 05:00:00,1056.64,1901.952
2023-10-01 06:00:00,951.04,1711.872
2023-10-01 07:00:00,1012.928,1823.2704
2023-10-01 08:00:00,959.616,1727.3088
2023-10-01 09:00:00,1057.216,1902.9888
2023-10-01 10:00:00,1246.016,2242.8288
2023-10-01 11:00:00,1312.256,2362.0608
2023-10-01 12:00:00,1012.544,1822.5792
2023-10-01 13:00:00,1074.432,1933.9776
2023-10-01 14:00:00,1267.52,2281.536
2023-10-01 15:00:00,1320.832,2377.4976
2023-10-01 16:00:00,1016.832,1830.2976
2023-10-01 17:00:00,1073.856,1932.9408
2023-10-01 18:00:00,1016.256,1829.2608
2023-10-01 19:00:00,1073.856,1932.9408
2023-10-01 20:00:00,1016.256,1829.2608
2023-10-01 21:00:00,1069.568,1925.2224
2023-10-01 22:00:00,1011.968,1821.5424
2023-10-01 23:00:00,1065.216,1917.3888
2023-10-02 00:00:00,1003.328,1805.9904
2023-10-02 01:00:00,1060.928,1909.6704
2023-10-02 02:00:00,999.04,1798.272
2023-10-02 03:00:00,1056.64,1901.952
2023-10-02 04:00:00,924.48,1664.064
2023-10-02 05:00:00,982.08,1767.744
2023-10-02 06:00:00,876.48,1577.664
2023-10-02 07:00:00,934.08,1681.344
2023-10-02 08:00:00,876.48,1577.664
2023-10-02 09:00:00,974.08,1753.344
2023-10-02 10:00:00,1162.88,2093.184
2023-10-02 11:00:00,1220.48,2196.864
2023-10-02 12:00:00,916.48,1649.664
2023-10-02 13:00:00,974.08,1753.344
2023-10-02 14:00:00,1160,2088
2023-10-02 15:00:00,1217.6,2191.68
2023-10-02 16:00:00,913.6,1644.48
2023-10-02 17:00:00,976.384,1757.4912
2023-10-02 18:00:00,918.784,1653.8112
2023-10-02 19:00:00,976.384,1757.4912
2023-10-02 20:00:00,918.784,1653.8112
2023-10-02 21:00:00,976.384,1757.4912
2023-10-02 22:00:00,918.784,1653.8112
2023-10-02 23:00:00,979.2,1762.56
2023-10-03 00:00:00,918.784,1653.8112
2023-10-03 01:00:00,976.384,1757.4912
2023-10-03 02:00:00,921.6,1658.88
2023-10-03 03:00:00,976.384,1757.4912
2023-10-03 04:00:00,921.6,1658.88
2023-10-03 05:00:00,976.384,1757.4912
2023-10-03 06:00:00,873.6,1572.48
2023-10-03 07:00:00,931.2,1676.16
2023-10-03 08:00:00,873.6,1572.48
2023-10-03 09:00:00,934.08,1681.344
2023-10-03 10:00:00,1072,1929.6
2023-10-03 11:00:00,1132.48,2038.464
2023-10-03 12:00:00,876.48,1577.664
2023-10-03 13:00:00,934.08,1681.344
2023-10-03 14:00:00,1074.88,1934.784
2023-10-03 15:00:00,1132.48,2038.464
2023-10-03 16:00:00,876.48,1577.664
2023-10-03 17:00:00,982.08,1767.744
2023-10-03 18:00:00,924.48,1664.064
2023-10-03 19:00:00,982.08,1767.744
2023-10-03 20:00:00,924.48,1664.064
2023-10-03 21:00:00,1056.64,1901.952
2023-10-03 22:00:00,924.48,1664.064
2023-10-03 23:00:00,982.08,1767.744
2023-10-04 00:00:00,999.04,1798.272
2023-10-04 01:00:00,1056.64,1901.952
2023-10-04 02:00:00,924.48,1664.064
2023-10-04 03:00:00,982.08,1767.744
2023-10-04 04:00:00,924.48,1664.064
2023-10-04 05:00:00,979.2,1762.56
2023-10-04 06:00:00,873.6,1572.48
2023-10-04 07:00:00,931.2,1676.16
2023-10-04 08:00:00,873.6,1572.48
2023-10-04 09:00:00,934.08,1681.344
2023-10-04 10:00:00,1149.44,2068.992
2023-10-04 11:00:00,1211.328,2180.3904
2023-10-04 12:00:00,959.616,1727.3088
2023-10-04 13:00:00,1017.216,1830.9888
2023-10-04 14:00:00,1158.016,2084.4288
2023-10-04 15:00:00,1215.616,2188.1088
2023-10-04 16:00:00,959.616,1727.3088
2023-10-04 17:00:00,1065.216,1917.3888
2023-10-04 18:00:00,1007.616,1813.7088
2023-10-04 19:00:00,1060.928,1909.6704
2023-10-04 20:00:00,999.04,1798.272
2023-10-04 21:00:00,979.2,1762.56
2023-10-04 22:00:00,921.6,1658.88
2023-10-04 23:00:00,976.384,1757.4912
2023-10-05 00:00:00,918.784,1653.8112
2023-10-05 01:00:00,976.384,1757.4912
2023-10-05 02:00:00,918.784,1653.8112
2023-10-05 03:00:00,979.2,1762.56
2023-10-05 04:00:00,921.6,1658.88
2023-10-05 05:00:00,979.2,1762.56
2023-10-05 06:00:00,873.6,1572.48
2023-10-05 07:00:00,934.08,1681.344
2023-10-05 08:00:00,955.328,1719.5904
2023-10-05 09:00:00,1052.928,1895.2704
2023-10-05 10:00:00,1254.656,2258.3808
2023-10-05 11:00:00,1316.544,2369.7792
2023-10-05 12:00:00,1012.544,1822.5792
2023-10-05 13:00:00,1080.512,1944.9216
2023-10-05 14:00:00,1264.32,2275.776
2023-10-05 15:00:00,1316.544,2369.7792
2023-10-05 16:00:00,1012.544,1822.5792
2023-10-05 17:00:00,1069.568,1925.2224
2023-10-05 18:00:00,1007.616,1813.7088
2023-10-05 19:00:00,1060.928,1909.6704
2023-10-05 20:00:00,999.04,1798.272
2023-10-05 21:00:00,1060.928,1909.6704
2023-10-05 22:00:00,924.48,1664.064
2023-10-05 23:00:00,982.08,1767.744
2023-10-06 00:00:00,924.48,1664.064
2023-10-06 01:00:00,979.2,1762.56
2023-10-06 02:00:00,924.48,1664.064
2023-10-06 03:00:00,982.08,1767.744
2023-10-06 04:00:00,924.48,1664.064
2023-10-06 05:00:00,982.08,1767.744
2023-10-06 06:00:00,955.328,1719.5904
2023-10-06 07:00:00,1021.568,1838.8224
2023-10-06 08:00:00,968.256,1742.8608
2023-10-06 09:00:00,1066.688,1920.0384
2023-10-06 10:00:00,1262.144,2271.8592
2023-10-06 11:00:00,1321.856,2379.3408
2023-10-06 12:00:00,1016.896,1830.4128
2023-10-06 13:00:00,1090.048,1962.0864
2023-10-06 14:00:00,1291.136,2324.0448
2023-10-06 15:00:00,1347.648,2425.7664
2023-10-06 16:00:00,1040.128,1872.2304
2023-10-06 17:00:00,1104,1987.2
2023-10-06 18:00:00,1039.488,1871.0784
2023-10-06 19:00:00,1097.088,1974.7584
2023-10-06 20:00:00,1034.304,1861.7472
2023-10-06 21:00:00,1086.72,1956.096
2023-10-06 22:00:00,1024.832,1844.6976
2023-10-06 23:00:00,1086.72,1956.096
2023-10-07 00:00:00,1020.544,1836.9792
2023-10-07 01:00:00,1073.856,1932.9408
2023-10-07 02:00:00,1020.544,1836.9792
2023-10-07 03:00:00,1073.856,1932.9408
2023-10-07 04:00:00,1011.968,1821.5424
2023-10-07 05:00:00,1069.568,1925.2224
2023-10-07 06:00:00,972.544,1750.5792
2023-10-07 07:00:00,1034.432,1861.9776
2023-10-07 08:00:00,976.832,1758.2976
2023-10-07 09:00:00,1088.192,1958.7456
2023-10-07 10:00:00,1273.984,2293.1712
2023-10-07 11:00:00,1337.984,2408.3712
2023-10-07 12:00:00,1041.024,1873.8432
2023-10-07 13:00:00,1099.52,1979.136
2023-10-07 14:00:00,1295.424,2331.7632
2023-10-07 15:00:00,1346.56,2423.808
2023-10-07 16:00:00,1034.112,1861.4016
2023-10-07 17:00:00,1093.696,1968.6528
2023-10-07 18:00:00,1035.2,1863.36
2023-10-07 19:00:00,1087.616,1957.7088
2023-10-07 20:00:00,1034.304,1861.7472
2023-10-07 21:00:00,1082.432,1948.3776
2023-10-07 22:00:00,1024.832,1844.6976
2023-10-07 23:00:00,1078.144,1940.6592
2023-10-08 00:00:00,1020.544,1836.9792
2023-10-08 01:00:00,1073.856,1932.9408
2023-10-08 02:00:00,1020.544,1836.9792
2023-10-08 03:00:00,1082.432,1948.3776
2023-10-08 04:00:00,1016.256,1829.2608
2023-10-08 05:00:00,1073.856,1932.9408
2023-10-08 06:00:00,976.832,1758.2976
2023-10-08 07:00:00,1038.72,1869.696
2023-10-08 08:00:00,985.472,1773.8496
2023-10-08 09:00:00,1083.904,1951.0272
2023-10-08 10:00:00,1276.096,2296.9728
2023-10-08 11:00:00,1333.696,2400.6528
2023-10-08 12:00:00,1028.096,1850.5728
2023-10-08 13:00:00,1085.696,1954.2528
2023-10-08 14:00:00,1279.36,2302.848
2023-10-08 15:00:00,1334.784,2402.6112
2023-10-08 16:00:00,1029.76,1853.568
2023-10-08 17:00:00,1091.072,1963.9296
2023-10-08 18:00:00,1037.76,1867.968
2023-10-08 19:00:00,1095.36,1971.648
2023-10-08 20:00:00,1037.76,1867.968
2023-10-08 21:00:00,1095.36,1971.648
2023-10-08 22:00:00,1037.76,1867.968
2023-10-08 23:00:00,1091.072,1963.9296
2023-10-09 00:00:00,1037.76,1867.968
2023-10-09 01:00:00,1099.648,1979.3664
2023-10-09 02:00:00,1042.048,1875.6864
2023-10-09 03:00:00,1099.648,1979.3664
2023-10-09 04:00:00,1042.048,1875.6864
2023-10-09 05:00:00,1099.648,1979.3664
2023-10-09 06:00:00,994.048,1789.2864
2023-10-09 07:00:00,1055.936,1900.6848
2023-10-09 08:00:00,999.232,1798.6176
2023-10-09 09:00:00,1120.128,2016.2304
2023-10-09 10:00:00,1315.84,2368.512
2023-10-09 11:00:00,1373.44,2472.192
2023-10-09 12:00:00,1079.808,1943.6544
2023-10-09 13:00:00,1144.32,2059.776
2023-10-09 14:00:00,1329.792,2393.6256
2023-10-09 15:00:00,1386.304,2495.3472
2023-10-09 16:00:00,1065.984,1918.7712
2023-10-09 17:00:00,1117.696,2011.8528
2023-10-09 18:00:00,1060.096,1908.1728
2023-10-09 19:00:00,1116.864,2010.3552
2023-10-09 20:00:00,1054.976,1898.9568
2023-10-09 21:00:00,1103.936,1987.0848
2023-10-09 22:00:00,1029.12,1852.416
2023-10-09 23:00:00,1082.432,1948.3776
2023-10-10 00:00:00,1016.256,1829.2608
2023-10-10 01:00:00,1056.64,1901.952
2023-10-10 02:00:00,924.48,1664.064
2023-10-10 03:00:00,976.384,1757.4912
2023-10-10 04:00:00,915.904,1648.6272
2023-10-10 05:00:00,967.744,1741.9392
2023-10-10 06:00:00,865.024,1557.0432
2023-10-10 07:00:00,928.384,1671.0912
2023-10-10 08:00:00,873.6,1572.48
2023-10-10 09:00:00,931.2,1676.16
2023-10-10 10:00:00,1149.44,2068.992
2023-10-10 11:00:00,1207.04,2172.672
2023-10-10 12:00:00,951.04,1711.872
2023-10-10 13:00:00,1012.928,1823.2704
2023-10-10 14:00:00,1153.728,2076.7104
2023-10-10 15:00:00,1211.328,2180.3904
2023-10-10 16:00:00,951.04,1711.872
2023-10-10 17:00:00,1060.928,1909.6704
2023-10-10 18:00:00,999.04,1798.272
2023-10-10 19:00:00,1056.64,1901.952
2023-10-10 20:00:00,999.04,1798.272
2023-10-10 21:00:00,979.2,1762.56
2023-10-10 22:00:00,921.6,1658.88
2023-10-10 23:00:00,973.504,1752.3072
2023-10-11 00:00:00,918.784,1653.8112
2023-10-11 01:00:00,976.384,1757.4912
2023-10-11 02:00:00,915.904,1648.6272
2023-10-11 03:00:00,973.504,1752.3072
2023-10-11 04:00:00,915.904,1648.6272
2023-10-11 05:00:00,970.624,1747.1232
2023-10-11 06:00:00,870.784,1567.4112
2023-10-11 07:00:00,934.08,1681.344
2023-10-11 08:00:00,955.328,1719.5904
2023-10-11 09:00:00,1021.568,1838.8224
2023-10-11 10:00:00,1166.656,2099.9808
2023-10-11 11:00:00,1226.368,2207.4624
2023-10-11 12:00:00,980.352,1764.6336
2023-10-11 13:00:00,1038.784,1869.8112
2023-10-11 14:00:00,1180.608,2125.0944
2023-10-11 15:00:00,1237.12,2226.816
2023-10-11 16:00:00,975.168,1755.3024
2023-10-11 17:00:00,1073.856,1932.9408
2023-10-11 18:00:00,1016.256,1829.2608
2023-10-11 19:00:00,1069.568,1925.2224
2023-10-11 20:00:00,1011.968,1821.5424
2023-10-11 21:00:00,1065.216,1917.3888
2023-10-11 22:00:00,1007.616,1813.7088
2023-10-11 23:00:00,1065.216,1917.3888
2023-10-12 00:00:00,999.04,1798.272
2023-10-12 01:00:00,1056.64,1901.952
2023-10-12 02:00:00,921.6,1658.88
2023-10-12 03:00:00,979.2,1762.56
2023-10-12 04:00:00,921.6,1658.88
2023-10-12 05:00:00,979.2,1762.56
2023-10-12 06:00:00,951.04,1711.872
2023-10-12 07:00:00,1021.568,1838.8224
2023-10-12 08:00:00,976.832,1758.2976
2023-10-12 09:00:00,1091.712,1965.0816
2023-10-12 10:00:00,1284.672,2312.4096
2023-10-12 11:00:00,1350.848,2431.5264
2023-10-12 12:00:00,1044.544,1880.1792
2023-10-12 13:00:00,1096.96,1974.528
2023-10-12 14:00:00,1294.336,2329.8048
2023-10-12 15:00:00,1354.112,2437.4016
2023-10-12 16:00:00,1043.584,1878.4512
2023-10-12 17:00:00,1097.984,1976.3712
2023-10-12 18:00:00,1038.592,1869.4656
2023-10-12 19:00:00,1091.072,1963.9296
2023-10-12 20:00:00,1029.12,1852.416
2023-10-12 21:00:00,1086.72,1956.096
2023-10-12 22:00:00,1016.256,1829.2608
2023-10-12 23:00:00,1082.432,1948.3776
2023-10-13 00:00:00,1029.12,1852.416
2023-10-13 01:00:00,1091.072,1963.9296
2023-10-13 02:00:00,1029.12,1852.416
2023-10-13 03:00:00,1091.072,1963.9296
2023-10-13 04:00:00,1037.76,1867.968
2023-10-13 05:00:00,1095.36,1971.648
2023-10-13 06:00:00,994.048,1789.2864
2023-10-13 07:00:00,1051.648,1892.9664
2023-10-13 08:00:00,1008.704,1815.6672
2023-10-13 09:00:00,1114.112,2005.4016
2023-10-13 10:00:00,1298.688,2337.6384
2023-10-13 11:00:00,1356.288,2441.3184
2023-10-13 12:00:00,1045.248,1881.4464
2023-10-13 13:00:00,1109.76,1997.568
2023-10-13 14:00:00,1300.8,2341.44
2023-10-13 15:00:00,1357.376,2443.2768
2023-10-13 16:00:00,1047.04,1884.672
2023-10-13 17:00:00,1111.744,2001.1392
2023-10-13 18:00:00,1055.04,1899.072
2023-10-13 19:00:00,1108.288,1994.9184
2023-10-13 20:00:00,1033.472,1860.2496
2023-10-13 21:00:00,1091.072,1963.9296
2023-10-13 22:00:00,1029.12,1852.416
2023-10-13 23:00:00,1086.72,1956.096
2023-10-14 00:00:00,1024.832,1844.6976
2023-10-14 01:00:00,1082.432,1948.3776
2023-10-14 02:00:00,1020.544,1836.9792
2023-10-14 03:00:00,1069.568,1925.2224
2023-10-14 04:00:00,1011.968,1821.5424
2023-10-14 05:00:00,1065.216,1917.3888
2023-10-14 06:00:00,963.968,1735.1424
2023-10-14 07:00:00,1025.856,1846.5408
2023-10-14 08:00:00,968.256,1742.8608
2023-10-14 09:00:00,1074.432,1933.9776
2023-10-14 10:00:00,1269.696,2285.4528
2023-10-14 11:00:00,1329.408,2392.9344
2023-10-14 12:00:00,1025.536,1845.9648
2023-10-14 13:00:00,1076.16,1937.088
2023-10-14 14:00:00,1265.408,2277.7344
2023-10-14 15:00:00,1317.632,2371.7376
2023-10-14 16:00:00,1008.256,1814.8608
2023-10-14 17:00:00,1073.856,1932.9408
2023-10-14 18:00:00,1016.256,1829.2608
2023-10-14 19:00:00,1073.856,1932.9408
2023-10-14 20:00:00,1011.968,1821.5424
2023-10-14 21:00:00,1069.568,1925.2224
2023-10-14 22:00:00,1007.616,1813.7088
2023-10-14 23:00:00,1060.928,1909.6704
2023-10-15 00:00:00,999.04,1798.272
2023-10-15 01:00:00,982.08,1767.744
2023-10-15 02:00:00,921.6,1658.88
2023-10-15 03:00:00,979.2,1762.56
2023-10-15 04:00:00,918.784,1653.8112
2023-10-15 05:00:00,973.504,1752.3072
2023-10-15 06:00:00,870.784,1567.4112
2023-10-15 07:00:00,934.08,1681.344
2023-10-15 08:00:00,876.48,1577.664
2023-10-15 09:00:00,974.08,1753.344
2023-10-15 10:00:00,1241.728,2235.1104
2023-10-15 11:00:00,1299.328,2338.7904
2023-10-15 12:00:00,999.616,1799.3088
2023-10-15 13:00:00,1057.216,1902.9888
2023-10-15 14:00:00,1241.728,2235.1104
2023-10-15 15:00:00,1299.328,2338.7904
2023-10-15 16:00:00,991.04,1783.872
2023-10-15 17:00:00,1056.64,1901.952
2023-10-15 18:00:00,924.48,1664.064
2023-10-15 19:00:00,982.08,1767.744
2023-10-15 20:00:00,924.48,1664.064
2023-10-15 21:00:00,979.2,1762.56
2023-10-15 22:00:00,918.784,1653.8112
2023-10-15 23:00:00,976.384,1757.4912
2023-10-16 00:00:00,921.6,1658.88
2023-10-16 01:00:00,979.2,1762.56
2023-10-16 02:00:00,918.784,1653.8112
2023-10-16 03:00:00,976.384,1757.4912
2023-10-16 04:00:00,921.6,1658.88
2023-10-16 05:00:00,982.08,1767.744
2023-10-16 06:00:00,873.6,1572.48
2023-10-16 07:00:00,1008.64,1815.552
2023-10-16 08:00:00,951.04,1711.872
2023-10-16 09:00:00,1052.928,1895.2704
2023-10-16 10:00:00,1246.016,2242.8288
2023-10-16 11:00:00,1303.616,2346.5088
2023-10-16 12:00:00,991.04,1783.872
2023-10-16 13:00:00,1052.928,1895.2704
2023-10-16 14:00:00,1237.44,2227.392
2023-10-16 15:00:00,1295.04,2331.072
2023-10-16 16:00:00,916.48,1649.664
2023-10-16 17:00:00,982.08,1767.744
2023-10-16 18:00:00,921.6,1658.88
2023-10-16 19:00:00,979.2,1762.56
2023-10-16 20:00:00,918.784,1653.8112
2023-10-16 21:00:00,973.504,1752.3072
2023-10-16 22:00:00,915.904,1648.6272
2023-10-16 23:00:00,970.624,1747.1232
2023-10-17 00:00:00,910.144,1638.2592
2023-10-17 01:00:00,967.744,1741.9392
2023-10-17 02:00:00,910.144,1638.2592
2023-10-17 03:00:00,964.864,1736.7552
2023-10-17 04:00:00,907.264,1633.0752
2023-10-17 05:00:00,964.864,1736.7552
2023-10-17 06:00:00,859.264,1546.6752
2023-10-17 07:00:00,922.624,1660.7232
2023-10-17 08:00:00,859.264,1546.6752
2023-10-17 09:00:00,916.864,1650.3552
2023-10-17 10:00:00,1057.664,1903.7952
2023-10-17 11:00:00,1118.144,2012.6592
2023-10-17 12:00:00,856.448,1541.6064
2023-10-17 13:00:00,916.864,1650.3552
2023-10-17 14:00:00,1051.968,1893.5424
2023-10-17 15:00:00,1109.568,1997.2224
2023-10-17 16:00:00,850.688,1531.2384
2023-10-17 17:00:00,841.6,1514.88
2023-10-17 18:00:00,784,1411.2
2023-10-17 19:00:00,841.6,1514.88
2023-10-17 20:00:00,784,1411.2
2023-10-17 21:00:00,842.624,1516.7232
2023-10-17 22:00:00,788.032,1418.4576
2023-10-17 23:00:00,847.104,1524.7872
2023-10-18 00:00:00,790.976,1423.7568
2023-10-18 01:00:00,848.576,1527.4368
2023-10-18 02:00:00,790.976,1423.7568
2023-10-18 03:00:00,851.584,1532.8512
2023-10-18 04:00:00,795.52,1431.936
2023-10-18 05:00:00,853.12,1535.616
2023-10-18 06:00:00,744.512,1340.1216
2023-10-18 07:00:00,797.632,1435.7376
2023-10-18 08:00:00,736,1324.8
2023-10-18 09:00:00,793.6,1428.48
2023-10-18 10:00:00,934.4,1681.92
2023-10-18 11:00:00,992,1785.6
2023-10-18 12:00:00,736,1324.8
2023-10-18 13:00:00,793.6,1428.48
2023-10-18 14:00:00,934.4,1681.92
2023-10-18 15:00:00,992,1785.6
2023-10-18 16:00:00,736,1324.8
2023-10-18 17:00:00,841.6,1514.88
2023-10-18 18:00:00,785.024,1413.0432
2023-10-18 19:00:00,845.632,1522.1376
2023-10-18 20:00:00,789.504,1421.1072
2023-10-18 21:00:00,848.576,1527.4368
2023-10-18 22:00:00,792.512,1426.5216
2023-10-18 23:00:00,851.584,1532.8512
2023-10-19 00:00:00,793.984,1429.1712
2023-10-19 01:00:00,851.584,1532.8512
2023-10-19 02:00:00,798.528,1437.3504
2023-10-19 03:00:00,857.6,1543.68
2023-10-19 04:00:00,800,1440
2023-10-19 05:00:00,856.128,1541.0304
2023-10-19 06:00:00,745.984,1342.7712
2023-10-19 07:00:00,797.632,1435.7376
2023-10-19 08:00:00,737.024,1326.6432
2023-10-19 09:00:00,833.6,1500.48
2023-10-19 10:00:00,1022.4,1840.32
2023-10-19 11:00:00,1194.688,2150.4384
2023-10-19 12:00:00,890.688,1603.2384
2023-10-19 13:00:00,951.168,1712.1024
2023-10-19 14:00:00,1139.968,2051.9424
2023-10-19 15:00:00,1197.568,2155.6224
2023-10-19 16:00:00,890.688,1603.2384
2023-10-19 17:00:00,956.288,1721.3184
2023-10-19 18:00:00,901.568,1622.8224
2023-10-19 19:00:00,956.288,1721.3184
2023-10-19 20:00:00,898.688,1617.6384
2023-10-19 21:00:00,959.168,1726.5024
2023-10-19 22:00:00,901.568,1622.8224
2023-10-19 23:00:00,956.288,1721.3184
2023-10-20 00:00:00,901.568,1622.8224
2023-10-20 01:00:00,959.168,1726.5024
2023-10-20 02:00:00,901.568,1622.8224
2023-10-20 03:00:00,962.048,1731.6864
2023-10-20 04:00:00,904.448,1628.0064
2023-10-20 05:00:00,962.048,1731.6864
2023-10-20 06:00:00,856.448,1541.6064
2023-10-20 07:00:00,919.744,1655.5392
2023-10-20 08:00:00,865.024,1557.0432
2023-10-20 09:00:00,965.504,1737.9072
2023-10-20 10:00:00,1162.88,2093.184
2023-10-20 11:00:00,1299.328,2338.7904
2023-10-20 12:00:00,1008.32,1814.976
2023-10-20 13:00:00,1065.92,1918.656
2023-10-20 14:00:00,1262.08,2271.744
2023-10-20 15:00:00,1319.68,2375.424
2023-10-20 16:00:00,1007.424,1813.3632
2023-10-20 17:00:00,1071.296,1928.3328
2023-10-20 18:00:00,1007.616,1813.7088
2023-10-20 19:00:00,1065.216,1917.3888
2023-10-20 20:00:00,1003.328,1805.9904
2023-10-20 21:00:00,1060.928,1909.6704
2023-10-20 22:00:00,999.04,1798.272
2023-10-20 23:00:00,1056.64,1901.952
2023-10-21 00:00:00,924.48,1664.064
2023-10-21 01:00:00,982.08,1767.744
2023-10-21 02:00:00,921.6,1658.88
2023-10-21 03:00:00,973.504,1752.3072
2023-10-21 04:00:00,921.6,1658.88
2023-10-21 05:00:00,976.384,1757.4912
2023-10-21 06:00:00,876.48,1577.664
2023-10-21 07:00:00,1012.928,1823.2704
2023-10-21 08:00:00,963.968,1735.1424
2023-10-21 09:00:00,1071.04,1927.872
2023-10-21 10:00:00,1267.52,2281.536
2023-10-21 11:00:00,1333.696,2400.6528
2023-10-21 12:00:00,1038.464,1869.2352
2023-10-21 13:00:00,1091.776,1965.1968
2023-10-21 14:00:00,1286.784,2316.2112
2023-10-21 15:00:00,1335.872,2404.5696
2023-10-21 16:00:00,1028.928,1852.0704
2023-10-21 17:00:00,1092.8,1967.04
2023-10-21 18:00:00,1034.304,1861.7472
2023-10-21 19:00:00,1091.072,1963.9296
2023-10-21 20:00:00,1024.832,1844.6976
2023-10-21 21:00:00,1082.432,1948.3776
2023-10-21 22:00:00,1007.616,1813.7088
2023-10-21 23:00:00,1069.568,1925.2224
2023-10-22 00:00:00,1007.616,1813.7088
2023-10-22 01:00:00,1056.64,1901.952
2023-10-22 02:00:00,1003.328,1805.9904
2023-10-22 03:00:00,1056.64,1901.952
2023-10-22 04:00:00,924.48,1664.064
2023-10-22 05:00:00,982.08,1767.744
2023-10-22 06:00:00,876.48,1577.664
2023-10-22 07:00:00,1017.216,1830.9888
2023-10-22 08:00:00,972.544,1750.5792
2023-10-22 09:00:00,1074.432,1933.9776
2023-10-22 10:00:00,1276.096,2296.9728
2023-10-22 11:00:00,1341.184,2414.1312
2023-10-22 12:00:00,1042.752,1876.9536
2023-10-22 13:00:00,1101.248,1982.2464
2023-10-22 14:00:00,1290.048,2322.0864
2023-10-22 15:00:00,1347.648,2425.7664
2023-10-22 16:00:00,1041.92,1875.456
2023-10-22 17:00:00,1106.624,1991.9232
2023-10-22 18:00:00,1043.008,1877.4144
2023-10-22 19:00:00,1100.608,1981.0944
2023-10-22 20:00:00,1036.928,1866.4704
2023-10-22 21:00:00,1092.8,1967.04
2023-10-22 22:00:00,1034.304,1861.7472
2023-10-22 23:00:00,1086.72,1956.096
2023-10-23 00:00:00,1016.256,1829.2608
2023-10-23 01:00:00,1065.216,1917.3888
2023-10-23 02:00:00,924.48,1664.064
2023-10-23 03:00:00,979.2,1762.56
2023-10-23 04:00:00,915.904,1648.6272
2023-10-23 05:00:00,973.504,1752.3072
2023-10-23 06:00:00,867.904,1562.2272
2023-10-23 07:00:00,928.384,1671.0912
2023-10-23 08:00:00,867.904,1562.2272
2023-10-23 09:00:00,965.504,1737.9072
2023-10-23 10:00:00,1154.304,2077.7472
2023-10-23 11:00:00,1209.024,2176.2432
2023-10-23 12:00:00,907.904,1634.2272
2023-10-23 13:00:00,965.504,1737.9072
2023-10-23 14:00:00,1154.304,2077.7472
2023-10-23 15:00:00,1209.024,2176.2432
2023-10-23 16:00:00,905.024,1629.0432
2023-10-23 17:00:00,964.864,1736.7552
2023-10-23 18:00:00,907.264,1633.0752
2023-10-23 19:00:00,962.048,1731.6864
2023-10-23 20:00:00,901.568,1622.8224
2023-10-23 21:00:00,841.6,1514.88
2023-10-23 22:00:00,784,1411.2
2023-10-23 23:00:00,842.624,1516.7232
2023-10-24 00:00:00,786.496,1415.6928
2023-10-24 01:00:00,845.632,1522.1376
2023-10-24 02:00:00,789.504,1421.1072
2023-10-24 03:00:00,847.104,1524.7872
2023-10-24 04:00:00,789.504,1421.1072
2023-10-24 05:00:00,848.576,1527.4368
2023-10-24 06:00:00,740.032,1332.0576
2023-10-24 07:00:00,793.6,1428.48
2023-10-24 08:00:00,853.568,1536.4224
2023-10-24 09:00:00,922.624,1660.7232
2023-10-24 10:00:00,1066.304,1919.3472
2023-10-24 11:00:00,1123.904,2023.0272
2023-10-24 12:00:00,870.784,1567.4112
2023-10-24 13:00:00,934.08,1681.344
2023-10-24 14:00:00,1149.44,2068.992
2023-10-24 15:00:00,1207.04,2172.672
2023-10-24 16:00:00,951.04,1711.872
2023-10-24 17:00:00,1056.64,1901.952
2023-10-24 18:00:00,999.04,1798.272
2023-10-24 19:00:00,1056.64,1901.952
2023-10-24 20:00:00,1003.328,1805.9904
2023-10-24 21:00:00,1060.928,1909.6704
2023-10-24 22:00:00,1007.616,1813.7088
2023-10-24 23:00:00,1065.216,1917.3888
2023-10-25 00:00:00,1011.968,1821.5424
2023-10-25 01:00:00,1069.568,1925.2224
2023-10-25 02:00:00,1016.256,1829.2608
2023-10-25 03:00:00,1069.568,1925.2224
2023-10-25 04:00:00,1016.256,1829.2608
2023-10-25 05:00:00,1073.856,1932.9408
2023-10-25 06:00:00,968.256,1742.8608
2023-10-25 07:00:00,1030.144,1854.2592
2023-10-25 08:00:00,968.256,1742.8608
2023-10-25 09:00:00,1034.432,1861.9776
2023-10-25 10:00:00,1183.872,2130.9696
2023-10-25 11:00:00,1241.472,2234.6496
2023-10-25 12:00:00,994.944,1790.8992
2023-10-25 13:00:00,1060.288,1908.5184
2023-10-25 14:00:00,1183.808,2130.8544
2023-10-25 15:00:00,1241.408,2234.5344
2023-10-25 16:00:00,972.544,1750.5792
2023-10-25 17:00:00,1060.928,1909.6704
2023-10-25 18:00:00,924.48,1664.064
2023-10-25 19:00:00,976.384,1757.4912
2023-10-25 20:00:00,913.024,1643.4432
2023-10-25 21:00:00,967.744,1741.9392
2023-10-25 22:00:00,907.264,1633.0752
2023-10-25 23:00:00,964.864,1736.7552
2023-10-26 00:00:00,907.264,1633.0752
2023-10-26 01:00:00,962.048,1731.6864
2023-10-26 02:00:00,904.448,1628.0064
2023-10-26 03:00:00,956.288,1721.3184
2023-10-26 04:00:00,904.448,1628.0064
2023-10-26 05:00:00,959.168,1726.5024
2023-10-26 06:00:00,856.448,1541.6064
2023-10-26 07:00:00,916.864,1650.3552
2023-10-26 08:00:00,865.024,1557.0432
2023-10-26 09:00:00,965.504,1737.9072
2023-10-26 10:00:00,1154.304,2077.7472
2023-10-26 11:00:00,1211.904,2181.4272
2023-10-26 12:00:00,910.784,1639.4112
2023-10-26 13:00:00,971.2,1748.16
2023-10-26 14:00:00,1157.184,2082.9312
2023-10-26 15:00:00,1211.904,2181.4272
2023-10-26 16:00:00,902.144,1623.8592
2023-10-26 17:00:00,976.384,1757.4912
2023-10-26 18:00:00,910.144,1638.2592
2023-10-26 19:00:00,962.048,1731.6864
2023-10-26 20:00:00,901.568,1622.8224
2023-10-26 21:00:00,962.048,1731.6864
2023-10-26 22:00:00,904.448,1628.0064
2023-10-26 23:00:00,956.288,1721.3184
2023-10-27 00:00:00,785.024,1413.0432
2023-10-27 01:00:00,844.096,1519.3728
2023-10-27 02:00:00,789.504,1421.1072
2023-10-27 03:00:00,845.632,1522.1376
2023-10-27 04:00:00,789.504,1421.1072
2023-10-27 05:00:00,845.632,1522.1376
2023-10-27 06:00:00,740.032,1332.0576
2023-10-27 07:00:00,914.048,1645.2864
2023-10-27 08:00:00,865.024,1557.0432
2023-10-27 09:00:00,968.384,1743.0912
2023-10-27 10:00:00,1162.88,2093.184
2023-10-27 11:00:00,1295.04,2331.072
2023-10-27 12:00:00,916.48,1649.664
2023-10-27 13:00:00,974.08,1753.344
2023-10-27 14:00:00,1162.88,2093.184
2023-10-27 15:00:00,1220.48,2196.864
2023-10-27 16:00:00,913.6,1644.48
2023-10-27 17:00:00,982.08,1767.744
2023-10-27 18:00:00,924.48,1664.064
2023-10-27 19:00:00,982.08,1767.744
2023-10-27 20:00:00,924.48,1664.064
2023-10-27 21:00:00,982.08,1767.744
2023-10-27 22:00:00,924.48,1664.064
2023-10-27 23:00:00,1056.64,1901.952
2023-10-28 00:00:00,999.04,1798.272
2023-10-28 01:00:00,1056.64,1901.952
2023-10-28 02:00:00,999.04,1798.272
2023-10-28 03:00:00,1065.216,1917.3888
2023-10-28 04:00:00,1007.616,1813.7088
2023-10-28 05:00:00,1069.568,1925.2224
2023-10-28 06:00:00,963.968,1735.1424
2023-10-28 07:00:00,1030.144,1854.2592
2023-10-28 08:00:00,981.12,1766.016
2023-10-28 09:00:00,1078.72,1941.696
2023-10-28 10:00:00,1271.872,2289.3696
2023-10-28 11:00:00,1333.76,2400.768
2023-10-28 12:00:00,1034.048,1861.2864
2023-10-28 13:00:00,1095.936,1972.6848
2023-10-28 14:00:00,1289.024,2320.2432
2023-10-28 15:00:00,1355.264,2439.4752
2023-10-28 16:00:00,1051.264,1892.2752
2023-10-28 17:00:00,1122.048,2019.6864
2023-10-28 18:00:00,1069.568,1925.2224
2023-10-28 19:00:00,1132.352,2038.2336
2023-10-28 20:00:00,1074.752,1934.5536
2023-10-28 21:00:00,1132.352,2038.2336
2023-10-28 22:00:00,1076.544,1937.7792
2023-10-28 23:00:00,1134.144,2041.4592
2023-10-29 00:00:00,1079.936,1943.8848
2023-10-29 01:00:00,1137.536,2047.5648
2023-10-29 02:00:00,1065.28,1917.504
2023-10-29 03:00:00,1108.224,1994.8032
2023-10-29 04:00:00,1050.624,1891.1232
2023-10-29 05:00:00,1108.224,1994.8032
2023-10-29 06:00:00,1002.624,1804.7232
2023-10-29 07:00:00,1064.576,1916.2368
2023-10-29 08:00:00,1012.992,1823.3856
2023-10-29 09:00:00,1114.112,2005.4016
2023-10-29 10:00:00,1298.624,2337.5232
2023-10-29 11:00:00,1321.856,2379.3408
2023-10-29 12:00:00,1016.896,1830.4128
2023-10-29 13:00:00,1078.784,1941.8112
2023-10-29 14:00:00,1262.144,2271.8592
2023-10-29 15:00:00,1312.192,2361.9456
2023-10-29 16:00:00,916.48,1649.664
2023-10-29 17:00:00,982.08,1767.744
2023-10-29 18:00:00,924.48,1664.064
2023-10-29 19:00:00,979.2,1762.56
2023-10-29 20:00:00,921.6,1658.88
2023-10-29 21:00:00,979.2,1762.56
2023-10-29 22:00:00,918.784,1653.8112
2023-10-29 23:00:00,973.504,1752.3072
2023-10-30 00:00:00,913.024,1643.4432
2023-10-30 01:00:00,967.744,1741.9392
2023-10-30 02:00:00,907.264,1633.0752
2023-10-30 03:00:00,962.048,1731.6864
2023-10-30 04:00:00,904.448,1628.0064
2023-10-30 05:00:00,959.168,1726.5024
2023-10-30 06:00:00,853.568,1536.4224
2023-10-30 07:00:00,916.864,1650.3552
2023-10-30 08:00:00,867.904,1562.2272
2023-10-30 09:00:00,968.384,1743.0912
2023-10-30 10:00:00,1162.88,2093.184
2023-10-30 11:00:00,1220.48,2196.864
2023-10-30 12:00:00,916.48,1649.664
2023-10-30 13:00:00,971.2,1748.16
2023-10-30 14:00:00,1157.184,2082.9312
2023-10-30 15:00:00,1209.024,2176.2432
2023-10-30 16:00:00,902.144,1623.8592
2023-10-30 17:00:00,967.744,1741.9392
2023-10-30 18:00:00,907.264,1633.0752
2023-10-30 19:00:00,964.864,1736.7552
2023-10-30 20:00:00,904.448,1628.0064
2023-10-30 21:00:00,962.048,1731.6864
2023-10-30 22:00:00,901.568,1622.8224
2023-10-30 23:00:00,956.288,1721.3184
2023-10-31 00:00:00,784,1411.2
2023-10-31 01:00:00,844.096,1519.3728
2023-10-31 02:00:00,786.496,1415.6928
2023-10-31 03:00:00,844.096,1519.3728
2023-10-31 04:00:00,788.032,1418.4576
2023-10-31 05:00:00,844.096,1519.3728
2023-10-31 06:00:00,737.024,1326.6432
2023-10-31 07:00:00,908.288,1634.9184
2023-10-31 08:00:00,853.568,1536.4224
2023-10-31 09:00:00,914.048,1645.2864
2023-10-31 10:00:00,1054.848,1898.7264
2023-10-31 11:00:00,1118.144,2012.6592
2023-10-31 12:00:00,862.144,1551.8592
2023-10-31 13:00:00,925.504,1665.9072
2023-10-31 14:00:00,1063.424,1914.1632
2023-10-31 15:00:00,1123.904,2023.0272
2023-10-31 16:00:00,870.784,1567.4112
2023-10-31 17:00:00,979.2,1762.56
2023-10-31 18:00:00,918.784,1653.8112
2023-10-31 19:00:00,976.384,1757.4912
2023-10-31 20:00:00,913.024,1643.4432
2023-10-31 21:00:00,973.504,1752.3072
2023-10-31 22:00:00,915.904,1648.6272
2023-10-31 23:00:00,976.384,1757.4912
2023-11-01 00:00:00,913.024,1643.4432
2023-11-01 01:00:00,976.384,1757.4912
2023-11-01 02:00:00,918.784,1653.8112
2023-11-01 03:00:00,979.2,1762.56
2023-11-01 04:00:00,924.48,1664.064
2023-11-01 05:00:00,1056.64,1901.952
2023-11-01 06:00:00,951.04,1711.872
2023-11-01 07:00:00,1017.216,1830.9888
2023-11-01 08:00:00,963.968,1735.1424
2023-11-01 09:00:00,1025.856,1846.5408
2023-11-01 10:00:00,1166.656,2099.9808
2023-11-01 11:00:00,1228.544,2211.3792
2023-11-01 12:00:00,976.832,1758.2976
2023-11-01 13:00:00,1038.72,1869.696
2023-11-01 14:00:00,1184.896,2132.8128
2023-11-01 15:00:00,1237.12,2226.816
2023-11-01 16:00:00,976.832,1758.2976
2023-11-01 17:00:00,1078.144,1940.6592
2023-11-01 18:00:00,1024.832,1844.6976
2023-11-01 19:00:00,1082.432,1948.3776
2023-11-01 20:00:00,1024.832,1844.6976
2023-11-01 21:00:00,1078.144,1940.6592
2023-11-01 22:00:00,1020.544,1836.9792
2023-11-01 23:00:00,1073.856,1932.9408
2023-11-02 00:00:00,1011.968,1821.5424
2023-11-02 01:00:00,1065.216,1917.3888
2023-11-02 02:00:00,924.48,1664.064
2023-11-02 03:00:00,1056.64,1901.952
2023-11-02 04:00:00,924.48,1664.064
2023-11-02 05:00:00,1056.64,1901.952
2023-11-02 06:00:00,951.04,1711.872
2023-11-02 07:00:00,1012.928,1823.2704
2023-11-02 08:00:00,955.328,1719.5904
2023-11-02 09:00:00,1057.216,1902.9888
2023-11-02 10:00:00,1246.016,2242.8288
2023-11-02 11:00:00,1303.616,2346.5088
2023-11-02 12:00:00,1003.968,1807.1424
2023-11-02 13:00:00,1061.568,1910.8224
2023-11-02 14:00:00,1254.656,2258.3808
2023-11-02 15:00:00,1307.968,2354.3424
2023-11-02 16:00:00,1003.968,1807.1424
2023-11-02 17:00:00,1065.216,1917.3888
2023-11-02 18:00:00,1007.616,1813.7088
2023-11-02 19:00:00,1060.928,1909.6704
2023-11-02 20:00:00,999.04,1798.272
2023-11-02 21:00:00,982.08,1767.744
2023-11-02 22:00:00,924.48,1664.064
2023-11-02 23:00:00,982.08,1767.744
2023-11-03 00:00:00,921.6,1658.88
2023-11-03 01:00:00,973.504,1752.3072
2023-11-03 02:00:00,913.024,1643.4432
2023-11-03 03:00:00,970.624,1747.1232
2023-11-03 04:00:00,915.904,1648.6272
2023-11-03 05:00:00,967.744,1741.9392
2023-11-03 06:00:00,862.144,1551.8592
2023-11-03 07:00:00,934.08,1681.344
2023-11-03 08:00:00,959.616,1727.3088
2023-11-03 09:00:00,1065.856,1918.5408
2023-11-03 10:00:00,1262.144,2271.8592
2023-11-03 11:00:00,1326.208,2387.1744
2023-11-03 12:00:00,1032.448,1858.4064
2023-11-03 13:00:00,1085.696,1954.2528
2023-11-03 14:00:00,1282.496,2308.4928
2023-11-03 15:00:00,1333.696,2400.6528
2023-11-03 16:00:00,1015.168,1827.3024
2023-11-03 17:00:00,1080.768,1945.3824
2023-11-03 18:00:00,1028.352,1851.0336
2023-11-03 19:00:00,1073.856,1932.9408
2023-11-03 20:00:00,1011.968,1821.5424
2023-11-03 21:00:00,1073.856,1932.9408
2023-11-03 22:00:00,1011.968,1821.5424
2023-11-03 23:00:00,1065.216,1917.3888
2023-11-04 00:00:00,1003.328,1805.9904
2023-11-04 01:00:00,1060.928,1909.6704
2023-11-04 02:00:00,921.6,1658.88
2023-11-04 03:00:00,982.08,1767.744
2023-11-04 04:00:00,924.48,1664.064
2023-11-04 05:00:00,1056.64,1901.952
2023-11-04 06:00:00,870.784,1567.4112
2023-11-04 07:00:00,1017.216,1830.9888
2023-11-04 08:00:00,972.544,1750.5792
2023-11-04 09:00:00,1074.432,1933.9776
2023-11-04 10:00:00,1270.72,2287.296
2023-11-04 11:00:00,1329.408,2392.9344
2023-11-04 12:00:00,1024.64,1844.352
2023-11-04 13:00:00,1082.24,1948.032
2023-11-04 14:00:00,1269.696,2285.4528
2023-11-04 15:00:00,1325.12,2385.216
2023-11-04 16:00:00,1021.12,1838.016
2023-11-04 17:00:00,1086.72,1956.096
2023-11-04 18:00:00,1029.12,1852.416
2023-11-04 19:00:00,1086.72,1956.096
2023-11-04 20:00:00,1024.832,1844.6976
2023-11-04 21:00:00,1086.72,1956.096
2023-11-04 22:00:00,1033.472,1860.2496
2023-11-04 23:00:00,1091.072,1963.9296
2023-11-05 00:00:00,1029.12,1852.416
2023-11-05 01:00:00,1082.432,1948.3776
2023-11-05 02:00:00,1020.544,1836.9792
2023-11-05 03:00:00,1078.144,1940.6592
2023-11-05 04:00:00,1016.256,1829.2608
2023-11-05 05:00:00,1078.144,1940.6592
2023-11-05 06:00:00,972.544,1750.5792
2023-11-05 07:00:00,1038.72,1869.696
2023-11-05 08:00:00,989.76,1781.568
2023-11-05 09:00:00,1095.936,1972.6848
2023-11-05 10:00:00,1284.736,2312.5248
2023-11-05 11:00:00,1364.864,2456.7552
2023-11-05 12:00:00,1059.904,1907.8272
2023-11-05 13:00:00,1117.504,2011.5072
2023-11-05 14:00:00,1311.616,2360.9088
2023-11-05 15:00:00,1350.976,2431.7568
2023-11-05 16:00:00,1046.976,1884.5568
2023-11-05 17:00:00,1112.576,2002.6368
2023-11-05 18:00:00,1060.096,1908.1728
2023-11-05 19:00:00,1127.168,2028.9024
2023-11-05 20:00:00,1064.448,1916.0064
2023-11-05 21:00:00,1122.88,2021.184
2023-11-05 22:00:00,1065.28,1917.504
2023-11-05 23:00:00,1122.048,2019.6864
2023-11-06 00:00:00,1064.448,1916.0064
2023-11-06 01:00:00,1122.048,2019.6864
2023-11-06 02:00:00,1064.448,1916.0064
2023-11-06 03:00:00,1122.048,2019.6864
2023-11-06 04:00:00,1059.264,1906.6752
2023-11-06 05:00:00,1122.048,2019.6864
2023-11-06 06:00:00,1016.448,1829.6064
2023-11-06 07:00:00,1074.048,1933.2864
2023-11-06 08:00:00,1023.36,1842.048
2023-11-06 09:00:00,1126.144,2027.0592
2023-11-06 10:00:00,1318.016,2372.4288
2023-11-06 11:00:00,1371.328,2468.3904
2023-11-06 12:00:00,1070.272,1926.4896
2023-11-06 13:00:00,1128.704,2031.6672
2023-11-06 14:00:00,1320.128,2376.2304
2023-11-06 15:00:00,1376.704,2478.0672
2023-11-06 16:00:00,1065.984,1918.7712
2023-11-06 17:00:00,1130.688,2035.2384
2023-11-06 18:00:00,1073.088,1931.5584
2023-11-06 19:00:00,1129.792,2033.6256
2023-11-06 20:00:00,1077.376,1939.2768
2023-11-06 21:00:00,1134.976,2042.9568
2023-11-06 22:00:00,1065.344,1917.6192
2023-11-06 23:00:00,1113.472,2004.2496
2023-11-07 00:00:00,1051.584,1892.8512
2023-11-07 01:00:00,1104,1987.2
2023-11-07 02:00:00,1033.536,1860.3648
2023-11-07 03:00:00,1085.056,1953.1008
2023-11-07 04:00:00,1025.728,1846.3104
2023-11-07 05:00:00,1078.144,1940.6592
2023-11-07 06:00:00,972.544,1750.5792
2023-11-07 07:00:00,1034.432,1861.9776
2023-11-07 08:00:00,976.832,1758.2976
2023-11-07 09:00:00,1030.144,1854.2592
2023-11-07 10:00:00,1166.656,2099.9808
2023-11-07 11:00:00,1224.256,2203.6608
2023-11-07 12:00:00,972.544,1750.5792
2023-11-07 13:00:00,1021.568,1838.8224
2023-11-07 14:00:00,1162.368,2092.2624
2023-11-07 15:00:00,1215.616,2188.1088
2023-11-07 16:00:00,951.04,1711.872
2023-11-07 17:00:00,982.08,1767.744
2023-11-07 18:00:00,921.6,1658.88
2023-11-07 19:00:00,976.384,1757.4912
2023-11-07 20:00:00,918.784,1653.8112
2023-11-07 21:00:00,973.504,1752.3072
2023-11-07 22:00:00,913.024,1643.4432
2023-11-07 23:00:00,964.864,1736.7552
2023-11-08 00:00:00,907.264,1633.0752
2023-11-08 01:00:00,962.048,1731.6864
2023-11-08 02:00:00,904.448,1628.0064
2023-11-08 03:00:00,962.048,1731.6864
2023-11-08 04:00:00,904.448,1628.0064
2023-11-08 05:00:00,956.288,1721.3184
2023-11-08 06:00:00,853.568,1536.4224
2023-11-08 07:00:00,914.048,1645.2864
2023-11-08 08:00:00,859.264,1546.6752
2023-11-08 09:00:00,919.744,1655.5392
2023-11-08 10:00:00,1063.424,1914.1632
2023-11-08 11:00:00,1121.024,2017.8432
2023-11-08 12:00:00,867.904,1562.2272
2023-11-08 13:00:00,925.504,1665.9072
2023-11-08 14:00:00,1063.424,1914.1632
2023-11-08 15:00:00,1118.144,2012.6592
2023-11-08 16:00:00,862.144,1551.8592
2023-11-08 17:00:00,967.744,1741.9392
2023-11-08 18:00:00,907.264,1633.0752
2023-11-08 19:00:00,962.048,1731.6864
2023-11-08 20:00:00,907.264,1633.0752
2023-11-08 21:00:00,962.048,1731.6864
2023-11-08 22:00:00,904.448,1628.0064
2023-11-08 23:00:00,956.288,1721.3184
2023-11-09 00:00:00,784,1411.2
2023-11-09 01:00:00,842.624,1516.7232
2023-11-09 02:00:00,786.496,1415.6928
2023-11-09 03:00:00,847.104,1524.7872
2023-11-09 04:00:00,790.976,1423.7568
2023-11-09 05:00:00,850.112,1530.2016
2023-11-09 06:00:00,742.976,1337.3568
2023-11-09 07:00:00,909.312,1636.7616
2023-11-09 08:00:00,859.264,1546.6752
2023-11-09 09:00:00,959.744,1727.5392
2023-11-09 10:00:00,1151.424,2072.5632
2023-11-09 11:00:00,1211.904,2181.4272
2023-11-09 12:00:00,905.024,1629.0432
2023-11-09 13:00:00,965.504,1737.9072
2023-11-09 14:00:00,1154.304,2077.7472
2023-11-09 15:00:00,1214.784,2186.6112
2023-11-09 16:00:00,913.6,1644.48
2023-11-09 17:00:00,982.08,1767.744
2023-11-09 18:00:00,924.48,1664.064
2023-11-09 19:00:00,982.08,1767.744
2023-11-09 20:00:00,924.48,1664.064
2023-11-09 21:00:00,982.08,1767.744
2023-11-09 22:00:00,924.48,1664.064
2023-11-09 23:00:00,982.08,1767.744
2023-11-10 00:00:00,918.784,1653.8112
2023-11-10 01:00:00,976.384,1757.4912
2023-11-10 02:00:00,921.6,1658.88
2023-11-10 03:00:00,982.08,1767.744
2023-11-10 04:00:00,924.48,1664.064
2023-11-10 05:00:00,1056.64,1901.952
2023-11-10 06:00:00,951.04,1711.872
2023-11-10 07:00:00,1021.568,1838.8224
2023-11-10 08:00:00,976.832,1758.2976
2023-11-10 09:00:00,1078.72,1941.696
2023-11-10 10:00:00,1267.52,2281.536
2023-11-10 11:00:00,1325.12,2385.216
2023-11-10 12:00:00,1016.832,1830.2976
2023-11-10 13:00:00,1074.432,1933.9776
2023-11-10 14:00:00,1263.232,2273.8176
2023-11-10 15:00:00,1316.544,2369.7792
2023-11-10 16:00:00,1012.544,1822.5792
2023-11-10 17:00:00,1073.856,1932.9408
2023-11-10 18:00:00,1016.256,1829.2608
2023-11-10 19:00:00,1069.568,1925.2224
2023-11-10 20:00:00,1007.616,1813.7088
2023-11-10 21:00:00,1069.568,1925.2224
2023-11-10 22:00:00,1003.328,1805.9904
2023-11-10 23:00:00,1065.216,1917.3888
2023-11-11 00:00:00,999.04,1798.272
2023-11-11 01:00:00,1056.64,1901.952
2023-11-11 02:00:00,999.04,1798.272
2023-11-11 03:00:00,1056.64,1901.952
2023-11-11 04:00:00,999.04,1798.272
2023-11-11 05:00:00,1056.64,1901.952
2023-11-11 06:00:00,951.04,1711.872
2023-11-11 07:00:00,1008.64,1815.552
2023-11-11 08:00:00,951.04,1711.872
2023-11-11 09:00:00,1052.928,1895.2704
2023-11-11 10:00:00,1241.728,2235.1104
2023-11-11 11:00:00,1303.616,2346.5088
2023-11-11 12:00:00,999.616,1799.3088
2023-11-11 13:00:00,1061.568,1910.8224
2023-11-11 14:00:00,1258.944,2266.0992
2023-11-11 15:00:00,1316.544,2369.7792
2023-11-11 16:00:00,1012.544,1822.5792
2023-11-11 17:00:00,1069.568,1925.2224
2023-11-11 18:00:00,1011.968,1821.5424
2023-11-11 19:00:00,1060.928,1909.6704
2023-11-11 20:00:00,1007.616,1813.7088
2023-11-11 21:00:00,1060.928,1909.6704
2023-11-11 22:00:00,1003.328,1805.9904
2023-11-11 23:00:00,1056.64,1901.952
2023-11-12 00:00:00,1003.328,1805.9904
2023-11-12 01:00:00,1060.928,1909.6704
2023-11-12 02:00:00,1007.616,1813.7088
2023-11-12 03:00:00,1065.216,1917.3888
2023-11-12 04:00:00,1003.328,1805.9904
2023-11-12 05:00:00,1060.928,1909.6704
2023-11-12 06:00:00,959.616,1727.3088
2023-11-12 07:00:00,1021.568,1838.8224
2023-11-12 08:00:00,963.968,1735.1424
2023-11-12 09:00:00,1065.856,1918.5408
2023-11-12 10:00:00,1254.656,2258.3808
2023-11-12 11:00:00,1316.544,2369.7792
2023-11-12 12:00:00,1012.544,1822.5792
2023-11-12 13:00:00,1070.144,1926.2592
2023-11-12 14:00:00,1258.944,2266.0992
2023-11-12 15:00:00,1320.832,2377.4976
2023-11-12 16:00:00,1016.832,1830.2976
2023-11-12 17:00:00,1086.72,1956.096
2023-11-12 18:00:00,1024.832,1844.6976
2023-11-12 19:00:00,1082.432,1948.3776
2023-11-12 20:00:00,1024.832,1844.6976
2023-11-12 21:00:00,1078.144,1940.6592
2023-11-12 22:00:00,1007.616,1813.7088
2023-11-12 23:00:00,979.2,1762.56
2023-11-13 00:00:00,921.6,1658.88
2023-11-13 01:00:00,976.384,1757.4912
2023-11-13 02:00:00,918.784,1653.8112
2023-11-13 03:00:00,979.2,1762.56
2023-11-13 04:00:00,918.784,1653.8112
2023-11-13 05:00:00,976.384,1757.4912
2023-11-13 06:00:00,870.784,1567.4112
2023-11-13 07:00:00,925.504,1665.9072
2023-11-13 08:00:00,870.784,1567.4112
2023-11-13 09:00:00,965.504,1737.9072
2023-11-13 10:00:00,1154.304,2077.7472
2023-11-13 11:00:00,1211.904,2181.4272
2023-11-13 12:00:00,905.024,1629.0432
2023-11-13 13:00:00,962.624,1732.7232
2023-11-13 14:00:00,1145.664,2062.1952
2023-11-13 15:00:00,1200.448,2160.8064
2023-11-13 16:00:00,893.568,1608.4224
2023-11-13 17:00:00,959.168,1726.5024
2023-11-13 18:00:00,898.688,1617.6384
2023-11-13 19:00:00,959.168,1726.5024
2023-11-13 20:00:00,784,1411.2
2023-11-13 21:00:00,841.6,1514.88
2023-11-13 22:00:00,784,1411.2
2023-11-13 23:00:00,841.6,1514.88
2023-11-14 00:00:00,784,1411.2
2023-11-14 01:00:00,841.6,1514.88
2023-11-14 02:00:00,784,1411.2
2023-11-14 03:00:00,841.6,1514.88
2023-11-14 04:00:00,784,1411.2
2023-11-14 05:00:00,841.6,1514.88
2023-11-14 06:00:00,736,1324.8
2023-11-14 07:00:00,793.6,1428.48
2023-11-14 08:00:00,736,1324.8
2023-11-14 09:00:00,793.6,1428.48
2023-11-14 10:00:00,934.4,1681.92
2023-11-14 11:00:00,1106.688,1992.0384
2023-11-14 12:00:00,850.688,1531.2384
2023-11-14 13:00:00,908.288,1634.9184
2023-11-14 14:00:00,934.4,1681.92
2023-11-14 15:00:00,992,1785.6
2023-11-14 16:00:00,736,1324.8
2023-11-14 17:00:00,841.6,1514.88
2023-11-14 18:00:00,784,1411.2
2023-11-14 19:00:00,841.6,1514.88
2023-11-14 20:00:00,785.024,1413.0432
2023-11-14 21:00:00,844.096,1519.3728
2023-11-14 22:00:00,788.032,1418.4576
2023-11-14 23:00:00,845.632,1522.1376
2023-11-15 00:00:00,790.976,1423.7568
2023-11-15 01:00:00,848.576,1527.4368
2023-11-15 02:00:00,792.512,1426.5216
2023-11-15 03:00:00,853.12,1535.616
2023-11-15 04:00:00,792.512,1426.5216
2023-11-15 05:00:00,850.112,1530.2016
2023-11-15 06:00:00,745.984,1342.7712
2023-11-15 07:00:00,799.104,1438.3872
2023-11-15 08:00:00,736,1324.8
2023-11-15 09:00:00,908.288,1634.9184
2023-11-15 10:00:00,1051.968,1893.5424
2023-11-15 11:00:00,1118.144,2012.6592
2023-11-15 12:00:00,867.904,1562.2272
2023-11-15 13:00:00,925.504,1665.9072
2023-11-15 14:00:00,1069.184,1924.5312
2023-11-15 15:00:00,1123.904,2023.0272
2023-11-15 16:00:00,867.904,1562.2272
2023-11-15 17:00:00,970.624,1747.1232
2023-11-15 18:00:00,910.144,1638.2592
2023-11-15 19:00:00,964.864,1736.7552
2023-11-15 20:00:00,907.264,1633.0752
2023-11-15 21:00:00,964.864,1736.7552
2023-11-15 22:00:00,904.448,1628.0064
2023-11-15 23:00:00,962.048,1731.6864
2023-11-16 00:00:00,907.264,1633.0752
2023-11-16 01:00:00,962.048,1731.6864
2023-11-16 02:00:00,901.568,1622.8224
2023-11-16 03:00:00,956.288,1721.3184
2023-11-16 04:00:00,901.568,1622.8224
2023-11-16 05:00:00,956.288,1721.3184
2023-11-16 06:00:00,856.448,1541.6064
2023-11-16 07:00:00,922.624,1660.7232
2023-11-16 08:00:00,867.904,1562.2272
2023-11-16 09:00:00,974.08,1753.344
2023-11-16 10:00:00,1237.44,2227.392
2023-11-16 11:00:00,1305.792,2350.4256
2023-11-16 12:00:00,1002.24,1804.032
2023-11-16 13:00:00,1060.736,1909.3248
2023-11-16 14:00:00,1251.392,2252.5056
2023-11-16 15:00:00,1302.528,2344.5504
2023-11-16 16:00:00,992.768,1786.9824
2023-11-16 17:00:00,1056.64,1901.952
2023-11-16 18:00:00,999.04,1798.272
2023-11-16 19:00:00,1056.64,1901.952
2023-11-16 20:00:00,918.784,1653.8112
2023-11-16 21:00:00,976.384,1757.4912
2023-11-16 22:00:00,918.784,1653.8112
2023-11-16 23:00:00,962.048,1731.6864
2023-11-17 00:00:00,901.568,1622.8224
2023-11-17 01:00:00,841.6,1514.88
2023-11-17 02:00:00,784,1411.2
2023-11-17 03:00:00,841.6,1514.88
2023-11-17 04:00:00,785.024,1413.0432
2023-11-17 05:00:00,847.104,1524.7872
2023-11-17 06:00:00,742.976,1337.3568
2023-11-17 07:00:00,797.632,1435.7376
2023-11-17 08:00:00,736,1324.8
2023-11-17 09:00:00,833.6,1500.48
2023-11-17 10:00:00,1137.088,2046.7584
2023-11-17 11:00:00,1200.448,2160.8064
2023-11-17 12:00:00,896.448,1613.6064
2023-11-17 13:00:00,956.864,1722.3552
2023-11-17 14:00:00,1145.664,2062.1952
2023-11-17 15:00:00,1203.264,2165.8752
2023-11-17 16:00:00,896.448,1613.6064
2023-11-17 17:00:00,962.048,1731.6864
2023-11-17 18:00:00,904.448,1628.0064
2023-11-17 19:00:00,962.048,1731.6864
2023-11-17 20:00:00,904.448,1628.0064
2023-11-17 21:00:00,962.048,1731.6864
2023-11-17 22:00:00,907.264,1633.0752
2023-11-17 23:00:00,964.864,1736.7552
2023-11-18 00:00:00,901.568,1622.8224
2023-11-18 01:00:00,844.096,1519.3728
2023-11-18 02:00:00,910.144,1638.2592
2023-11-18 03:00:00,964.864,1736.7552
2023-11-18 04:00:00,910.144,1638.2592
2023-11-18 05:00:00,959.168,1726.5024
2023-11-18 06:00:00,853.568,1536.4224
2023-11-18 07:00:00,919.744,1655.5392
2023-11-18 08:00:00,873.6,1572.48
2023-11-18 09:00:00,1048.64,1887.552
2023-11-18 10:00:00,1237.44,2227.392
2023-11-18 11:00:00,1299.328,2338.7904
2023-11-18 12:00:00,995.328,1791.5904
2023-11-18 13:00:00,1052.928,1895.2704
2023-11-18 14:00:00,1246.016,2242.8288
2023-11-18 15:00:00,1303.616,2346.5088
2023-11-18 16:00:00,999.616,1799.3088
2023-11-18 17:00:00,1069.568,1925.2224
2023-11-18 18:00:00,1011.968,1821.5424
2023-11-18 19:00:00,1069.568,1925.2224
2023-11-18 20:00:00,1016.256,1829.2608
2023-11-18 21:00:00,1078.144,1940.6592
2023-11-18 22:00:00,1020.544,1836.9792
2023-11-18 23:00:00,1078.144,1940.6592
2023-11-19 00:00:00,1020.544,1836.9792
2023-11-19 01:00:00,1082.432,1948.3776
2023-11-19 02:00:00,1024.832,1844.6976
2023-11-19 03:00:00,1086.72,1956.096
2023-11-19 04:00:00,1029.12,1852.416
2023-11-19 05:00:00,1086.72,1956.096
2023-11-19 06:00:00,985.472,1773.8496
2023-11-19 07:00:00,1043.072,1877.5296
2023-11-19 08:00:00,985.472,1773.8496
2023-11-19 09:00:00,1083.072,1949.5296
2023-11-19 10:00:00,1276.16,2297.088
2023-11-19 11:00:00,1333.76,2400.768
2023-11-19 12:00:00,1029.76,1853.568
2023-11-19 13:00:00,1091.648,1964.9664
2023-11-19 14:00:00,1284.736,2312.5248
2023-11-19 15:00:00,1338.048,2408.4864
2023-11-19 16:00:00,1034.048,1861.2864
2023-11-19 17:00:00,1103.936,1987.0848
2023-11-19 18:00:00,1050.624,1891.1232
2023-11-19 19:00:00,1103.936,1987.0848
2023-11-19 20:00:00,1050.624,1891.1232
2023-11-19 21:00:00,1112.576,2002.6368
2023-11-19 22:00:00,1054.976,1898.9568
2023-11-19 23:00:00,1112.576,2002.6368
2023-11-20 00:00:00,1054.976,1898.9568
2023-11-20 01:00:00,1103.936,1987.0848
2023-11-20 02:00:00,1037.76,1867.968
2023-11-20 03:00:00,1078.144,1940.6592
2023-11-20 04:00:00,1007.616,1813.7088
2023-11-20 05:00:00,1056.64,1901.952
2023-11-20 06:00:00,873.6,1572.48
2023-11-20 07:00:00,931.2,1676.16
2023-11-20 08:00:00,867.904,1562.2272
2023-11-20 09:00:00,968.384,1743.0912
2023-11-20 10:00:00,1151.424,2072.5632
2023-11-20 11:00:00,1206.144,2171.0592
2023-11-20 12:00:00,899.264,1618.6752
2023-11-20 13:00:00,956.864,1722.3552
2023-11-20 14:00:00,1142.848,2057.1264
2023-11-20 15:00:00,1197.568,2155.6224
2023-11-20 16:00:00,890.688,1603.2384
2023-11-20 17:00:00,841.6,1514.88
2023-11-20 18:00:00,784,1411.2
2023-11-20 19:00:00,841.6,1514.88
2023-11-20 20:00:00,784,1411.2
2023-11-20 21:00:00,841.6,1514.88
2023-11-20 22:00:00,784,1411.2
2023-11-20 23:00:00,842.624,1516.7232
2023-11-21 00:00:00,784,1411.2
2023-11-21 01:00:00,847.104,1524.7872
2023-11-21 02:00:00,786.496,1415.6928
2023-11-21 03:00:00,844.096,1519.3728
2023-11-21 04:00:00,788.032,1418.4576
2023-11-21 05:00:00,845.632,1522.1376
2023-11-21 06:00:00,741.504,1334.7072
2023-11-21 07:00:00,797.632,1435.7376
2023-11-21 08:00:00,736,1324.8
2023-11-21 09:00:00,793.6,1428.48
2023-11-21 10:00:00,1049.088,1888.3584
2023-11-21 11:00:00,992,1785.6
2023-11-21 12:00:00,850.688,1531.2384
2023-11-21 13:00:00,911.168,1640.1024
2023-11-21 14:00:00,1051.968,1893.5424
2023-11-21 15:00:00,1112.448,2002.4064
2023-11-21 16:00:00,862.144,1551.8592
2023-11-21 17:00:00,964.864,1736.7552
2023-11-21 18:00:00,910.144,1638.2592
2023-11-21 19:00:00,967.744,1741.9392
2023-11-21 20:00:00,907.264,1633.0752
2023-11-21 21:00:00,964.864,1736.7552
2023-11-21 22:00:00,913.024,1643.4432
2023-11-21 23:00:00,976.384,1757.4912
2023-11-22 00:00:00,999.04,1798.272
2023-11-22 01:00:00,1065.216,1917.3888
2023-11-22 02:00:00,1003.328,1805.9904
2023-11-22 03:00:00,1056.64,1901.952
2023-11-22 04:00:00,921.6,1658.88
2023-11-22 05:00:00,979.2,1762.56
2023-11-22 06:00:00,873.6,1572.48
2023-11-22 07:00:00,931.2,1676.16
2023-11-22 08:00:00,865.024,1557.0432
2023-11-22 09:00:00,916.864,1650.3552
2023-11-22 10:00:00,1051.968,1893.5424
2023-11-22 11:00:00,1106.688,1992.0384
2023-11-22 12:00:00,850.688,1531.2384
2023-11-22 13:00:00,908.288,1634.9184
2023-11-22 14:00:00,1049.088,1888.3584
2023-11-22 15:00:00,1106.688,1992.0384
2023-11-22 16:00:00,850.688,1531.2384
2023-11-22 17:00:00,841.6,1514.88
2023-11-22 18:00:00,784,1411.2
2023-11-22 19:00:00,841.6,1514.88
2023-11-22 20:00:00,784,1411.2
2023-11-22 21:00:00,841.6,1514.88
2023-11-22 22:00:00,784,1411.2
2023-11-22 23:00:00,844.096,1519.3728
2023-11-23 00:00:00,788.032,1418.4576
2023-11-23 01:00:00,848.576,1527.4368
2023-11-23 02:00:00,792.512,1426.5216
2023-11-23 03:00:00,851.584,1532.8512
2023-11-23 04:00:00,796.992,1434.5856
2023-11-23 05:00:00,856.128,1541.0304
2023-11-23 06:00:00,750.528,1350.9504
2023-11-23 07:00:00,805.12,1449.216
2023-11-23 08:00:00,744.512,1340.1216
2023-11-23 09:00:00,839.104,1510.3872
2023-11-23 10:00:00,1024.896,1844.8128
2023-11-23 11:00:00,1080,1944
2023-11-23 12:00:00,776,1396.8
2023-11-23 13:00:00,834.624,1502.3232
2023-11-23 14:00:00,1022.4,1840.32
2023-11-23 15:00:00,1084.032,1951.2576
2023-11-23 16:00:00,782.976,1409.3568
2023-11-23 17:00:00,851.584,1532.8512
2023-11-23 18:00:00,793.984,1429.1712
2023-11-23 19:00:00,853.12,1535.616
2023-11-23 20:00:00,796.992,1434.5856
2023-11-23 21:00:00,854.592,1538.2656
2023-11-23 22:00:00,798.528,1437.3504
2023-11-23 23:00:00,857.6,1543.68
2023-11-24 00:00:00,800,1440
2023-11-24 01:00:00,866.624,1559.9232
2023-11-24 02:00:00,806.016,1450.8288
2023-11-24 03:00:00,865.088,1557.1584
2023-11-24 04:00:00,803.008,1445.4144
2023-11-24 05:00:00,862.08,1551.744
2023-11-24 06:00:00,753.472,1356.2496
2023-11-24 07:00:00,809.6,1457.28
2023-11-24 08:00:00,747.52,1345.536
2023-11-24 09:00:00,842.112,1515.8016
2023-11-24 10:00:00,1026.432,1847.5776
2023-11-24 11:00:00,1080,1944
2023-11-24 12:00:00,776,1396.8
2023-11-24 13:00:00,833.6,1500.48
2023-11-24 14:00:00,1022.4,1840.32
2023-11-24 15:00:00,1080,1944
2023-11-24 16:00:00,776,1396.8
2023-11-24 17:00:00,841.6,1514.88
2023-11-24 18:00:00,784,1411.2
2023-11-24 19:00:00,841.6,1514.88
2023-11-24 20:00:00,784,1411.2
2023-11-24 21:00:00,842.624,1516.7232
2023-11-24 22:00:00,788.032,1418.4576
2023-11-24 23:00:00,845.632,1522.1376
2023-11-25 00:00:00,790.976,1423.7568
2023-11-25 01:00:00,850.112,1530.2016
2023-11-25 02:00:00,795.52,1431.936
2023-11-25 03:00:00,854.592,1538.2656
2023-11-25 04:00:00,796.992,1434.5856
2023-11-25 05:00:00,854.592,1538.2656
2023-11-25 06:00:00,753.472,1356.2496
2023-11-25 07:00:00,806.592,1451.8656
2023-11-25 08:00:00,741.504,1334.7072
2023-11-25 09:00:00,833.6,1500.48
2023-11-25 10:00:00,1022.4,1840.32
2023-11-25 11:00:00,1194.688,2150.4384
2023-11-25 12:00:00,776,1396.8
2023-11-25 13:00:00,948.288,1706.9184
2023-11-25 14:00:00,1137.088,2046.7584
2023-11-25 15:00:00,1194.688,2150.4384
2023-11-25 16:00:00,890.688,1603.2384
2023-11-25 17:00:00,841.6,1514.88
2023-11-25 18:00:00,784,1411.2
2023-11-25 19:00:00,841.6,1514.88
2023-11-25 20:00:00,784,1411.2
2023-11-25 21:00:00,841.6,1514.88
2023-11-25 22:00:00,785.024,1413.0432
2023-11-25 23:00:00,850.112,1530.2016
2023-11-26 00:00:00,795.52,1431.936
2023-11-26 01:00:00,854.592,1538.2656
2023-11-26 02:00:00,795.52,1431.936
2023-11-26 03:00:00,853.12,1535.616
2023-11-26 04:00:00,795.52,1431.936
2023-11-26 05:00:00,853.12,1535.616
2023-11-26 06:00:00,748.992,1348.1856
2023-11-26 07:00:00,803.584,1446.4512
2023-11-26 08:00:00,851.712,1533.0816
2023-11-26 09:00:00,956.864,1722.3552
2023-11-26 10:00:00,1157.184,2082.9312
2023-11-26 11:00:00,1295.04,2331.072
2023-11-26 12:00:00,1003.968,1807.1424
2023-11-26 13:00:00,1065.856,1918.5408
2023-11-26 14:00:00,1254.656,2258.3808
2023-11-26 15:00:00,1312.256,2362.0608
2023-11-26 16:00:00,1003.968,1807.1424
2023-11-26 17:00:00,1065.216,1917.3888
2023-11-26 18:00:00,999.04,1798.272
2023-11-26 19:00:00,1060.928,1909.6704
2023-11-26 20:00:00,1003.328,1805.9904
2023-11-26 21:00:00,1060.928,1909.6704
2023-11-26 22:00:00,924.48,1664.064
2023-11-26 23:00:00,979.2,1762.56
2023-11-27 00:00:00,915.904,1648.6272
2023-11-27 01:00:00,979.2,1762.56
2023-11-27 02:00:00,913.024,1643.4432
2023-11-27 03:00:00,970.624,1747.1232
2023-11-27 04:00:00,910.144,1638.2592
2023-11-27 05:00:00,965.888,1738.5984
2023-11-27 06:00:00,862.144,1551.8592
2023-11-27 07:00:00,922.624,1660.7232
2023-11-27 08:00:00,865.024,1557.0432
2023-11-27 09:00:00,965.504,1737.9072
2023-11-27 10:00:00,1250.368,2250.6624
2023-11-27 11:00:00,1312.256,2362.0608
2023-11-27 12:00:00,1016.832,1830.2976
2023-11-27 13:00:00,1071.04,1927.872
2023-11-27 14:00:00,1260.032,2268.0576
2023-11-27 15:00:00,1316.544,2369.7792
2023-11-27 16:00:00,1008.256,1814.8608
2023-11-27 17:00:00,1069.568,1925.2224
2023-11-27 18:00:00,1007.616,1813.7088
2023-11-27 19:00:00,1056.64,1901.952
2023-11-27 20:00:00,999.04,1798.272
2023-11-27 21:00:00,1056.64,1901.952
2023-11-27 22:00:00,999.04,1798.272
2023-11-27 23:00:00,1056.64,1901.952
2023-11-28 00:00:00,999.04,1798.272
2023-11-28 01:00:00,1056.64,1901.952
2023-11-28 02:00:00,924.48,1664.064
2023-11-28 03:00:00,982.08,1767.744
2023-11-28 04:00:00,924.48,1664.064
2023-11-28 05:00:00,982.08,1767.744
2023-11-28 06:00:00,876.48,1577.664
2023-11-28 07:00:00,934.08,1681.344
2023-11-28 08:00:00,959.616,1727.3088
2023-11-28 09:00:00,1025.856,1846.5408
2023-11-28 10:00:00,1166.656,2099.9808
2023-11-28 11:00:00,1228.544,2211.3792
2023-11-28 12:00:00,976.832,1758.2976
2023-11-28 13:00:00,1030.144,1854.2592
2023-11-28 14:00:00,1166.656,2099.9808
2023-11-28 15:00:00,1219.968,2195.9424
2023-11-28 16:00:00,951.04,1711.872
2023-11-28 17:00:00,979.2,1762.56
2023-11-28 18:00:00,918.784,1653.8112
2023-11-28 19:00:00,973.504,1752.3072
2023-11-28 20:00:00,910.144,1638.2592
2023-11-28 21:00:00,964.864,1736.7552
2023-11-28 22:00:00,904.448,1628.0064
2023-11-28 23:00:00,959.168,1726.5024
2023-11-29 00:00:00,902.528,1624.5504
2023-11-29 01:00:00,957.312,1723.1616
2023-11-29 02:00:00,899.712,1619.4816
2023-11-29 03:00:00,845.632,1522.1376
2023-11-29 04:00:00,788.032,1418.4576
2023-11-29 05:00:00,847.104,1524.7872
2023-11-29 06:00:00,741.504,1334.7072
2023-11-29 07:00:00,799.104,1438.3872
2023-11-29 08:00:00,741.504,1334.7072
2023-11-29 09:00:00,799.104,1438.3872
2023-11-29 10:00:00,941.376,1694.4768
2023-11-29 11:00:00,992,1785.6
2023-11-29 12:00:00,736,1324.8
2023-11-29 13:00:00,793.6,1428.48
2023-11-29 14:00:00,934.4,1681.92
2023-11-29 15:00:00,992,1785.6
2023-11-29 16:00:00,738.496,1329.2928
2023-11-29 17:00:00,844.096,1519.3728
2023-11-29 18:00:00,788.032,1418.4576
2023-11-29 19:00:00,847.104,1524.7872
2023-11-29 20:00:00,792.512,1426.5216
2023-11-29 21:00:00,850.112,1530.2016
2023-11-29 22:00:00,793.984,1429.1712
2023-11-29 23:00:00,850.112,1530.2016
2023-11-30 00:00:00,793.984,1429.1712
2023-11-30 01:00:00,851.584,1532.8512
2023-11-30 02:00:00,796.992,1434.5856
2023-11-30 03:00:00,854.592,1538.2656
2023-11-30 04:00:00,800,1440
2023-11-30 05:00:00,859.072,1546.3296
2023-11-30 06:00:00,753.472,1356.2496
2023-11-30 07:00:00,808.128,1454.6304
2023-11-30 08:00:00,747.52,1345.536
2023-11-30 09:00:00,840.576,1513.0368
2023-11-30 10:00:00,1026.432,1847.5776
2023-11-30 11:00:00,1081.024,1945.8432
2023-11-30 12:00:00,777.024,1398.6432
2023-11-30 13:00:00,948.288,1706.9184
2023-11-30 14:00:00,1139.968,2051.9424
2023-11-30 15:00:00,1081.024,1945.8432
2023-11-30 16:00:00,890.688,1603.2384
2023-11-30 17:00:00,957.312,1723.1616
2023-11-30 18:00:00,899.712,1619.4816
2023-11-30 19:00:00,957.312,1723.1616
2023-11-30 20:00:00,901.568,1622.8224
2023-11-30 21:00:00,959.168,1726.5024
2023-11-30 22:00:00,901.568,1622.8224
2023-11-30 23:00:00,962.048,1731.6864
2023-12-01 00:00:00,902.528,1624.5504
2023-12-01 01:00:00,963.008,1733.4144
2023-12-01 02:00:00,902.528,1624.5504
2023-12-01 03:00:00,963.008,1733.4144
2023-12-01 04:00:00,908.288,1634.9184
2023-12-01 05:00:00,973.504,1752.3072
2023-12-01 06:00:00,918.784,1653.8112
2023-12-01 07:00:00,928.384,1671.0912
2023-12-01 08:00:00,870.784,1567.4112
2023-12-01 09:00:00,968.384,1743.0912
2023-12-01 10:00:00,1162.88,2093.184
2023-12-01 11:00:00,1295.04,2331.072
2023-12-01 12:00:00,991.04,1783.872
2023-12-01 13:00:00,1048.64,1887.552
2023-12-01 14:00:00,1237.44,2227.392
2023-12-01 15:00:00,1214.784,2186.6112
2023-12-01 16:00:00,910.784,1639.4112
2023-12-01 17:00:00,979.2,1762.56
2023-12-01 18:00:00,918.784,1653.8112
2023-12-01 19:00:00,976.384,1757.4912
2023-12-01 20:00:00,918.784,1653.8112
2023-12-01 21:00:00,976.384,1757.4912
2023-12-01 22:00:00,921.6,1658.88
2023-12-01 23:00:00,976.384,1757.4912
2023-12-02 00:00:00,915.904,1648.6272
2023-12-02 01:00:00,973.504,1752.3072
2023-12-02 02:00:00,915.904,1648.6272
2023-12-02 03:00:00,970.624,1747.1232
2023-12-02 04:00:00,915.904,1648.6272
2023-12-02 05:00:00,973.504,1752.3072
2023-12-02 06:00:00,915.904,1648.6272
2023-12-02 07:00:00,928.384,1671.0912
2023-12-02 08:00:00,870.784,1567.4112
2023-12-02 09:00:00,971.2,1748.16
2023-12-02 10:00:00,1157.184,2082.9312
2023-12-02 11:00:00,1220.48,2196.864
2023-12-02 12:00:00,991.04,1783.872
2023-12-02 13:00:00,1052.928,1895.2704
2023-12-02 14:00:00,1246.016,2242.8288
2023-12-02 15:00:00,1307.968,2354.3424
2023-12-02 16:00:00,1003.968,1807.1424
2023-12-02 17:00:00,1078.144,1940.6592
2023-12-02 18:00:00,1020.544,1836.9792
2023-12-02 19:00:00,1073.856,1932.9408
2023-12-02 20:00:00,1020.544,1836.9792
2023-12-02 21:00:00,1078.144,1940.6592
2023-12-02 22:00:00,1011.968,1821.5424
2023-12-02 23:00:00,1065.216,1917.3888
2023-12-03 00:00:00,999.04,1798.272
2023-12-03 01:00:00,979.2,1762.56
2023-12-03 02:00:00,918.784,1653.8112
2023-12-03 03:00:00,973.504,1752.3072
2023-12-03 04:00:00,910.144,1638.2592
2023-12-03 05:00:00,964.864,1736.7552
2023-12-03 06:00:00,904.448,1628.0064
2023-12-03 07:00:00,914.048,1645.2864
2023-12-03 08:00:00,859.264,1546.6752
2023-12-03 09:00:00,959.744,1727.5392
2023-12-03 10:00:00,1145.664,2062.1952
2023-12-03 11:00:00,1203.264,2165.8752
2023-12-03 12:00:00,896.448,1613.6064
2023-12-03 13:00:00,951.168,1712.1024
2023-12-03 14:00:00,1139.968,2051.9424
2023-12-03 15:00:00,1197.568,2155.6224
2023-12-03 16:00:00,893.568,1608.4224
2023-12-03 17:00:00,956.288,1721.3184
2023-12-03 18:00:00,898.688,1617.6384
2023-12-03 19:00:00,956.288,1721.3184
2023-12-03 20:00:00,898.688,1617.6384
2023-12-03 21:00:00,956.288,1721.3184
2023-12-03 22:00:00,898.688,1617.6384
2023-12-03 23:00:00,841.6,1514.88
2023-12-04 00:00:00,784,1411.2
2023-12-04 01:00:00,841.6,1514.88
2023-12-04 02:00:00,785.024,1413.0432
2023-12-04 03:00:00,847.104,1524.7872
2023-12-04 04:00:00,788.032,1418.4576
2023-12-04 05:00:00,844.096,1519.3728
2023-12-04 06:00:00,784,1411.2
2023-12-04 07:00:00,793.6,1428.48
2023-12-04 08:00:00,850.688,1531.2384
2023-12-04 09:00:00,951.168,1712.1024
2023-12-04 10:00:00,1142.848,2057.1264
2023-12-04 11:00:00,1200.448,2160.8064
2023-12-04 12:00:00,899.264,1618.6752
2023-12-04 13:00:00,956.864,1722.3552
2023-12-04 14:00:00,1145.664,2062.1952
2023-12-04 15:00:00,1200.448,2160.8064
2023-12-04 16:00:00,896.448,1613.6064
2023-12-04 17:00:00,959.168,1726.5024
2023-12-04 18:00:00,898.688,1617.6384
2023-12-04 19:00:00,956.288,1721.3184
2023-12-04 20:00:00,784,1411.2
2023-12-04 21:00:00,841.6,1514.88
2023-12-04 22:00:00,785.024,1413.0432
2023-12-04 23:00:00,844.096,1519.3728
2023-12-05 00:00:00,789.504,1421.1072
2023-12-05 01:00:00,853.12,1535.616
2023-12-05 02:00:00,792.512,1426.5216
2023-12-05 03:00:00,848.576,1527.4368
2023-12-05 04:00:00,792.512,1426.5216
2023-12-05 05:00:00,848.576,1527.4368
2023-12-05 06:00:00,793.984,1429.1712
2023-12-05 07:00:00,800.576,1441.0368
2023-12-05 08:00:00,737.024,1326.6432
2023-12-05 09:00:00,908.288,1634.9184
2023-12-05 10:00:00,1051.968,1893.5424
2023-12-05 11:00:00,1115.264,2007.4752
2023-12-05 12:00:00,859.264,1546.6752
2023-12-05 13:00:00,919.744,1655.5392
2023-12-05 14:00:00,1060.544,1908.9792
2023-12-05 15:00:00,1115.264,2007.4752
2023-12-05 16:00:00,856.448,1541.6064
2023-12-05 17:00:00,956.288,1721.3184
2023-12-05 18:00:00,784,1411.2
2023-12-05 19:00:00,956.288,1721.3184
2023-12-05 20:00:00,898.688,1617.6384
2023-12-05 21:00:00,847.104,1524.7872
2023-12-05 22:00:00,790.976,1423.7568
2023-12-05 23:00:00,848.576,1527.4368
2023-12-06 00:00:00,790.976,1423.7568
2023-12-06 01:00:00,853.12,1535.616
2023-12-06 02:00:00,793.984,1429.1712
2023-12-06 03:00:00,853.12,1535.616
2023-12-06 04:00:00,798.528,1437.3504
2023-12-06 05:00:00,856.128,1541.0304
2023-12-06 06:00:00,798.528,1437.3504
2023-12-06 07:00:00,806.592,1451.8656
2023-12-06 08:00:00,742.976,1337.3568
2023-12-06 09:00:00,908.288,1634.9184
2023-12-06 10:00:00,1057.664,1903.7952
2023-12-06 11:00:00,1118.144,2012.6592
2023-12-06 12:00:00,862.144,1551.8592
2023-12-06 13:00:00,919.744,1655.5392
2023-12-06 14:00:00,1060.544,1908.9792
2023-12-06 15:00:00,1118.144,2012.6592
2023-12-06 16:00:00,856.448,1541.6064
2023-12-06 17:00:00,959.168,1726.5024
2023-12-06 18:00:00,904.448,1628.0064
2023-12-06 19:00:00,962.048,1731.6864
2023-12-06 20:00:00,786.496,1415.6928
2023-12-06 21:00:00,844.096,1519.3728
2023-12-06 22:00:00,788.032,1418.4576
2023-12-06 23:00:00,844.096,1519.3728
2023-12-07 00:00:00,788.032,1418.4576
2023-12-07 01:00:00,848.576,1527.4368
2023-12-07 02:00:00,792.512,1426.5216
2023-12-07 03:00:00,853.12,1535.616
2023-12-07 04:00:00,790.976,1423.7568
2023-12-07 05:00:00,853.12,1535.616
2023-12-07 06:00:00,792.512,1426.5216
2023-12-07 07:00:00,803.584,1446.4512
2023-12-07 08:00:00,740.032,1332.0576
2023-12-07 09:00:00,954.048,1717.2864
2023-12-07 10:00:00,1142.848,2057.1264
2023-12-07 11:00:00,1203.264,2165.8752
2023-12-07 12:00:00,902.144,1623.8592
2023-12-07 13:00:00,962.624,1732.7232
2023-12-07 14:00:00,1151.424,2072.5632
2023-12-07 15:00:00,1206.144,2171.0592
2023-12-07 16:00:00,899.264,1618.6752
2023-12-07 17:00:00,959.168,1726.5024
2023-12-07 18:00:00,904.448,1628.0064
2023-12-07 19:00:00,959.168,1726.5024
2023-12-07 20:00:00,901.568,1622.8224
2023-12-07 21:00:00,956.288,1721.3184
2023-12-07 22:00:00,898.688,1617.6384
2023-12-07 23:00:00,841.6,1514.88
2023-12-08 00:00:00,784,1411.2
2023-12-08 01:00:00,842.624,1516.7232
2023-12-08 02:00:00,785.024,1413.0432
2023-12-08 03:00:00,844.096,1519.3728
2023-12-08 04:00:00,786.496,1415.6928
2023-12-08 05:00:00,845.632,1522.1376
2023-12-08 06:00:00,790.976,1423.7568
2023-12-08 07:00:00,800.576,1441.0368
2023-12-08 08:00:00,737.024,1326.6432
2023-12-08 09:00:00,833.6,1500.48
2023-12-08 10:00:00,1139.968,2051.9424
2023-12-08 11:00:00,1197.568,2155.6224
2023-12-08 12:00:00,896.448,1613.6064
2023-12-08 13:00:00,954.048,1717.2864
2023-12-08 14:00:00,1139.968,2051.9424
2023-12-08 15:00:00,1197.568,2155.6224
2023-12-08 16:00:00,777.024,1398.6432
2023-12-08 17:00:00,842.624,1516.7232
2023-12-08 18:00:00,786.496,1415.6928
2023-12-08 19:00:00,845.632,1522.1376
2023-12-08 20:00:00,788.032,1418.4576
2023-12-08 21:00:00,842.624,1516.7232
2023-12-08 22:00:00,788.032,1418.4576
2023-12-08 23:00:00,847.104,1524.7872
2023-12-09 00:00:00,792.512,1426.5216
2023-12-09 01:00:00,853.12,1535.616
2023-12-09 02:00:00,800,1440
2023-12-09 03:00:00,851.584,1532.8512
2023-12-09 04:00:00,790.976,1423.7568
2023-12-09 05:00:00,850.112,1530.2016
2023-12-09 06:00:00,790.976,1423.7568
2023-12-09 07:00:00,909.312,1636.7616
2023-12-09 08:00:00,850.688,1531.2384
2023-12-09 09:00:00,951.168,1712.1024
2023-12-09 10:00:00,1142.848,2057.1264
2023-12-09 11:00:00,1200.448,2160.8064
2023-12-09 12:00:00,899.264,1618.6752
2023-12-09 13:00:00,959.744,1727.5392
2023-12-09 14:00:00,1160,2088
2023-12-09 15:00:00,1217.6,2191.68
2023-12-09 16:00:00,913.6,1644.48
2023-12-09 17:00:00,979.2,1762.56
2023-12-09 18:00:00,924.48,1664.064
2023-12-09 19:00:00,982.08,1767.744
2023-12-09 20:00:00,924.48,1664.064
2023-12-09 21:00:00,1056.64,1901.952
2023-12-09 22:00:00,999.04,1798.272
2023-12-09 23:00:00,1056.64,1901.952
2023-12-10 00:00:00,999.04,1798.272
2023-12-10 01:00:00,982.08,1767.744
2023-12-10 02:00:00,924.48,1664.064
2023-12-10 03:00:00,979.2,1762.56
2023-12-10 04:00:00,924.48,1664.064
2023-12-10 05:00:00,979.2,1762.56
2023-12-10 06:00:00,918.784,1653.8112
2023-12-10 07:00:00,931.2,1676.16
2023-12-10 08:00:00,876.48,1577.664
2023-12-10 09:00:00,1048.64,1887.552
2023-12-10 10:00:00,1241.728,2235.1104
2023-12-10 11:00:00,1303.616,2346.5088
2023-12-10 12:00:00,1003.968,1807.1424
2023-12-10 13:00:00,1057.216,1902.9888
2023-12-10 14:00:00,1241.728,2235.1104
2023-12-10 15:00:00,1299.328,2338.7904
2023-12-10 16:00:00,913.6,1644.48
2023-12-10 17:00:00,982.08,1767.744
2023-12-10 18:00:00,999.04,1798.272
2023-12-10 19:00:00,982.08,1767.744
2023-12-10 20:00:00,924.48,1664.064
2023-12-10 21:00:00,982.08,1767.744
2023-12-10 22:00:00,921.6,1658.88
2023-12-10 23:00:00,979.2,1762.56
2023-12-11 00:00:00,918.784,1653.8112
2023-12-11 01:00:00,976.384,1757.4912
2023-12-11 02:00:00,918.784,1653.8112
2023-12-11 03:00:00,976.384,1757.4912
2023-12-11 04:00:00,918.784,1653.8112
2023-12-11 05:00:00,973.504,1752.3072
2023-12-11 06:00:00,915.904,1648.6272
2023-12-11 07:00:00,925.504,1665.9072
2023-12-11 08:00:00,876.48,1577.664
2023-12-11 09:00:00,974.08,1753.344
2023-12-11 10:00:00,1237.44,2227.392
2023-12-11 11:00:00,1299.328,2338.7904
2023-12-11 12:00:00,1003.968,1807.1424
2023-12-11 13:00:00,1061.568,1910.8224
2023-12-11 14:00:00,1250.368,2250.6624
2023-12-11 15:00:00,1307.968,2354.3424
2023-12-11 16:00:00,999.616,1799.3088
2023-12-11 17:00:00,1065.216,1917.3888
2023-12-11 18:00:00,1007.616,1813.7088
2023-12-11 19:00:00,1060.928,1909.6704
2023-12-11 20:00:00,1003.328,1805.9904
2023-12-11 21:00:00,1056.64,1901.952
2023-12-11 22:00:00,924.48,1664.064
2023-12-11 23:00:00,1056.64,1901.952
2023-12-12 00:00:00,999.04,1798.272
2023-12-12 01:00:00,1056.64,1901.952
2023-12-12 02:00:00,924.48,1664.064
2023-12-12 03:00:00,979.2,1762.56
2023-12-12 04:00:00,921.6,1658.88
2023-12-12 05:00:00,982.08,1767.744
2023-12-12 06:00:00,924.48,1664.064
2023-12-12 07:00:00,1008.64,1815.552
2023-12-12 08:00:00,955.328,1719.5904
2023-12-12 09:00:00,1021.568,1838.8224
2023-12-12 10:00:00,1170.944,2107.6992
2023-12-12 11:00:00,1232.832,2219.0976
2023-12-12 12:00:00,976.832,1758.2976
2023-12-12 13:00:00,1034.432,1861.9776
2023-12-12 14:00:00,1170.944,2107.6992
2023-12-12 15:00:00,1224.256,2203.6608
2023-12-12 16:00:00,968.256,1742.8608
2023-12-12 17:00:00,1073.856,1932.9408
2023-12-12 18:00:00,1011.968,1821.5424
2023-12-12 19:00:00,1069.568,1925.2224
2023-12-12 20:00:00,1016.256,1829.2608
2023-12-12 21:00:00,1069.568,1925.2224
2023-12-12 22:00:00,1011.968,1821.5424
2023-12-12 23:00:00,1069.568,1925.2224
2023-12-13 00:00:00,1016.256,1829.2608
2023-12-13 01:00:00,1073.856,1932.9408
2023-12-13 02:00:00,1011.968,1821.5424
2023-12-13 03:00:00,1073.856,1932.9408
2023-12-13 04:00:00,1016.256,1829.2608
2023-12-13 05:00:00,1069.568,1925.2224
2023-12-13 06:00:00,1007.616,1813.7088
2023-12-13 07:00:00,1021.568,1838.8224
2023-12-13 08:00:00,972.544,1750.5792
2023-12-13 09:00:00,1038.72,1869.696
2023-12-13 10:00:00,1179.52,2123.136
2023-12-13 11:00:00,1246.784,2244.2112
2023-12-13 12:00:00,991.488,1784.6784
2023-12-13 13:00:00,1049.088,1888.3584
2023-12-13 14:00:00,1183.872,2130.9696
2023-12-13 15:00:00,1232.832,2219.0976
2023-12-13 16:00:00,972.544,1750.5792
2023-12-13 17:00:00,1065.216,1917.3888
2023-12-13 18:00:00,1007.616,1813.7088
2023-12-13 19:00:00,1060.928,1909.6704
2023-12-13 20:00:00,1003.328,1805.9904
2023-12-13 21:00:00,1060.928,1909.6704
2023-12-13 22:00:00,1003.328,1805.9904
2023-12-13 23:00:00,1060.928,1909.6704
2023-12-14 00:00:00,1003.328,1805.9904
2023-12-14 01:00:00,1060.928,1909.6704
2023-12-14 02:00:00,1007.616,1813.7088
2023-12-14 03:00:00,1065.216,1917.3888
2023-12-14 04:00:00,1011.968,1821.5424
2023-12-14 05:00:00,1069.568,1925.2224
2023-12-14 06:00:00,1007.616,1813.7088
2023-12-14 07:00:00,1021.568,1838.8224
2023-12-14 08:00:00,963.968,1735.1424
2023-12-14 09:00:00,1065.856,1918.5408
2023-12-14 10:00:00,1258.944,2266.0992
2023-12-14 11:00:00,1320.832,2377.4976
2023-12-14 12:00:00,1021.12,1838.016
2023-12-14 13:00:00,1087.36,1957.248
2023-12-14 14:00:00,1280.448,2304.8064
2023-12-14 15:00:00,1338.048,2408.4864
2023-12-14 16:00:00,1025.472,1845.8496
2023-12-14 17:00:00,1099.648,1979.3664
2023-12-14 18:00:00,1042.048,1875.6864
2023-12-14 19:00:00,1108.224,1994.8032
2023-12-14 20:00:00,1050.624,1891.1232
2023-12-14 21:00:00,1112.576,2002.6368
2023-12-14 22:00:00,1059.264,1906.6752
2023-12-14 23:00:00,1122.048,2019.6864
2023-12-15 00:00:00,1069.568,1925.2224
2023-12-15 01:00:00,1128.064,2030.5152
2023-12-15 02:00:00,1050.624,1891.1232
2023-12-15 03:00:00,1086.72,1956.096
2023-12-15 04:00:00,1024.832,1844.6976
2023-12-15 05:00:00,1073.856,1932.9408
2023-12-15 06:00:00,1007.616,1813.7088
2023-12-15 07:00:00,1012.928,1823.2704
2023-12-15 08:00:00,951.04,1711.872
2023-12-15 09:00:00,974.08,1753.344
2023-12-15 10:00:00,1162.88,2093.184
2023-12-15 11:00:00,1220.48,2196.864
2023-12-15 12:00:00,991.04,1783.872
2023-12-15 13:00:00,1048.64,1887.552
2023-12-15 14:00:00,1162.88,2093.184
2023-12-15 15:00:00,1220.48,2196.864
2023-12-15 16:00:00,913.6,1644.48
2023-12-15 17:00:00,976.384,1757.4912
2023-12-15 18:00:00,918.784,1653.8112
2023-12-15 19:00:00,976.384,1757.4912
2023-12-15 20:00:00,918.784,1653.8112
2023-12-15 21:00:00,976.384,1757.4912
2023-12-15 22:00:00,915.904,1648.6272
2023-12-15 23:00:00,970.624,1747.1232
2023-12-16 00:00:00,913.024,1643.4432
2023-12-16 01:00:00,967.744,1741.9392
2023-12-16 02:00:00,910.144,1638.2592
2023-12-16 03:00:00,964.864,1736.7552
2023-12-16 04:00:00,904.448,1628.0064
2023-12-16 05:00:00,962.048,1731.6864
2023-12-16 06:00:00,901.568,1622.8224
2023-12-16 07:00:00,911.168,1640.1024
2023-12-16 08:00:00,856.448,1541.6064
2023-12-16 09:00:00,956.864,1722.3552
2023-12-16 10:00:00,1145.664,2062.1952
2023-12-16 11:00:00,1203.264,2165.8752
2023-12-16 12:00:00,899.264,1618.6752
2023-12-16 13:00:00,962.624,1732.7232
2023-12-16 14:00:00,1148.544,2067.3792
2023-12-16 15:00:00,1203.264,2165.8752
2023-12-16 16:00:00,899.264,1618.6752
2023-12-16 17:00:00,967.744,1741.9392
2023-12-16 18:00:00,913.024,1643.4432
2023-12-16 19:00:00,970.624,1747.1232
2023-12-16 20:00:00,915.904,1648.6272
2023-12-16 21:00:00,973.504,1752.3072
2023-12-16 22:00:00,915.904,1648.6272
2023-12-16 23:00:00,979.2,1762.56
2023-12-17 00:00:00,918.784,1653.8112
2023-12-17 01:00:00,976.384,1757.4912
2023-12-17 02:00:00,921.6,1658.88
2023-12-17 03:00:00,982.08,1767.744
2023-12-17 04:00:00,1003.328,1805.9904
2023-12-17 05:00:00,1060.928,1909.6704
2023-12-17 06:00:00,1007.616,1813.7088
2023-12-17 07:00:00,1021.568,1838.8224
2023-12-17 08:00:00,963.968,1735.1424
2023-12-17 09:00:00,1065.856,1918.5408
2023-12-17 10:00:00,1258.944,2266.0992
2023-12-17 11:00:00,1320.832,2377.4976
2023-12-17 12:00:00,1016.832,1830.2976
2023-12-17 13:00:00,1074.432,1933.9776
2023-12-17 14:00:00,1263.232,2273.8176
2023-12-17 15:00:00,1320.832,2377.4976
2023-12-17 16:00:00,1021.12,1838.016
2023-12-17 17:00:00,1086.72,1956.096
2023-12-17 18:00:00,1033.472,1860.2496
2023-12-17 19:00:00,1086.72,1956.096
2023-12-17 20:00:00,1029.12,1852.416
2023-12-17 21:00:00,1082.432,1948.3776
2023-12-17 22:00:00,1016.256,1829.2608
2023-12-17 23:00:00,1073.856,1932.9408
2023-12-18 00:00:00,1016.256,1829.2608
2023-12-18 01:00:00,1069.568,1925.2224
2023-12-18 02:00:00,1011.968,1821.5424
2023-12-18 03:00:00,1065.216,1917.3888
2023-12-18 04:00:00,1003.328,1805.9904
2023-12-18 05:00:00,1060.928,1909.6704
2023-12-18 06:00:00,915.904,1648.6272
2023-12-18 07:00:00,914.048,1645.2864
2023-12-18 08:00:00,853.568,1536.4224
2023-12-18 09:00:00,951.168,1712.1024
2023-12-18 10:00:00,1137.088,2046.7584
2023-12-18 11:00:00,1194.688,2150.4384
2023-12-18 12:00:00,890.688,1603.2384
2023-12-18 13:00:00,948.288,1706.9184
2023-12-18 14:00:00,1139.968,2051.9424
2023-12-18 15:00:00,1080,1944
2023-12-18 16:00:00,776,1396.8
2023-12-18 17:00:00,841.6,1514.88
2023-12-18 18:00:00,785.024,1413.0432
2023-12-18 19:00:00,845.632,1522.1376
2023-12-18 20:00:00,789.504,1421.1072
2023-12-18 21:00:00,850.112,1530.2016
2023-12-18 22:00:00,793.984,1429.1712
2023-12-18 23:00:00,851.584,1532.8512
2023-12-19 00:00:00,793.984,1429.1712
2023-12-19 01:00:00,850.112,1530.2016
2023-12-19 02:00:00,793.984,1429.1712
2023-12-19 03:00:00,851.584,1532.8512
2023-12-19 04:00:00,795.52,1431.936
2023-12-19 05:00:00,854.592,1538.2656
2023-12-19 06:00:00,798.528,1437.3504
2023-12-19 07:00:00,808.128,1454.6304
2023-12-19 08:00:00,748.992,1348.1856
2023-12-19 09:00:00,803.584,1446.4512
2023-12-19 10:00:00,942.912,1697.2416
2023-12-19 11:00:00,997.504,1795.5072
2023-12-19 12:00:00,741.504,1334.7072
2023-12-19 13:00:00,799.104,1438.3872
2023-12-19 14:00:00,939.904,1691.8272
2023-12-19 15:00:00,997.504,1795.5072
2023-12-19 16:00:00,742.976,1337.3568
2023-12-19 17:00:00,850.112,1530.2016
2023-12-19 18:00:00,792.512,1426.5216
2023-12-19 19:00:00,851.584,1532.8512
2023-12-19 20:00:00,792.512,1426.5216
2023-12-19 21:00:00,848.576,1527.4368
2023-12-19 22:00:00,790.976,1423.7568
2023-12-19 23:00:00,850.112,1530.2016
2023-12-20 00:00:00,790.976,1423.7568
2023-12-20 01:00:00,850.112,1530.2016
2023-12-20 02:00:00,793.984,1429.1712
2023-12-20 03:00:00,853.12,1535.616
2023-12-20 04:00:00,795.52,1431.936
2023-12-20 05:00:00,854.592,1538.2656
2023-12-20 06:00:00,798.528,1437.3504
2023-12-20 07:00:00,808.128,1454.6304
2023-12-20 08:00:00,747.52,1345.536
2023-12-20 09:00:00,800.576,1441.0368
2023-12-20 10:00:00,938.432,1689.1776
2023-12-20 11:00:00,994.496,1790.0928
2023-12-20 12:00:00,738.496,1329.2928
2023-12-20 13:00:00,793.6,1428.48
2023-12-20 14:00:00,934.4,1681.92
2023-12-20 15:00:00,994.496,1790.0928
2023-12-20 16:00:00,740.032,1332.0576
2023-12-20 17:00:00,847.104,1524.7872
2023-12-20 18:00:00,790.976,1423.7568
2023-12-20 19:00:00,850.112,1530.2016
2023-12-20 20:00:00,790.976,1423.7568
2023-12-20 21:00:00,850.112,1530.2016
2023-12-20 22:00:00,795.52,1431.936
2023-12-20 23:00:00,854.592,1538.2656
2023-12-21 00:00:00,796.992,1434.5856
2023-12-21 01:00:00,853.12,1535.616
2023-12-21 02:00:00,796.992,1434.5856
2023-12-21 03:00:00,851.584,1532.8512
2023-12-21 04:00:00,795.52,1431.936
2023-12-21 05:00:00,853.12,1535.616
2023-12-21 06:00:00,796.992,1434.5856
2023-12-21 07:00:00,802.112,1443.8016
2023-12-21 08:00:00,742.976,1337.3568
2023-12-21 09:00:00,837.632,1507.7376
2023-12-21 10:00:00,1137.088,2046.7584
2023-12-21 11:00:00,1200.448,2160.8064
2023-12-21 12:00:00,899.264,1618.6752
2023-12-21 13:00:00,956.864,1722.3552
2023-12-21 14:00:00,1148.544,2067.3792
2023-12-21 15:00:00,1206.144,2171.0592
2023-12-21 16:00:00,902.144,1623.8592
2023-12-21 17:00:00,967.744,1741.9392
2023-12-21 18:00:00,910.144,1638.2592
2023-12-21 19:00:00,973.504,1752.3072
2023-12-21 20:00:00,913.024,1643.4432
2023-12-21 21:00:00,979.2,1762.56
2023-12-21 22:00:00,913.024,1643.4432
2023-12-21 23:00:00,982.08,1767.744
2023-12-22 00:00:00,1003.328,1805.9904
2023-12-22 01:00:00,1056.64,1901.952
2023-12-22 02:00:00,924.48,1664.064
2023-12-22 03:00:00,982.08,1767.744
2023-12-22 04:00:00,1003.328,1805.9904
2023-12-22 05:00:00,1065.216,1917.3888
2023-12-22 06:00:00,1007.616,1813.7088
2023-12-22 07:00:00,1017.216,1830.9888
2023-12-22 08:00:00,968.256,1742.8608
2023-12-22 09:00:00,1061.568,1910.8224
2023-12-22 10:00:00,1263.232,2273.8176
2023-12-22 11:00:00,1320.832,2377.4976
2023-12-22 12:00:00,1021.12,1838.016
2023-12-22 13:00:00,1083.072,1949.5296
2023-12-22 14:00:00,1276.16,2297.088
2023-12-22 15:00:00,1333.76,2400.768
2023-12-22 16:00:00,1029.76,1853.568
2023-12-22 17:00:00,1095.36,1971.648
2023-12-22 18:00:00,1033.472,1860.2496
2023-12-22 19:00:00,1091.072,1963.9296
2023-12-22 20:00:00,1029.12,1852.416
2023-12-22 21:00:00,1073.856,1932.9408
2023-12-22 22:00:00,1011.968,1821.5424
2023-12-22 23:00:00,1073.856,1932.9408
2023-12-23 00:00:00,1011.968,1821.5424
2023-12-23 01:00:00,1065.216,1917.3888
2023-12-23 02:00:00,1007.616,1813.7088
2023-12-23 03:00:00,1056.64,1901.952
2023-12-23 04:00:00,1003.328,1805.9904
2023-12-23 05:00:00,1056.64,1901.952
2023-12-23 06:00:00,999.04,1798.272
2023-12-23 07:00:00,1012.928,1823.2704
2023-12-23 08:00:00,955.328,1719.5904
2023-12-23 09:00:00,1057.216,1902.9888
2023-12-23 10:00:00,1246.016,2242.8288
2023-12-23 11:00:00,1307.968,2354.3424
2023-12-23 12:00:00,1016.832,1830.2976
2023-12-23 13:00:00,1074.432,1933.9776
2023-12-23 14:00:00,1267.52,2281.536
2023-12-23 15:00:00,1325.12,2385.216
2023-12-23 16:00:00,1021.12,1838.016
2023-12-23 17:00:00,1091.072,1963.9296
2023-12-23 18:00:00,1033.472,1860.2496
2023-12-23 19:00:00,1091.072,1963.9296
2023-12-23 20:00:00,1033.472,1860.2496
2023-12-23 21:00:00,1103.936,1987.0848
2023-12-23 22:00:00,1050.624,1891.1232
2023-12-23 23:00:00,1112.576,2002.6368
2023-12-24 00:00:00,1074.752,1934.5536
2023-12-24 01:00:00,1126.336,2027.4048
2023-12-24 02:00:00,1074.752,1934.5536
2023-12-24 03:00:00,1128.96,2032.128
2023-12-24 04:00:00,1071.36,1928.448
2023-12-24 05:00:00,1128.96,2032.128
2023-12-24 06:00:00,1072.192,1929.9456
2023-12-24 07:00:00,1081.792,1947.2256
2023-12-24 08:00:00,1024.192,1843.5456
2023-12-24 09:00:00,1121.792,2019.2256
2023-12-24 10:00:00,1318.016,2372.4288
2023-12-24 11:00:00,1374.528,2474.1504
2023-12-24 12:00:00,1068.544,1923.3792
2023-12-24 13:00:00,1121.792,2019.2256
2023-12-24 14:00:00,1318.016,2372.4288
2023-12-24 15:00:00,1365.952,2458.7136
2023-12-24 16:00:00,1048.704,1887.6672
2023-12-24 17:00:00,1119.488,2015.0784
2023-12-24 18:00:00,1046.336,1883.4048
2023-12-24 19:00:00,1105.664,1990.1952
2023-12-24 20:00:00,1037.76,1867.968
2023-12-24 21:00:00,1091.072,1963.9296
2023-12-24 22:00:00,1033.472,1860.2496
2023-12-24 23:00:00,1091.072,1963.9296
2023-12-25 00:00:00,1033.472,1860.2496
2023-12-25 01:00:00,1086.72,1956.096
2023-12-25 02:00:00,1024.832,1844.6976
2023-12-25 03:00:00,1082.432,1948.3776
2023-12-25 04:00:00,1020.544,1836.9792
2023-12-25 05:00:00,1078.144,1940.6592
2023-12-25 06:00:00,1011.968,1821.5424
2023-12-25 07:00:00,1025.856,1846.5408
2023-12-25 08:00:00,972.544,1750.5792
2023-12-25 09:00:00,1078.72,1941.696
2023-12-25 10:00:00,1258.944,2266.0992
2023-12-25 11:00:00,1329.472,2393.0496
2023-12-25 12:00:00,1029.76,1853.568
2023-12-25 13:00:00,1091.648,1964.9664
2023-12-25 14:00:00,1280.448,2304.8064
2023-12-25 15:00:00,1338.048,2408.4864
2023-12-25 16:00:00,1029.76,1853.568
2023-12-25 17:00:00,1099.648,1979.3664
2023-12-25 18:00:00,1046.336,1883.4048
2023-12-25 19:00:00,1108.224,1994.8032
2023-12-25 20:00:00,1037.76,1867.968
2023-12-25 21:00:00,1095.36,1971.648
2023-12-25 22:00:00,1042.048,1875.6864
2023-12-25 23:00:00,1099.648,1979.3664
2023-12-26 00:00:00,1007.616,1813.7088
2023-12-26 01:00:00,976.384,1757.4912
2023-12-26 02:00:00,915.904,1648.6272
2023-12-26 03:00:00,973.504,1752.3072
2023-12-26 04:00:00,910.144,1638.2592
2023-12-26 05:00:00,964.864,1736.7552
2023-12-26 06:00:00,904.448,1628.0064
2023-12-26 07:00:00,914.048,1645.2864
2023-12-26 08:00:00,859.264,1546.6752
2023-12-26 09:00:00,916.864,1650.3552
2023-12-26 10:00:00,1060.544,1908.9792
2023-12-26 11:00:00,1118.144,2012.6592
2023-12-26 12:00:00,862.144,1551.8592
2023-12-26 13:00:00,919.744,1655.5392
2023-12-26 14:00:00,1063.424,1914.1632
2023-12-26 15:00:00,1121.024,2017.8432
2023-12-26 16:00:00,862.144,1551.8592
2023-12-26 17:00:00,967.744,1741.9392
2023-12-26 18:00:00,913.024,1643.4432
2023-12-26 19:00:00,970.624,1747.1232
2023-12-26 20:00:00,915.904,1648.6272
2023-12-26 21:00:00,973.504,1752.3072
2023-12-26 22:00:00,915.904,1648.6272
2023-12-26 23:00:00,976.384,1757.4912
2023-12-27 00:00:00,915.904,1648.6272
2023-12-27 01:00:00,973.504,1752.3072
2023-12-27 02:00:00,918.784,1653.8112
2023-12-27 03:00:00,976.384,1757.4912
2023-12-27 04:00:00,921.6,1658.88
2023-12-27 05:00:00,976.384,1757.4912
2023-12-27 06:00:00,921.6,1658.88
2023-12-27 07:00:00,931.2,1676.16
2023-12-27 08:00:00,951.04,1711.872
2023-12-27 09:00:00,1017.216,1830.9888
2023-12-27 10:00:00,1162.368,2092.2624
2023-12-27 11:00:00,1224.256,2203.6608
2023-12-27 12:00:00,976.832,1758.2976
2023-12-27 13:00:00,1038.72,1869.696
2023-12-27 14:00:00,1183.872,2130.9696
2023-12-27 15:00:00,1241.472,2234.6496
2023-12-27 16:00:00,989.76,1781.568
2023-12-27 17:00:00,1095.36,1971.648
2023-12-27 18:00:00,1037.76,1867.968
2023-12-27 19:00:00,1086.72,1956.096
2023-12-27 20:00:00,924.48,1664.064
2023-12-27 21:00:00,976.384,1757.4912
2023-12-27 22:00:00,907.264,1633.0752
2023-12-27 23:00:00,959.168,1726.5024
2023-12-28 00:00:00,784,1411.2
2023-12-28 01:00:00,842.624,1516.7232
2023-12-28 02:00:00,786.496,1415.6928
2023-12-28 03:00:00,847.104,1524.7872
2023-12-28 04:00:00,789.504,1421.1072
2023-12-28 05:00:00,847.104,1524.7872
2023-12-28 06:00:00,789.504,1421.1072
2023-12-28 07:00:00,799.104,1438.3872
2023-12-28 08:00:00,741.504,1334.7072
2023-12-28 09:00:00,836.096,1504.9728
2023-12-28 10:00:00,1024.896,1844.8128
2023-12-28 11:00:00,1082.496,1948.4928
2023-12-28 12:00:00,780.032,1404.0576
2023-12-28 13:00:00,837.632,1507.7376
2023-12-28 14:00:00,1026.432,1847.5776
2023-12-28 15:00:00,1082.496,1948.4928
2023-12-28 16:00:00,778.496,1401.2928
2023-12-28 17:00:00,842.624,1516.7232
2023-12-28 18:00:00,788.032,1418.4576
2023-12-28 19:00:00,848.576,1527.4368
2023-12-28 20:00:00,793.984,1429.1712
2023-12-28 21:00:00,851.584,1532.8512
2023-12-28 22:00:00,793.984,1429.1712
2023-12-28 23:00:00,851.584,1532.8512
2023-12-29 00:00:00,798.528,1437.3504
2023-12-29 01:00:00,856.128,1541.0304
2023-12-29 02:00:00,798.528,1437.3504
2023-12-29 03:00:00,851.584,1532.8512
2023-12-29 04:00:00,790.976,1423.7568
2023-12-29 05:00:00,961.792,1731.2256
2023-12-29 06:00:00,904.064,1627.3152
2023-12-29 07:00:00,915.008,1647.0144
2023-12-29 08:00:00,859.264,1546.6752
2023-12-29 09:00:00,959.744,1727.5392
2023-12-29 10:00:00,1151.424,2072.5632
2023-12-29 11:00:00,1209.024,2176.2432
2023-12-29 12:00:00,898.944,1618.0992
2023-12-29 13:00:00,955.136,1719.2448
2023-12-29 14:00:00,1141.12,2054.016
2023-12-29 15:00:00,1198.72,2157.696
2023-12-29 16:00:00,894.72,1610.496
2023-12-29 17:00:00,960.32,1728.576
2023-12-29 18:00:00,905.536,1629.9648
2023-12-29 19:00:00,961.664,1730.9952
2023-12-29 20:00:00,902.528,1624.5504
2023-12-29 21:00:00,960.128,1728.2304
2023-12-29 22:00:00,788.032,1418.4576
2023-12-29 23:00:00,848.576,1527.4368
2023-12-30 00:00:00,902.72,1624.896
2023-12-30 01:00:00,848.576,1527.4368
2023-12-30 02:00:00,790.976,1423.7568
2023-12-30 03:00:00,848.576,1527.4368
2023-12-30 04:00:00,789.504,1421.1072
2023-12-30 05:00:00,961.664,1730.9952
2023-12-30 06:00:00,904.064,1627.3152
2023-12-30 07:00:00,912.128,1641.8304
2023-12-30 08:00:00,857.408,1543.3344
2023-12-30 09:00:00,956.864,1722.3552
2023-12-30 10:00:00,1145.664,2062.1952
2023-12-30 11:00:00,1203.264,2165.8752
2023-12-30 12:00:00,899.264,1618.6752
2023-12-30 13:00:00,959.744,1727.5392
2023-12-30 14:00:00,1151.424,2072.5632
2023-12-30 15:00:00,1209.024,2176.2432
2023-12-30 16:00:00,905.024,1629.0432
2023-12-30 17:00:00,970.624,1747.1232
2023-12-30 18:00:00,915.904,1648.6272
2023-12-30 19:00:00,976.384,1757.4912
2023-12-30 20:00:00,918.784,1653.8112
2023-12-30 21:00:00,976.384,1757.4912
2023-12-30 22:00:00,918.784,1653.8112
2023-12-30 23:00:00,973.504,1752.3072
2023-12-31 00:00:00,915.904,1648.6272
2023-12-31 01:00:00,973.504,1752.3072
2023-12-31 02:00:00,915.904,1648.6272
2023-12-31 03:00:00,970.624,1747.1232
2023-12-31 04:00:00,910.144,1638.2592
2023-12-31 05:00:00,967.744,1741.9392
2023-12-31 06:00:00,913.024,1643.4432
2023-12-31 07:00:00,925.504,1665.9072
2023-12-31 08:00:00,867.904,1562.2272
2023-12-31 09:00:00,959.744,1727.5392
2023-12-31 10:00:00,1145.664,2062.1952
2023-12-31 11:00:00,1206.144,2171.0592
2023-12-31 12:00:00,899.264,1618.6752
2023-12-31 13:00:00,956.864,1722.3552
2023-12-31 14:00:00,1145.664,2062.1952
2023-12-31 15:00:00,1203.264,2165.8752
2023-12-31 16:00:00,893.568,1608.4224
2023-12-31 17:00:00,959.168,1726.5024
2023-12-31 18:00:00,898.688,1617.6384
2023-12-31 19:00:00,956.288,1721.3184
2023-12-31 20:00:00,784,1411.2
2023-12-31 21:00:00,841.6,1514.88
2023-12-31 22:00:00,785.024,1413.0432
2023-12-31 23:00:00,842.624,1516.7232
